cgpa,backlogs_active,history_of_arrears,aptitude_score,technical_score,coding_score,adaptive_irt_theta,proctoring_trust_score,projects_count,internship_months,certifications_count,core_skill_match_ratio,soft_skills_score,department_tier,expected_ctc_lpa,ctc_tier,conversion_velocity
8.15,0,0,74.5,63.3,45.3,0.205,98.8,2,0,0,0.595,87.9,1,19.23,DREAM,79.3
7.45,0,0,63.1,67.5,87.5,2.011,98.1,2,0,1,0.526,25.6,3,31.23,SUPER_DREAM,86.6
8.31,0,0,63.3,76.0,33.4,-0.241,98.9,0,6,0,0.616,70.4,1,19.01,DREAM,75.4
9.28,0,0,70.8,59.0,89.1,1.186,99.9,3,0,0,0.535,67.2,3,32.47,SUPER_DREAM,97.5
7.34,0,0,75.3,76.4,18.7,-0.325,87.6,4,0,2,0.777,67.8,2,18.51,DREAM,70.7
7.34,0,0,60.8,35.9,38.9,-0.693,93.9,0,0,1,0.192,79.1,1,12.07,DREAM,64.1
9.34,0,0,53.1,90.6,100.0,2.281,96.2,1,6,2,0.707,55.8,3,42.0,SUPER_DREAM,99.0
8.44,0,1,61.4,46.6,81.3,1.193,99.8,3,1,0,0.424,47.7,2,27.55,SUPER_DREAM,85.4
7.08,0,0,45.5,61.3,40.2,-0.914,81.7,4,3,1,0.605,44.2,3,23.62,SUPER_DREAM,72.7
8.2,0,0,60.4,91.2,54.0,0.766,99.6,1,0,1,0.882,51.4,2,23.33,SUPER_DREAM,79.0
7.09,0,0,62.7,50.0,51.9,-0.466,92.7,1,2,1,0.478,75.3,2,18.89,DREAM,74.4
7.09,0,4,54.6,49.4,59.3,-0.092,97.8,0,0,1,0.375,72.6,3,18.06,DREAM,74.0
7.87,0,0,62.7,70.1,81.9,2.081,95.2,1,0,1,0.592,78.2,3,31.92,SUPER_DREAM,97.4
5.5,1,1,55.7,30.8,22.7,-1.022,84.2,1,2,0,0.3,58.1,3,10.07,CORE,53.7
5.7,0,0,33.7,63.2,4.4,-0.818,99.8,2,1,1,0.555,58.8,3,16.47,DREAM,69.1
6.98,0,0,77.2,54.5,51.6,0.114,96.0,2,2,2,0.562,89.8,3,19.06,DREAM,78.5
6.49,0,0,41.8,41.9,34.6,-0.397,99.2,2,6,1,0.347,80.3,2,19.22,DREAM,77.9
7.95,0,0,65.5,54.8,36.9,-0.825,99.5,1,0,0,0.572,76.3,2,17.32,DREAM,74.0
6.6,0,2,47.6,34.6,49.6,-0.01,93.7,2,0,1,0.371,37.6,2,15.5,DREAM,61.5
6.05,0,3,46.9,32.7,33.7,-1.08,99.7,0,2,2,0.293,94.4,2,12.5,DREAM,69.6
9.21,0,0,82.5,71.4,81.1,1.201,99.3,1,3,0,0.686,63.6,2,30.56,SUPER_DREAM,93.4
7.35,0,0,63.7,49.0,37.1,-0.254,44.0,2,2,1,0.503,67.6,3,16.53,DREAM,54.3
7.67,0,3,52.7,50.2,65.9,0.575,69.4,1,1,3,0.347,71.7,1,20.43,SUPER_DREAM,69.2
6.03,0,0,31.9,70.7,13.7,-0.649,93.8,3,2,1,0.773,67.5,3,19.78,DREAM,74.6
7.0,0,0,85.0,37.6,34.1,-1.134,99.0,1,0,0,0.459,62.4,3,14.29,DREAM,66.0
7.72,0,0,56.4,62.0,53.3,0.369,97.0,3,0,1,0.458,67.2,3,22.7,SUPER_DREAM,80.4
6.33,0,0,56.7,53.0,72.4,1.018,95.0,2,2,0,0.483,74.5,2,23.41,SUPER_DREAM,82.4
8.01,0,0,45.8,72.0,75.3,1.038,99.8,2,3,0,0.647,77.7,3,32.18,SUPER_DREAM,99.0
6.94,0,0,51.0,50.5,67.7,0.935,96.5,2,1,0,0.452,83.3,3,25.23,SUPER_DREAM,87.7
7.28,0,0,56.3,51.7,77.9,0.608,94.6,0,2,0,0.262,48.5,3,23.57,SUPER_DREAM,77.4
6.94,0,0,60.1,57.6,100.0,1.655,97.7,1,1,2,0.393,56.8,3,31.65,SUPER_DREAM,93.4
9.64,0,0,48.7,84.7,81.4,2.097,73.7,2,1,2,0.565,77.8,2,35.33,SUPER_DREAM,96.6
7.59,0,0,62.8,54.8,81.6,0.839,99.2,2,3,1,0.58,41.4,2,27.59,SUPER_DREAM,84.0
6.44,0,1,35.6,23.9,60.5,0.109,96.5,2,1,2,0.397,67.4,3,17.5,DREAM,71.6
8.5,0,0,73.9,62.0,85.0,1.882,97.8,3,0,1,0.723,53.2,3,34.75,SUPER_DREAM,97.9
6.26,0,0,35.1,27.8,72.0,0.267,94.2,0,2,1,0.192,73.3,2,19.0,DREAM,74.6
7.83,1,3,53.0,51.8,51.4,-0.08,82.6,5,2,0,0.684,52.3,1,17.6,DREAM,64.6
5.44,0,2,36.2,35.4,21.4,-1.384,98.6,1,2,2,0.393,59.6,2,13.05,DREAM,63.2
6.14,0,0,33.8,47.6,44.4,0.175,94.6,1,3,1,0.374,60.6,2,16.36,DREAM,67.8
7.82,0,0,57.5,85.9,55.5,1.266,99.6,4,0,1,0.765,68.7,2,26.16,SUPER_DREAM,87.2
8.41,2,1,54.8,60.0,71.7,1.285,97.5,0,1,0,0.374,79.4,3,19.63,DREAM,77.8
7.79,2,1,40.9,71.5,86.6,1.518,92.5,5,2,0,0.815,80.5,1,26.62,SUPER_DREAM,88.2
7.47,0,3,71.9,61.5,46.1,0.423,98.5,0,0,2,0.373,68.1,3,19.11,DREAM,75.0
7.27,0,2,42.1,73.1,46.7,0.35,98.6,1,3,0,0.61,48.4,2,21.57,SUPER_DREAM,75.2
5.97,0,0,42.6,48.8,39.8,-0.595,99.6,1,2,1,0.293,100.0,1,14.44,DREAM,73.9
6.81,0,0,62.1,35.8,42.6,-0.17,98.9,2,2,0,0.351,63.7,3,19.54,DREAM,75.0
7.09,0,0,48.6,28.9,15.7,-0.962,95.9,2,3,1,0.355,69.1,3,18.93,DREAM,74.1
8.76,0,0,62.7,75.7,59.7,0.5,96.1,1,0,1,0.601,68.6,2,23.22,SUPER_DREAM,81.3
7.98,0,0,67.5,55.4,73.1,0.489,97.8,1,2,1,0.389,70.3,2,23.64,SUPER_DREAM,82.8
5.66,0,0,55.0,23.5,58.8,-0.253,88.1,0,2,0,0.224,52.3,1,12.61,DREAM,57.9
7.96,0,0,50.5,44.8,39.7,-0.127,95.5,1,3,0,0.394,71.6,2,16.82,DREAM,71.0
7.18,1,1,55.0,56.2,30.2,-0.809,99.7,4,1,0,0.466,92.3,3,16.88,DREAM,76.5
6.86,0,0,32.8,71.5,47.8,0.433,84.0,2,1,1,0.657,34.9,2,19.14,DREAM,64.1
8.27,0,0,63.0,60.3,26.9,-0.664,99.7,3,0,0,0.568,65.5,2,17.88,DREAM,72.8
8.73,0,0,72.8,79.3,61.8,1.151,43.7,1,3,1,0.573,48.2,2,24.84,SUPER_DREAM,64.2
8.62,0,0,61.0,68.4,37.2,-0.253,97.0,1,1,0,0.473,79.8,3,18.73,DREAM,76.3
6.68,0,1,46.3,30.4,69.8,0.432,99.7,2,2,3,0.253,82.1,2,20.92,SUPER_DREAM,81.2
7.26,0,0,40.7,65.1,38.3,-0.096,95.8,3,0,1,0.653,63.1,1,17.1,DREAM,69.8
7.96,0,4,65.6,47.3,90.3,0.874,98.3,4,2,0,0.615,65.9,2,29.67,SUPER_DREAM,92.1
8.67,0,0,84.4,70.7,89.1,1.607,97.2,2,0,0,0.627,51.8,3,34.09,SUPER_DREAM,96.3
7.07,0,0,42.6,48.0,38.2,-0.974,99.9,1,3,1,0.472,29.6,3,18.75,DREAM,67.1
7.4,0,0,51.5,68.9,34.5,-0.257,99.8,1,3,2,0.589,60.9,3,21.42,SUPER_DREAM,77.8
6.38,0,0,54.9,30.4,38.1,-0.647,98.1,3,0,0,0.232,61.8,2,14.86,DREAM,66.5
6.28,0,2,62.4,49.6,38.5,-0.884,96.4,1,2,2,0.334,65.6,2,15.68,DREAM,68.2
8.49,0,0,52.0,56.7,73.2,0.057,80.9,3,2,1,0.672,15.8,3,27.93,SUPER_DREAM,74.0
9.09,0,2,73.9,67.9,60.1,-0.041,97.7,2,3,2,0.493,39.1,2,25.15,SUPER_DREAM,79.0
7.52,0,0,63.6,6.8,68.7,0.095,84.6,4,2,2,0.1,42.8,1,20.9,SUPER_DREAM,68.7
8.7,1,2,70.8,100.0,74.2,1.704,99.6,2,6,3,0.967,66.2,3,33.79,SUPER_DREAM,99.0
8.0,0,0,35.3,70.7,54.8,0.399,95.7,3,0,0,0.699,73.8,3,23.65,SUPER_DREAM,82.9
6.89,0,2,59.9,40.1,34.9,-0.369,69.8,1,0,2,0.286,47.6,2,12.43,DREAM,51.2
8.0,0,0,83.2,47.2,57.6,0.052,97.7,2,2,0,0.383,60.9,2,19.86,DREAM,74.6
9.29,0,0,79.3,70.3,61.8,0.84,98.5,0,2,1,0.542,56.3,1,24.04,SUPER_DREAM,80.9
7.56,0,0,48.2,68.2,56.8,0.575,98.9,2,0,1,0.636,95.5,2,24.72,SUPER_DREAM,90.0
9.32,0,3,72.1,51.0,78.4,0.731,98.8,2,0,1,0.503,59.2,3,29.53,SUPER_DREAM,90.7
5.0,0,0,56.2,28.0,29.7,-0.96,89.2,3,3,1,0.361,58.6,1,12.77,DREAM,59.8
8.5,0,0,81.0,93.3,98.8,2.564,96.0,3,2,3,0.731,52.8,2,40.25,SUPER_DREAM,99.0
7.7,2,2,69.6,43.8,55.0,-0.031,66.0,2,0,2,0.424,36.5,3,11.56,CORE,46.4
7.27,0,0,62.0,56.1,70.3,0.594,99.0,1,3,1,0.538,74.7,1,22.19,SUPER_DREAM,81.6
7.7,0,0,54.1,90.6,61.5,1.055,99.8,4,0,1,0.831,61.0,1,24.62,SUPER_DREAM,83.2
5.41,0,0,36.7,43.4,25.7,-1.551,87.7,0,0,0,0.352,59.2,3,11.19,CORE,56.8
7.36,0,0,57.6,57.7,51.2,0.274,84.7,3,0,1,0.552,67.7,1,19.11,DREAM,70.8
7.99,1,2,71.5,70.0,59.9,0.333,98.6,2,3,1,0.674,41.3,3,23.38,SUPER_DREAM,76.8
9.23,0,1,95.4,70.9,80.7,1.529,44.4,3,2,2,0.598,91.6,3,33.64,SUPER_DREAM,87.7
7.03,0,0,68.7,70.5,32.1,-0.154,98.6,2,0,3,0.615,37.7,3,19.22,DREAM,69.1
6.71,1,4,35.1,43.2,19.2,-1.029,99.3,2,0,0,0.459,91.6,3,13.28,DREAM,70.2
7.05,0,0,58.2,25.1,61.4,0.053,95.5,2,2,3,0.242,64.8,2,18.66,DREAM,72.7
8.61,0,0,79.9,64.2,84.4,1.039,88.1,3,2,1,0.658,59.2,2,30.6,SUPER_DREAM,89.3
7.96,0,0,72.0,49.0,74.0,0.81,98.9,1,6,0,0.401,75.1,1,26.84,SUPER_DREAM,89.4
7.02,0,0,47.6,48.3,52.0,0.105,99.9,3,2,1,0.514,59.8,3,20.11,SUPER_DREAM,75.4
8.16,0,0,100.0,61.2,76.8,0.972,97.8,1,0,1,0.434,79.0,2,24.67,SUPER_DREAM,86.3
7.71,0,3,46.7,76.5,70.3,0.862,99.1,3,2,1,0.796,69.6,2,27.25,SUPER_DREAM,89.1
8.67,1,1,58.7,80.1,83.2,1.775,91.5,1,0,0,0.545,75.7,2,28.0,SUPER_DREAM,89.2
6.83,0,0,56.1,53.8,31.5,-0.269,94.8,1,6,1,0.459,80.6,2,18.1,DREAM,74.7
7.24,0,0,82.8,54.6,32.1,-0.41,99.7,3,0,0,0.494,62.4,2,17.8,DREAM,72.1
7.17,0,1,46.7,39.0,44.0,-0.72,92.6,3,0,3,0.448,79.5,2,17.77,DREAM,73.3
5.99,0,3,41.7,10.4,36.6,-1.354,97.2,3,1,2,0.304,72.8,1,12.99,DREAM,65.4
7.93,1,2,77.2,63.8,55.8,0.43,98.7,4,0,1,0.663,85.0,1,18.21,DREAM,77.0
7.89,0,0,63.7,72.9,25.9,-0.06,99.4,1,0,0,0.324,59.5,2,14.6,DREAM,66.0
7.61,0,1,57.0,57.1,87.3,0.786,99.3,1,1,1,0.352,85.5,3,28.32,SUPER_DREAM,94.1
7.34,0,0,65.2,48.3,48.2,-0.259,99.2,1,1,1,0.225,53.4,1,15.69,DREAM,66.6
6.04,0,0,48.7,48.0,40.6,-0.442,94.5,2,1,2,0.461,34.9,2,15.53,DREAM,61.2
7.14,0,0,68.7,52.3,73.0,0.713,96.2,2,3,0,0.486,44.5,1,23.1,SUPER_DREAM,76.3
7.22,0,0,72.7,78.1,9.5,-1.045,69.9,3,1,1,0.698,60.0,3,18.62,DREAM,64.0
6.72,0,0,55.9,66.2,36.4,-0.15,99.0,1,3,1,0.473,68.9,1,15.62,DREAM,69.5
7.42,0,0,62.7,70.1,47.1,0.222,92.2,1,0,0,0.568,65.2,2,18.82,DREAM,72.1
8.04,0,0,68.0,74.1,55.5,0.335,100.0,2,0,0,0.523,76.8,2,20.94,SUPER_DREAM,80.3
9.67,2,1,87.6,63.4,78.0,1.071,95.8,1,2,1,0.58,47.0,3,22.83,SUPER_DREAM,76.2
7.79,0,0,63.6,70.0,84.6,1.274,97.5,2,0,1,0.616,90.9,2,27.68,SUPER_DREAM,93.6
7.88,0,0,63.8,67.0,71.7,1.14,99.8,1,0,3,0.453,85.2,3,26.84,SUPER_DREAM,91.7
7.52,0,0,74.5,66.2,72.5,0.732,40.5,5,3,2,0.73,79.0,3,29.28,SUPER_DREAM,76.8
5.49,0,3,58.1,42.3,31.7,-0.676,98.7,2,1,1,0.405,84.0,3,16.61,DREAM,74.1
7.57,0,0,42.6,64.6,30.7,-0.53,97.9,4,0,1,0.582,41.7,3,18.03,DREAM,67.8
7.67,0,0,61.8,97.1,19.6,-0.15,95.7,2,2,0,0.854,75.5,3,23.09,SUPER_DREAM,82.3
10.0,0,0,76.7,83.9,57.5,0.992,95.7,1,0,2,0.725,76.1,2,27.55,SUPER_DREAM,89.9
7.39,2,1,55.2,69.4,60.1,0.762,98.9,1,2,1,0.555,79.5,1,15.77,DREAM,71.9
7.93,2,4,69.1,55.7,60.8,0.311,99.5,3,0,1,0.645,77.7,3,17.2,DREAM,74.0
7.56,0,0,68.7,69.2,52.0,0.363,99.4,5,0,2,0.997,71.7,1,23.02,SUPER_DREAM,82.5
6.31,0,0,46.8,57.6,34.1,-0.76,97.1,1,0,0,0.313,71.1,2,14.1,DREAM,66.8
8.86,0,2,50.6,77.5,100.0,2.471,94.7,1,3,1,0.607,82.9,1,36.27,SUPER_DREAM,99.0
8.43,0,0,57.7,91.1,51.3,1.067,99.9,2,0,1,0.65,55.6,3,25.14,SUPER_DREAM,83.0
8.47,0,0,80.5,55.8,83.3,1.312,100.0,2,1,0,0.635,70.5,3,31.32,SUPER_DREAM,96.3
6.6,0,0,18.1,40.8,44.2,-0.836,91.5,3,0,0,0.485,56.7,1,14.72,DREAM,63.3
9.14,0,0,90.7,78.5,73.6,1.101,94.0,2,0,1,0.614,62.7,3,30.32,SUPER_DREAM,91.3
6.06,0,0,51.8,54.0,58.9,0.245,69.4,1,1,1,0.417,24.9,2,16.59,DREAM,53.4
8.25,0,0,83.2,68.2,90.3,0.993,84.6,4,1,1,0.824,51.9,2,30.93,SUPER_DREAM,87.3
10.0,0,0,82.6,100.0,80.7,2.188,99.1,2,2,2,0.856,58.5,1,33.9,SUPER_DREAM,97.9
6.51,1,3,25.4,37.4,57.5,0.408,92.9,3,3,1,0.488,58.7,3,18.49,DREAM,70.4
6.98,0,0,59.9,35.8,55.3,0.492,77.4,3,0,1,0.55,60.0,2,20.3,SUPER_DREAM,69.1
7.71,0,1,77.4,64.1,57.6,0.198,99.2,1,0,0,0.585,47.2,3,20.52,SUPER_DREAM,73.4
7.05,0,0,66.6,51.4,53.2,0.161,93.4,0,3,0,0.45,60.0,3,20.38,SUPER_DREAM,74.0
5.89,0,0,36.0,47.4,23.3,-0.454,99.3,1,6,1,0.382,81.3,3,17.08,DREAM,74.5
7.68,0,0,62.8,59.0,51.6,0.153,41.1,5,1,1,0.533,60.5,1,18.91,DREAM,56.0
6.43,2,3,42.9,41.0,31.7,-0.899,94.5,3,1,2,0.475,84.5,3,10.89,CORE,63.4
8.12,0,1,56.4,63.3,78.7,0.566,96.5,1,0,1,0.45,83.5,2,25.65,SUPER_DREAM,88.4
6.59,0,0,62.4,47.9,42.3,0.068,69.1,2,1,0,0.518,56.2,2,16.79,DREAM,60.0
9.3,1,1,63.7,73.1,53.3,0.555,44.6,2,0,1,0.49,73.5,2,18.65,DREAM,59.2
6.74,0,0,41.7,46.3,32.8,-0.808,94.5,0,6,1,0.39,45.3,2,19.07,DREAM,69.2
7.25,0,3,44.2,49.1,0.0,-1.434,84.5,2,0,0,0.478,49.2,2,14.45,DREAM,59.3
8.49,0,1,52.1,80.4,58.0,0.896,75.4,3,0,3,0.771,66.7,3,28.72,SUPER_DREAM,83.8
6.25,0,2,49.2,46.4,40.6,-0.302,99.8,1,2,1,0.434,72.6,2,15.9,DREAM,71.0
7.85,0,0,77.4,92.9,56.8,0.996,100.0,4,0,0,0.888,89.2,2,26.74,SUPER_DREAM,92.4
9.04,0,0,73.2,76.7,100.0,2.52,95.9,3,1,1,0.69,62.6,3,40.43,SUPER_DREAM,99.0
5.83,0,0,25.2,31.4,45.3,-0.551,98.2,0,6,2,0.311,67.6,1,14.8,DREAM,67.7
7.8,0,0,73.1,98.2,68.2,1.996,83.9,4,1,2,0.975,66.5,2,31.99,SUPER_DREAM,91.8
7.89,0,0,84.1,67.5,30.1,-0.079,99.8,0,3,1,0.528,91.9,2,18.04,DREAM,78.4
8.46,0,0,61.8,81.9,60.0,1.042,98.3,4,0,1,0.807,85.1,2,27.54,SUPER_DREAM,92.4
6.24,0,0,41.7,51.9,31.1,-0.562,84.0,2,0,2,0.492,70.8,3,16.86,DREAM,67.5
6.15,0,0,52.7,51.3,24.6,-0.442,68.7,3,3,2,0.538,76.9,1,14.37,DREAM,59.9
8.17,0,0,86.2,72.4,48.7,0.443,98.0,3,0,1,0.547,70.2,3,23.81,SUPER_DREAM,83.1
7.93,0,0,58.0,46.8,27.6,-1.017,83.0,1,2,1,0.277,81.1,3,18.34,DREAM,71.7
7.88,0,3,47.8,66.8,36.5,-0.358,93.5,2,1,0,0.578,77.9,1,18.85,DREAM,75.1
7.98,0,0,72.4,44.2,76.5,0.807,97.9,2,1,0,0.28,60.5,2,24.22,SUPER_DREAM,81.8
6.85,0,0,63.1,47.9,44.7,-0.474,94.2,2,2,3,0.447,66.5,3,20.36,SUPER_DREAM,75.5
7.86,1,1,63.6,51.3,50.2,0.011,94.2,1,2,3,0.347,67.4,2,14.56,DREAM,66.0
7.92,0,0,57.5,67.2,60.0,0.959,98.7,5,3,2,0.764,67.3,1,26.98,SUPER_DREAM,88.0
6.81,0,0,65.1,54.6,67.8,0.717,99.4,3,0,1,0.576,57.4,3,24.52,SUPER_DREAM,82.2
9.65,0,0,87.9,87.9,80.9,1.469,99.1,1,2,0,0.527,70.1,3,34.15,SUPER_DREAM,99.0
8.12,0,0,57.0,68.4,72.2,1.456,81.3,2,0,1,0.624,57.4,2,26.82,SUPER_DREAM,80.6
6.29,1,3,48.5,35.7,25.2,-0.865,96.1,2,2,2,0.334,56.2,3,12.69,DREAM,61.2
8.32,0,0,52.0,62.9,53.7,0.675,98.0,4,0,1,0.494,63.2,2,23.51,SUPER_DREAM,81.2
6.53,0,0,58.5,59.7,49.7,-0.495,93.3,2,1,2,0.501,69.0,2,18.62,DREAM,72.8
8.47,0,0,66.5,83.1,100.0,2.261,98.9,1,0,1,0.672,83.4,2,35.53,SUPER_DREAM,99.0
8.87,0,0,68.5,56.6,97.2,1.801,98.0,0,0,1,0.363,75.7,3,32.57,SUPER_DREAM,98.8
6.7,1,1,51.6,27.2,55.9,0.231,96.7,5,2,3,0.453,81.7,3,20.44,SUPER_DREAM,79.4
8.66,0,0,72.1,60.1,71.6,0.412,82.3,2,0,2,0.553,91.6,3,26.52,SUPER_DREAM,87.2
8.05,0,0,76.3,78.2,86.9,2.032,44.9,1,2,2,0.569,56.2,3,32.24,SUPER_DREAM,78.5
8.5,0,0,77.1,85.6,81.4,2.145,97.4,2,1,0,0.698,75.7,2,35.4,SUPER_DREAM,99.0
9.69,0,0,80.0,68.6,40.0,-0.535,97.5,1,0,3,0.434,76.3,3,19.58,DREAM,77.1
7.33,0,0,67.5,59.9,34.0,-0.138,99.8,1,0,0,0.438,68.8,3,16.27,DREAM,70.8
6.77,0,1,57.5,75.2,52.3,0.759,94.7,2,3,1,0.797,78.4,3,24.54,SUPER_DREAM,85.0
6.62,0,1,46.1,53.7,12.3,-1.156,96.9,1,6,2,0.45,66.3,1,15.54,DREAM,68.2
6.7,0,2,50.5,68.6,29.3,-0.396,98.4,2,0,0,0.622,75.1,3,19.16,DREAM,76.5
7.52,1,2,58.4,71.6,42.6,0.411,96.6,2,0,1,0.57,43.8,3,14.74,DREAM,62.3
7.98,0,0,70.8,50.0,56.1,-0.002,99.6,2,0,1,0.438,65.0,3,21.15,SUPER_DREAM,78.1
7.9,0,0,59.6,59.3,54.7,0.261,94.9,2,2,1,0.517,75.6,1,19.11,DREAM,75.5
8.51,2,1,65.4,69.1,61.9,0.983,99.6,2,2,3,0.674,80.4,3,21.29,SUPER_DREAM,81.5
7.61,0,1,84.8,60.2,71.2,1.367,93.8,1,0,2,0.577,52.1,2,24.77,SUPER_DREAM,79.8
9.2,0,1,88.3,89.0,70.6,1.56,98.5,2,0,0,0.707,63.8,3,32.09,SUPER_DREAM,95.8
7.31,0,0,49.0,61.1,45.8,0.136,96.1,1,3,0,0.486,49.1,3,20.48,SUPER_DREAM,72.8
10.0,0,0,91.9,43.9,60.7,0.044,97.5,2,1,3,0.408,59.2,3,24.34,SUPER_DREAM,81.6
8.29,0,1,69.3,47.8,82.9,0.64,90.7,2,2,1,0.516,69.7,2,25.6,SUPER_DREAM,83.8
6.66,1,1,56.3,17.6,32.8,-0.831,99.8,2,0,0,0.281,80.5,2,12.06,DREAM,66.2
6.42,1,4,50.9,48.1,22.5,-0.909,94.7,2,2,1,0.449,78.6,2,12.56,DREAM,65.1
8.13,0,0,80.6,67.8,66.4,1.193,99.8,2,1,0,0.675,68.3,1,25.39,SUPER_DREAM,85.9
7.35,0,0,62.7,59.9,39.4,-0.218,83.5,1,1,0,0.52,55.2,3,19.4,DREAM,68.4
8.39,0,0,68.1,53.8,56.2,0.066,99.4,2,2,1,0.435,62.9,3,23.02,SUPER_DREAM,80.8
8.12,1,1,78.7,73.8,67.1,1.114,97.7,5,1,1,0.817,100.0,2,27.04,SUPER_DREAM,94.4
7.52,0,0,63.0,67.7,49.4,0.313,99.7,1,1,1,0.52,44.0,3,21.32,SUPER_DREAM,74.3
6.67,0,0,53.1,30.8,86.6,0.353,94.8,1,0,1,0.196,46.9,1,17.92,DREAM,67.7
5.93,0,4,48.1,19.7,34.9,-0.514,98.8,1,6,2,0.18,67.6,1,14.87,DREAM,67.9
7.11,0,0,55.0,53.2,61.4,0.219,99.1,2,3,1,0.583,75.6,3,25.76,SUPER_DREAM,87.8
8.54,1,1,70.5,94.0,32.6,0.636,96.5,2,1,1,0.866,78.0,2,21.55,SUPER_DREAM,80.4
7.84,0,0,56.3,85.0,43.5,0.758,96.4,3,0,1,0.848,69.3,3,26.22,SUPER_DREAM,86.5
6.23,1,1,38.3,51.4,20.2,-1.244,99.8,2,0,1,0.542,42.2,3,13.39,DREAM,60.7
7.79,0,0,50.9,50.5,41.3,-0.552,96.7,1,3,2,0.43,61.7,1,16.02,DREAM,68.0
8.02,0,2,48.5,75.7,68.8,0.986,98.3,5,3,1,0.782,38.5,2,29.83,SUPER_DREAM,86.9
6.63,0,2,40.7,41.6,63.2,-0.033,98.6,1,0,0,0.396,70.9,3,17.83,DREAM,73.5
7.77,0,0,60.6,49.7,64.4,0.945,94.8,1,2,1,0.276,71.8,3,27.66,SUPER_DREAM,88.9
7.66,0,0,62.9,29.3,52.9,-0.388,92.3,1,2,0,0.211,63.1,3,19.18,DREAM,72.3
6.34,0,0,45.2,46.2,29.8,-0.416,99.9,1,0,1,0.472,47.3,3,13.41,DREAM,61.8
7.99,0,0,36.7,54.1,81.0,1.165,99.3,3,1,0,0.519,52.7,2,27.23,SUPER_DREAM,85.7
8.22,0,2,86.1,66.7,100.0,1.914,99.8,2,2,1,0.638,40.7,2,35.25,SUPER_DREAM,96.8
8.79,0,0,86.0,39.5,72.9,0.49,93.5,3,0,1,0.428,64.2,2,23.33,SUPER_DREAM,79.8
8.76,0,0,77.9,73.7,87.0,1.956,97.9,3,0,2,0.74,100.0,3,37.41,SUPER_DREAM,99.0
6.08,0,0,68.7,7.9,44.2,-1.264,95.6,1,0,1,0.1,63.5,3,13.85,DREAM,64.4
6.57,0,1,39.0,62.5,57.4,0.99,82.4,2,3,0,0.659,58.7,3,25.37,SUPER_DREAM,78.7
8.17,1,3,89.3,72.1,42.0,-0.182,63.5,2,2,2,0.536,68.3,1,14.2,DREAM,56.4
8.17,0,0,55.1,60.9,54.2,0.579,82.1,4,1,1,0.557,47.7,3,24.12,SUPER_DREAM,74.4
8.17,0,0,69.5,72.7,70.1,0.636,44.3,0,2,0,0.606,48.3,3,24.01,SUPER_DREAM,63.0
10.0,0,0,69.7,71.3,100.0,1.831,93.4,2,6,1,0.619,55.7,3,42.0,SUPER_DREAM,99.0
8.23,0,0,67.5,66.5,49.0,0.329,98.8,4,0,0,0.681,78.3,3,23.33,SUPER_DREAM,84.2
8.85,0,0,78.1,83.5,34.6,0.061,98.3,1,0,1,0.77,70.0,1,18.42,DREAM,74.2
8.65,0,0,69.6,26.8,59.8,-0.223,68.3,1,0,2,0.306,62.6,3,19.68,DREAM,65.8
8.32,0,0,76.7,60.2,83.0,0.778,82.6,2,3,1,0.506,76.2,2,29.91,SUPER_DREAM,89.9
7.25,0,0,58.7,54.5,23.5,-1.001,99.8,2,1,1,0.491,90.6,1,17.21,DREAM,76.8
8.43,0,0,63.1,65.0,45.0,0.301,97.3,2,2,0,0.661,76.0,1,19.02,DREAM,76.1
6.75,0,0,45.7,69.6,48.8,0.366,99.7,3,0,0,0.59,49.7,3,21.79,SUPER_DREAM,76.2
7.34,0,0,68.1,40.0,51.0,-0.378,69.9,2,1,3,0.515,36.7,3,18.65,DREAM,59.4
7.07,0,1,47.8,44.0,60.5,0.593,98.5,2,0,1,0.393,38.8,2,19.76,DREAM,70.3
7.69,1,1,72.9,32.8,35.2,-1.156,98.3,1,1,1,0.22,78.0,1,10.51,CORE,62.6
10.0,0,0,99.7,100.0,79.2,1.766,99.9,3,0,1,0.967,53.6,2,35.27,SUPER_DREAM,99.0
5.55,0,0,20.4,32.6,53.1,-0.409,43.6,3,1,0,0.467,77.3,3,15.0,DREAM,53.5
8.35,0,1,82.1,60.8,43.8,0.213,98.5,1,2,3,0.343,58.2,3,21.98,SUPER_DREAM,77.8
5.83,0,3,68.0,38.4,61.5,0.126,99.9,2,3,0,0.38,70.8,2,19.13,DREAM,76.0
7.08,0,0,58.8,61.8,30.8,-0.374,97.5,3,0,1,0.524,75.5,3,20.03,SUPER_DREAM,77.7
8.8,0,0,80.2,76.6,85.9,1.055,99.5,2,2,2,0.72,53.3,3,34.33,SUPER_DREAM,97.7
7.67,0,0,74.2,96.4,50.3,1.199,96.8,2,3,2,0.933,77.3,2,27.58,SUPER_DREAM,90.5
6.41,0,0,45.8,51.9,21.4,-0.886,99.3,2,0,2,0.526,55.1,2,15.08,DREAM,65.9
6.81,0,0,55.3,43.4,37.8,-0.462,98.7,1,2,2,0.303,54.5,3,17.77,DREAM,70.1
8.35,0,0,52.7,59.0,75.0,0.704,95.6,2,2,1,0.604,77.3,3,29.84,SUPER_DREAM,93.9
6.8,0,0,54.6,44.3,46.4,-0.493,96.7,3,0,2,0.486,74.5,3,20.05,SUPER_DREAM,77.3
7.84,0,0,69.4,40.2,79.2,1.129,97.0,2,0,3,0.395,71.9,3,25.83,SUPER_DREAM,86.5
7.65,0,0,67.7,59.7,82.6,0.642,69.7,2,0,1,0.499,48.5,1,23.83,SUPER_DREAM,70.3
6.88,0,0,66.6,61.7,26.3,-0.793,99.9,1,2,1,0.5,59.2,2,14.9,DREAM,66.7
9.96,0,0,75.3,76.0,61.9,1.32,98.1,1,0,1,0.586,75.3,3,28.28,SUPER_DREAM,91.6
8.3,0,0,61.6,55.0,41.1,0.024,98.9,0,0,0,0.192,99.3,2,16.0,DREAM,76.2
5.37,0,0,61.5,55.3,13.3,-1.093,95.2,0,2,0,0.389,92.2,3,14.68,DREAM,71.5
7.81,0,2,61.2,40.9,78.5,1.048,99.1,2,0,0,0.395,58.0,2,24.55,SUPER_DREAM,82.3
6.87,0,0,56.1,21.6,57.6,-0.207,98.9,2,0,2,0.299,55.1,3,17.49,DREAM,69.9
8.54,0,1,69.6,52.8,57.6,0.355,98.5,1,0,1,0.269,90.9,3,22.8,SUPER_DREAM,85.7
6.73,0,2,42.4,27.4,45.5,-0.517,96.8,5,6,2,0.533,74.0,3,25.14,SUPER_DREAM,85.7
7.47,0,0,79.2,62.6,80.0,1.291,99.4,2,0,2,0.561,58.0,3,28.41,SUPER_DREAM,88.8
8.16,0,0,60.2,59.7,97.2,1.761,79.3,3,0,1,0.637,66.9,3,35.7,SUPER_DREAM,96.7
8.55,0,0,57.0,66.0,72.3,1.648,98.4,1,0,0,0.392,46.3,2,26.93,SUPER_DREAM,83.7
6.28,0,2,42.4,60.2,0.0,-1.354,91.3,1,0,1,0.383,80.1,3,16.27,DREAM,70.5
7.23,0,3,33.3,44.9,57.1,0.062,98.5,2,2,3,0.284,86.0,2,19.54,DREAM,79.3
7.08,0,1,48.0,63.7,66.8,0.406,97.0,0,6,2,0.458,88.1,2,23.82,SUPER_DREAM,86.4
6.88,0,0,42.2,71.9,51.6,0.47,99.9,0,2,2,0.475,81.9,2,19.82,DREAM,79.4
9.54,0,0,87.8,73.6,92.6,2.308,96.8,1,1,2,0.564,60.2,3,35.86,SUPER_DREAM,99.0
8.05,0,0,57.4,73.8,68.0,1.311,83.5,1,0,1,0.465,78.4,3,26.32,SUPER_DREAM,84.6
6.21,0,0,57.8,40.0,17.3,-1.344,98.8,2,0,0,0.303,86.9,1,12.04,DREAM,67.1
8.61,0,0,87.9,82.6,52.4,0.733,99.8,3,0,0,0.559,79.2,2,24.04,SUPER_DREAM,85.8
9.93,0,0,93.7,62.3,78.4,0.71,97.3,2,2,1,0.448,77.8,2,29.38,SUPER_DREAM,93.7
8.74,0,1,69.8,48.1,89.0,0.841,99.7,1,1,1,0.344,67.9,3,28.93,SUPER_DREAM,91.7
5.93,0,0,46.0,34.7,22.4,-1.09,99.6,3,0,2,0.375,51.4,3,14.3,DREAM,64.0
7.07,0,0,37.4,40.3,58.0,-0.102,99.7,1,0,1,0.337,92.8,2,16.2,DREAM,75.5
8.99,0,0,73.3,66.7,78.4,0.872,100.0,3,0,0,0.708,64.5,3,31.25,SUPER_DREAM,95.0
6.82,0,2,42.9,47.0,75.4,0.849,92.8,4,2,2,0.514,83.2,2,27.82,SUPER_DREAM,90.9
8.09,0,1,74.2,74.1,61.3,0.796,99.4,1,1,1,0.617,100.0,2,25.24,SUPER_DREAM,91.9
8.45,0,0,100.0,62.3,34.8,-0.68,99.7,1,2,0,0.558,78.6,2,20.26,SUPER_DREAM,79.4
6.58,0,0,56.8,35.9,55.6,-0.737,99.2,5,2,3,0.643,82.6,2,21.29,SUPER_DREAM,81.8
7.53,0,0,36.5,53.0,93.9,1.205,98.6,1,0,1,0.47,51.0,2,27.79,SUPER_DREAM,86.1
5.0,2,2,30.7,19.2,37.8,-1.457,98.6,1,6,1,0.2,54.1,2,6.98,CORE,52.0
6.47,0,0,51.2,33.1,28.5,-1.543,69.1,2,0,3,0.265,84.0,2,13.43,DREAM,59.9
7.32,0,0,59.3,33.0,33.4,-0.5,98.6,1,0,0,0.313,56.8,3,15.37,DREAM,66.6
6.23,0,0,38.5,44.5,22.6,-0.963,98.9,5,3,2,0.581,44.9,2,17.22,DREAM,67.3
9.4,0,0,81.9,70.4,100.0,1.828,96.5,0,0,2,0.603,40.1,2,33.46,SUPER_DREAM,92.7
6.03,0,1,30.4,54.8,31.4,-0.517,99.9,2,1,0,0.511,61.8,2,14.74,DREAM,66.9
7.12,0,0,44.8,33.0,38.5,-1.027,95.9,2,3,1,0.338,61.6,2,17.56,DREAM,70.4
7.74,0,0,70.2,52.6,55.1,0.327,99.4,2,2,2,0.601,80.0,3,23.35,SUPER_DREAM,84.7
9.19,0,0,64.7,100.0,69.5,1.546,97.4,2,0,2,0.781,50.2,3,31.8,SUPER_DREAM,92.3
6.02,0,0,51.7,28.1,65.5,-0.202,99.0,5,2,2,0.496,85.7,2,22.19,SUPER_DREAM,83.8
8.88,1,3,57.4,69.4,53.3,0.304,99.3,4,3,0,0.886,46.8,1,20.59,SUPER_DREAM,73.5
7.61,0,0,82.3,41.7,77.6,0.293,83.1,2,1,0,0.433,47.2,2,22.63,SUPER_DREAM,72.1
6.52,0,2,40.9,27.8,45.4,-0.702,97.1,2,2,1,0.405,67.1,1,14.44,DREAM,66.6
8.11,1,1,63.4,85.9,84.0,1.666,93.8,0,6,1,0.721,65.8,2,31.29,SUPER_DREAM,93.5
7.82,0,0,67.2,63.4,87.3,1.258,98.7,2,6,3,0.52,73.7,1,33.17,SUPER_DREAM,99.0
6.94,0,0,47.6,53.2,49.8,0.075,94.9,1,1,1,0.505,47.4,2,17.22,DREAM,66.6
7.68,0,0,63.5,35.7,51.5,-0.266,94.8,3,0,1,0.403,70.3,3,20.35,SUPER_DREAM,76.4
7.18,0,1,63.7,59.0,52.3,0.318,91.2,1,2,0,0.636,39.8,1,16.9,DREAM,63.5
7.72,0,0,73.8,76.2,56.0,0.986,84.0,3,0,0,0.829,32.1,1,22.93,SUPER_DREAM,69.8
8.33,0,0,77.8,82.7,35.1,0.385,92.1,2,2,0,0.758,92.4,3,24.17,SUPER_DREAM,86.4
9.34,0,0,76.4,87.1,100.0,2.529,94.2,4,0,1,0.934,80.7,1,40.78,SUPER_DREAM,99.0
6.24,2,1,45.6,27.8,44.3,-0.87,97.4,2,2,0,0.259,64.9,3,9.84,CORE,58.6
9.95,0,0,100.0,88.8,63.4,1.026,98.5,3,0,2,0.939,34.7,2,28.46,SUPER_DREAM,83.9
5.45,0,0,50.9,44.3,0.0,-1.417,98.8,2,3,1,0.358,58.1,2,12.63,DREAM,62.3
7.43,0,0,48.3,31.6,12.3,-1.297,99.9,5,0,2,0.554,71.7,3,18.95,DREAM,75.9
8.25,0,0,68.7,50.0,77.8,0.632,93.3,3,0,1,0.473,58.1,2,25.05,SUPER_DREAM,81.4
7.91,0,1,60.1,74.4,48.8,0.635,96.4,3,2,1,0.77,88.4,3,27.41,SUPER_DREAM,92.3
6.92,0,0,52.5,63.3,39.8,-0.323,96.8,1,1,1,0.643,74.4,3,19.3,DREAM,76.1
7.37,1,1,44.0,34.4,62.2,0.2,99.3,2,1,3,0.397,51.2,2,15.93,DREAM,66.6
7.06,0,0,50.6,63.8,40.4,-0.02,99.3,1,3,2,0.532,41.1,1,17.13,DREAM,66.6
6.95,0,0,76.3,52.8,58.3,-0.112,98.3,0,2,1,0.361,78.1,3,21.11,SUPER_DREAM,80.3
8.53,0,0,77.3,79.8,69.1,1.04,96.3,3,2,1,0.747,77.6,2,28.47,SUPER_DREAM,91.8
7.99,0,0,35.0,54.0,59.4,1.017,94.5,1,0,0,0.411,76.3,2,21.4,SUPER_DREAM,79.3
6.84,0,0,68.0,59.2,18.7,-0.692,69.4,2,2,2,0.665,90.3,2,19.19,DREAM,70.9
8.59,0,0,84.0,81.3,53.3,1.416,83.1,1,0,3,0.693,71.9,2,24.34,SUPER_DREAM,79.9
7.94,0,0,60.1,57.4,71.1,0.348,97.4,1,1,0,0.434,66.4,1,21.66,SUPER_DREAM,78.6
8.49,0,0,78.5,68.7,54.7,0.739,99.5,1,3,1,0.546,76.5,2,25.59,SUPER_DREAM,87.8
8.29,0,0,57.6,57.1,86.2,0.469,99.0,2,1,1,0.753,83.5,1,26.7,SUPER_DREAM,90.9
6.69,0,2,46.2,71.7,87.5,1.559,99.6,1,6,2,0.584,75.3,2,32.83,SUPER_DREAM,99.0
6.98,0,0,72.8,50.1,60.6,0.511,97.6,2,2,0,0.587,65.5,2,21.62,SUPER_DREAM,78.4
8.42,0,0,66.0,54.7,92.9,1.634,66.0,0,2,0,0.337,79.5,2,31.99,SUPER_DREAM,89.0
8.27,0,0,45.3,56.0,77.2,0.696,65.8,4,2,0,0.67,66.4,3,29.75,SUPER_DREAM,82.6
7.58,0,1,60.0,60.1,46.3,0.403,92.8,5,1,0,0.671,57.7,3,23.59,SUPER_DREAM,78.7
7.73,1,1,61.3,70.6,61.4,0.592,99.1,2,0,2,0.571,66.8,2,19.85,DREAM,76.2
9.01,0,0,89.4,55.4,100.0,1.558,97.8,1,0,0,0.511,60.2,3,34.5,SUPER_DREAM,98.9
6.95,0,2,54.7,77.3,39.0,0.085,96.0,1,0,1,0.53,63.7,2,16.88,DREAM,69.7
8.2,0,0,62.0,69.5,44.7,-0.109,98.0,4,6,2,0.631,52.3,2,25.61,SUPER_DREAM,82.6
7.38,0,0,71.3,62.7,33.1,0.218,98.9,2,0,0,0.614,80.0,2,17.55,DREAM,74.9
7.36,0,2,60.1,54.6,49.4,0.089,95.0,2,2,0,0.463,68.2,2,18.99,DREAM,73.8
8.81,0,2,64.1,72.2,52.6,0.849,96.4,4,2,3,0.723,75.7,3,28.42,SUPER_DREAM,91.4
8.51,0,0,83.9,66.5,97.2,2.06,90.7,4,2,1,0.561,72.2,2,37.64,SUPER_DREAM,99.0
8.49,1,2,72.3,82.7,70.8,0.988,95.3,3,2,0,0.657,51.5,3,26.79,SUPER_DREAM,83.5
9.04,0,0,75.4,74.3,90.9,2.078,94.0,3,0,1,0.718,84.8,1,32.58,SUPER_DREAM,99.0
7.62,2,2,63.4,69.6,51.1,0.576,96.1,4,3,3,0.708,61.6,1,16.39,DREAM,68.5
8.35,0,0,55.7,60.8,44.7,-0.256,98.3,4,3,0,0.738,59.6,2,23.42,SUPER_DREAM,80.4
7.26,0,0,51.3,57.6,28.5,-0.358,99.9,2,2,2,0.451,68.2,3,19.44,DREAM,76.0
7.96,0,0,64.6,51.3,44.1,-0.457,98.0,5,3,0,0.646,68.5,3,25.12,SUPER_DREAM,85.0
7.46,0,0,57.2,74.1,60.7,1.285,98.7,3,0,1,0.702,100.0,1,26.1,SUPER_DREAM,93.1
7.71,0,0,77.3,48.1,66.8,0.711,99.4,2,0,2,0.44,73.9,3,23.07,SUPER_DREAM,83.0
8.25,0,0,70.2,61.3,74.9,0.951,38.0,2,2,0,0.597,57.7,2,25.35,SUPER_DREAM,65.2
6.7,0,0,62.3,44.3,18.6,-0.677,99.9,3,3,1,0.403,93.5,3,19.62,DREAM,81.4
9.9,0,0,84.1,79.0,83.8,1.119,79.2,2,0,1,0.714,40.5,2,31.27,SUPER_DREAM,84.0
6.49,0,0,62.6,56.5,24.5,-0.86,99.7,3,1,1,0.667,57.8,2,16.45,DREAM,68.9
6.26,0,0,52.4,39.5,47.4,-0.364,99.1,1,0,0,0.27,56.7,2,13.31,DREAM,63.2
8.87,0,0,73.9,92.1,80.1,2.417,98.9,4,6,1,0.917,64.9,2,40.33,SUPER_DREAM,99.0
8.47,0,1,69.5,56.7,45.6,-0.32,97.4,2,2,1,0.546,70.2,1,17.75,DREAM,72.8
8.29,1,2,56.4,68.5,81.9,0.814,99.5,1,0,0,0.587,71.5,2,22.17,SUPER_DREAM,81.1
8.29,0,1,74.0,55.3,100.0,1.174,91.4,4,6,1,0.628,71.3,2,37.04,SUPER_DREAM,99.0
7.59,0,0,60.4,64.3,71.1,1.191,92.2,1,0,3,0.624,74.4,3,26.65,SUPER_DREAM,87.0
6.61,0,1,45.1,47.5,41.4,-0.485,96.9,3,1,0,0.681,64.1,1,17.01,DREAM,70.2
7.68,0,0,75.1,57.3,51.5,0.144,99.8,1,0,1,0.511,84.3,2,17.72,DREAM,76.3
6.86,0,0,38.5,67.0,43.5,0.375,98.7,4,0,0,0.734,40.8,2,19.01,DREAM,69.5
8.67,0,0,66.7,61.2,55.4,0.339,94.2,1,0,0,0.49,26.7,1,17.29,DREAM,62.4
7.44,2,1,71.7,65.0,58.8,0.626,99.4,1,0,0,0.41,76.1,2,14.38,DREAM,69.0
6.69,0,0,55.7,37.8,24.8,-0.838,99.7,4,3,1,0.391,60.0,3,20.11,SUPER_DREAM,75.4
7.25,0,0,56.9,56.3,17.9,-0.965,98.7,1,1,0,0.362,90.8,1,14.47,DREAM,71.9
8.05,0,0,68.6,46.9,65.6,0.355,94.7,4,0,1,0.589,80.6,3,26.81,SUPER_DREAM,89.2
6.98,1,2,57.0,42.5,49.1,-0.103,68.7,3,2,3,0.462,73.8,3,18.79,DREAM,66.7
6.7,0,0,33.8,47.5,35.1,-0.238,99.0,1,2,0,0.515,57.7,3,16.54,DREAM,68.8
7.87,0,0,59.5,87.0,36.3,0.091,92.9,2,6,2,0.528,75.1,3,24.88,SUPER_DREAM,84.4
7.87,0,0,83.1,63.0,64.6,-0.207,94.5,1,1,0,0.504,59.1,1,20.0,SUPER_DREAM,73.5
7.04,0,0,47.5,75.6,31.7,0.167,99.9,2,2,0,0.684,65.9,3,18.31,DREAM,73.7
7.08,0,0,52.0,56.0,47.5,0.322,69.7,2,0,0,0.584,60.1,3,19.74,DREAM,65.8
7.86,0,0,57.1,56.0,91.0,1.411,99.7,2,0,1,0.523,68.9,3,31.86,SUPER_DREAM,96.8
6.01,1,2,44.0,62.6,48.8,0.297,94.8,5,1,0,0.768,61.2,2,17.45,DREAM,69.8
6.05,0,0,38.5,47.7,13.0,-1.326,99.3,1,1,2,0.408,80.0,3,15.34,DREAM,71.4
6.81,0,0,58.9,40.9,23.8,-0.819,99.5,2,1,0,0.442,71.8,3,14.88,DREAM,69.0
7.37,0,0,61.0,62.6,56.1,0.692,98.4,2,2,1,0.557,57.4,2,22.84,SUPER_DREAM,79.1
7.94,0,0,73.7,58.3,35.5,-0.251,84.2,1,1,1,0.637,58.3,3,18.82,DREAM,68.3
9.22,0,0,64.6,48.6,39.6,0.409,94.0,3,6,0,0.566,45.9,2,25.37,SUPER_DREAM,79.7
8.54,0,0,66.4,82.1,77.1,0.986,94.3,2,6,1,0.71,35.7,1,29.75,SUPER_DREAM,85.0
7.42,0,0,56.5,72.0,59.9,0.785,99.7,4,1,0,0.685,79.0,2,26.98,SUPER_DREAM,90.7
7.58,0,1,66.3,84.1,64.1,0.752,99.0,2,2,0,0.681,59.7,3,27.02,SUPER_DREAM,86.7
6.5,0,0,40.5,52.4,47.7,0.243,99.4,2,1,2,0.607,46.7,2,18.06,DREAM,69.3
7.58,0,0,71.8,54.9,54.8,-0.233,98.4,3,0,1,0.365,71.7,2,21.33,SUPER_DREAM,79.4
7.28,0,1,72.1,66.8,40.5,-0.35,97.3,3,6,2,0.652,54.2,1,20.72,SUPER_DREAM,74.6
7.95,0,0,52.7,74.4,69.8,0.891,91.6,3,0,0,0.699,64.0,3,27.93,SUPER_DREAM,86.8
6.69,0,1,46.0,71.5,72.8,1.195,98.6,1,1,1,0.601,45.6,3,25.14,SUPER_DREAM,80.6
8.17,0,0,60.3,64.3,54.0,0.228,91.1,2,0,0,0.591,74.7,2,20.44,SUPER_DREAM,76.4
9.29,0,0,100.0,74.8,58.1,0.563,81.9,2,2,1,0.765,66.3,1,25.15,SUPER_DREAM,79.8
7.48,0,1,54.6,47.3,34.3,-0.579,99.7,2,0,1,0.459,72.5,2,16.12,DREAM,71.3
8.04,0,0,85.6,71.0,45.9,0.224,94.4,2,3,0,0.612,58.6,3,25.56,SUPER_DREAM,82.6
8.36,0,0,53.4,45.3,69.0,0.92,97.8,3,0,1,0.573,68.7,1,25.39,SUPER_DREAM,85.4
7.16,0,1,44.7,64.6,12.4,-0.63,62.6,0,3,0,0.575,43.2,3,16.62,DREAM,55.1
7.85,0,0,55.2,69.5,67.1,0.805,99.1,1,6,2,0.602,99.1,3,28.54,SUPER_DREAM,97.1
7.61,0,0,51.0,66.9,68.0,1.507,99.5,1,2,1,0.61,71.2,1,24.87,SUPER_DREAM,85.5
7.71,0,0,58.9,61.7,25.1,-0.364,95.9,1,2,1,0.475,90.6,3,20.12,SUPER_DREAM,80.4
6.75,1,1,44.0,70.7,28.4,-0.525,84.6,1,0,2,0.565,61.0,3,12.4,DREAM,58.2
7.63,1,2,51.4,71.1,58.0,0.738,92.6,3,3,0,0.797,49.3,1,22.28,SUPER_DREAM,74.8
8.15,0,0,80.4,56.1,60.2,0.589,99.9,5,2,1,0.735,57.6,2,27.24,SUPER_DREAM,86.9
9.2,0,0,91.6,67.9,84.7,1.193,100.0,2,0,0,0.576,64.3,2,28.94,SUPER_DREAM,91.1
8.66,0,2,82.9,57.9,66.3,0.332,98.8,2,1,0,0.528,63.3,1,21.73,SUPER_DREAM,78.5
9.97,0,0,91.0,92.4,100.0,2.373,92.9,3,0,0,0.91,92.9,2,40.52,SUPER_DREAM,99.0
6.76,0,0,53.7,35.3,40.3,-0.693,94.7,1,2,1,0.397,52.2,3,16.28,DREAM,66.0
8.56,0,1,64.6,84.3,50.0,1.131,97.1,1,0,1,0.583,55.9,1,20.76,SUPER_DREAM,74.9
7.8,1,1,51.6,79.3,39.5,0.493,99.7,2,2,0,0.704,75.7,3,19.75,DREAM,78.0
10.0,0,2,89.4,72.7,98.2,1.709,98.5,2,2,0,0.628,41.2,1,34.97,SUPER_DREAM,96.1
6.71,0,0,38.0,46.2,46.1,-0.066,99.3,3,0,0,0.498,64.4,3,19.86,DREAM,75.8
6.68,0,0,39.8,48.7,56.5,0.549,67.2,4,3,0,0.687,67.1,2,23.91,SUPER_DREAM,73.4
6.94,0,0,68.2,63.7,59.3,0.136,96.7,2,2,1,0.547,71.5,2,21.6,SUPER_DREAM,79.3
5.26,0,0,60.4,55.4,0.0,-1.698,99.9,2,1,1,0.462,70.2,1,11.9,CORE,63.8
7.02,0,0,59.9,28.6,28.7,-1.068,44.6,1,3,1,0.195,94.8,2,12.82,DREAM,53.7
6.76,1,1,65.9,45.0,27.8,-0.756,95.5,2,3,2,0.421,51.7,3,15.64,DREAM,65.1
7.77,0,0,59.7,56.7,43.5,-0.077,98.9,4,2,1,0.578,55.3,3,22.33,SUPER_DREAM,78.0
7.98,0,1,48.7,43.1,53.1,-0.136,98.7,2,0,1,0.353,74.1,3,19.67,DREAM,77.2
9.66,0,0,89.0,74.5,99.0,1.861,99.6,1,1,0,0.51,68.4,3,37.4,SUPER_DREAM,99.0
8.65,0,0,78.3,76.1,90.3,1.847,89.4,2,3,0,0.586,70.3,2,37.19,SUPER_DREAM,99.0
6.97,0,0,55.5,47.7,43.3,0.094,79.9,2,2,2,0.393,43.9,1,15.54,DREAM,58.6
6.61,0,0,48.2,26.1,39.8,-0.928,100.0,2,1,3,0.335,97.7,2,14.14,DREAM,73.1
8.14,0,0,78.0,100.0,50.0,1.731,98.4,2,6,2,0.663,71.8,2,31.2,SUPER_DREAM,95.9
6.15,0,3,34.6,46.4,40.4,0.227,95.9,3,0,0,0.448,41.3,2,16.56,DREAM,64.6
9.61,2,1,71.9,82.3,84.0,2.066,98.9,2,0,0,0.688,74.2,2,26.6,SUPER_DREAM,88.8
8.9,0,0,61.9,57.5,86.3,1.425,98.9,3,3,1,0.674,48.4,2,32.69,SUPER_DREAM,93.8
7.08,0,0,56.9,56.6,64.4,1.165,99.0,4,0,2,0.616,78.9,2,24.04,SUPER_DREAM,85.6
5.72,0,3,29.1,35.6,0.0,-1.876,94.9,4,0,0,0.477,45.3,2,13.71,DREAM,60.4
9.09,0,0,67.7,48.5,71.3,0.361,96.9,1,3,2,0.393,80.1,2,27.19,SUPER_DREAM,90.4
7.47,0,0,51.3,42.2,79.6,0.575,98.8,2,2,1,0.27,46.7,1,24.2,SUPER_DREAM,79.3
8.96,0,0,71.5,84.7,64.7,0.833,98.5,3,2,2,0.826,50.4,1,27.55,SUPER_DREAM,85.5
5.85,0,3,25.6,66.5,55.7,0.537,99.4,1,2,1,0.575,67.1,1,17.71,DREAM,72.8
6.94,0,0,55.5,56.5,42.8,0.003,96.9,3,0,1,0.641,55.8,3,19.72,DREAM,73.1
7.61,0,0,76.0,74.1,59.4,0.825,96.8,1,1,0,0.779,56.7,2,22.97,SUPER_DREAM,78.7
7.65,0,3,63.1,57.0,36.4,-0.273,83.4,3,2,2,0.475,42.1,2,18.45,DREAM,64.2
7.1,0,0,74.5,51.9,30.5,-0.507,95.3,1,0,2,0.305,60.1,2,14.38,DREAM,64.6
8.29,0,0,83.9,81.4,77.5,1.974,99.8,3,2,2,0.806,78.3,2,34.61,SUPER_DREAM,99.0
6.43,0,0,58.6,69.0,58.0,0.805,91.9,1,0,0,0.516,93.2,2,20.14,SUPER_DREAM,79.8
7.44,2,2,60.3,75.1,54.8,0.922,98.4,2,0,1,0.567,77.4,1,13.9,DREAM,68.2
7.73,0,0,62.6,45.1,35.7,-0.469,99.5,1,0,3,0.353,75.3,1,13.88,DREAM,68.0
8.17,1,4,75.8,63.9,63.8,0.206,99.7,1,1,1,0.458,39.7,2,18.41,DREAM,68.5
8.38,0,0,64.1,71.1,88.2,1.024,69.3,5,3,0,0.936,64.6,1,34.35,SUPER_DREAM,90.9
6.36,0,0,26.0,41.4,72.7,1.134,81.1,1,1,2,0.53,55.2,2,21.35,SUPER_DREAM,71.0
5.91,0,4,50.0,45.5,30.2,-0.843,96.9,2,0,0,0.307,42.3,3,14.22,DREAM,61.2
9.01,0,0,61.5,85.5,43.2,0.322,97.9,3,0,0,0.661,45.9,3,25.2,SUPER_DREAM,80.6
7.97,0,0,53.1,76.7,75.7,1.378,99.8,1,1,1,0.536,75.0,3,28.73,SUPER_DREAM,92.8
6.78,0,0,52.8,73.1,41.4,0.369,93.8,1,0,0,0.517,56.6,2,18.44,DREAM,70.2
9.31,0,0,76.9,72.8,93.6,1.968,99.3,1,0,0,0.507,42.9,2,33.53,SUPER_DREAM,94.2
7.73,0,0,45.3,40.9,62.8,0.734,98.1,2,2,1,0.391,55.5,2,24.24,SUPER_DREAM,80.9
8.9,0,0,76.0,77.9,55.9,1.184,91.7,4,2,1,0.749,69.3,1,27.35,SUPER_DREAM,87.0
7.67,0,0,73.3,85.8,58.1,0.717,99.7,3,3,3,0.672,54.9,3,28.34,SUPER_DREAM,88.1
9.87,0,1,70.1,76.9,100.0,2.328,97.9,5,3,2,0.756,46.8,1,41.89,SUPER_DREAM,99.0
9.53,0,0,95.6,89.5,76.7,1.474,94.9,2,0,2,0.87,51.2,3,33.77,SUPER_DREAM,95.0
7.33,1,4,39.5,65.3,34.3,-0.206,94.8,5,2,1,0.729,78.3,1,17.2,DREAM,72.8
8.67,0,0,97.1,73.0,40.4,-0.155,97.4,2,2,1,0.599,33.8,1,20.31,SUPER_DREAM,69.8
8.31,0,0,63.2,66.5,50.8,-0.153,84.7,2,0,1,0.464,61.0,2,19.15,DREAM,69.5
9.11,0,0,77.8,62.2,66.9,0.742,98.8,2,1,1,0.519,63.3,3,27.27,SUPER_DREAM,87.8
6.54,0,0,27.7,15.0,58.2,-0.74,99.4,0,0,1,0.182,53.7,3,13.58,DREAM,63.2
8.35,0,0,67.8,51.3,45.1,0.157,98.9,3,0,0,0.587,50.6,2,19.74,DREAM,72.7
8.76,0,1,75.4,65.9,98.1,1.679,99.8,0,0,1,0.526,79.8,3,32.68,SUPER_DREAM,99.0
5.67,1,2,40.6,52.7,8.9,-1.086,97.2,3,6,1,0.452,79.7,3,16.64,DREAM,72.8
6.3,0,3,41.2,42.8,82.5,1.243,99.8,2,3,0,0.322,66.6,2,27.17,SUPER_DREAM,88.5
5.36,0,0,27.2,26.7,60.3,-0.602,96.4,0,1,2,0.277,56.8,2,14.2,DREAM,63.9
7.3,0,2,71.6,42.9,55.2,-0.205,97.8,1,0,1,0.426,66.7,2,17.74,DREAM,72.3
8.39,0,0,69.3,76.5,36.0,0.164,98.9,2,0,2,0.635,71.1,2,20.01,SUPER_DREAM,77.2
9.25,0,0,96.0,95.8,75.0,1.761,96.0,5,1,0,1.0,63.3,1,33.98,SUPER_DREAM,98.1
7.68,1,2,55.5,74.4,50.2,0.825,99.6,3,2,1,0.604,71.5,2,19.85,DREAM,77.3
9.39,0,0,73.7,86.8,54.8,1.139,99.4,2,2,3,0.628,59.7,3,27.44,SUPER_DREAM,87.5
6.08,0,0,55.6,21.2,43.2,-0.749,99.7,1,0,0,0.1,17.7,1,8.41,CORE,47.5
5.73,0,0,22.8,33.1,18.9,-1.181,44.0,2,1,1,0.38,62.1,2,10.11,CORE,42.5
7.54,0,0,45.8,85.2,42.6,0.581,91.4,0,6,1,0.614,75.3,2,24.54,SUPER_DREAM,83.4
8.02,0,1,78.4,79.0,57.6,0.366,99.6,3,0,1,0.691,65.5,2,22.23,SUPER_DREAM,80.0
7.56,0,0,46.6,36.7,45.4,-0.451,96.4,1,1,1,0.254,70.2,2,15.56,DREAM,68.9
5.33,1,4,16.4,32.8,66.3,0.22,97.9,2,0,1,0.543,60.9,2,13.29,DREAM,63.7
7.5,0,0,82.4,62.6,45.4,0.251,100.0,3,0,1,0.598,62.1,3,22.5,SUPER_DREAM,79.9
6.17,0,0,29.9,32.1,46.9,-0.727,94.2,2,3,1,0.456,67.6,2,17.25,DREAM,70.5
8.34,0,0,70.6,34.4,67.7,-0.163,92.9,2,2,0,0.349,94.2,2,22.58,SUPER_DREAM,84.3
8.0,0,0,65.9,64.4,67.4,0.74,94.8,3,1,3,0.591,77.6,3,27.69,SUPER_DREAM,90.1
6.57,0,0,16.9,36.2,51.5,0.36,98.6,1,0,0,0.427,75.6,3,19.24,DREAM,76.8
7.03,0,1,52.1,41.4,65.3,0.041,99.5,2,3,1,0.473,68.1,1,19.97,DREAM,76.7
6.43,0,2,54.7,40.8,47.0,0.079,99.0,3,0,0,0.464,45.0,3,16.38,DREAM,66.0
7.53,2,3,64.6,56.0,59.4,0.877,83.1,2,0,3,0.602,83.4,3,17.21,DREAM,70.3
8.65,0,1,82.3,70.0,69.9,1.01,99.0,1,3,3,0.752,78.6,3,31.18,SUPER_DREAM,97.4
6.52,1,2,45.5,34.3,40.7,-0.797,97.5,1,3,1,0.241,70.5,3,14.36,DREAM,67.3
8.15,0,0,75.1,61.6,46.4,0.279,96.8,4,2,0,0.709,64.3,3,25.29,SUPER_DREAM,84.1
7.02,0,1,46.9,27.6,48.1,-0.447,99.5,2,2,2,0.28,73.2,3,19.02,DREAM,76.2
6.73,0,0,35.4,53.4,50.1,-0.188,99.0,1,0,0,0.359,61.5,2,14.14,DREAM,65.6
7.48,0,0,44.2,17.3,62.0,-0.491,93.7,1,3,2,0.104,75.9,2,16.8,DREAM,71.3
6.46,0,0,32.1,42.0,45.8,-0.15,99.4,1,1,3,0.482,52.4,3,17.74,DREAM,69.9
6.99,0,0,67.0,64.8,44.7,0.416,94.1,1,0,1,0.367,36.3,2,17.94,DREAM,65.4
6.28,0,0,29.6,29.3,39.4,-0.831,99.9,2,0,2,0.366,47.0,3,14.62,DREAM,63.7
9.76,1,3,85.9,92.4,72.2,1.492,99.2,2,0,0,0.701,67.1,2,27.46,SUPER_DREAM,88.9
7.64,0,0,58.2,75.2,62.3,1.074,69.1,3,0,3,0.848,60.5,3,27.66,SUPER_DREAM,78.9
6.83,0,0,52.1,5.0,43.0,-1.162,99.8,4,0,0,0.253,62.8,3,18.39,DREAM,73.1
7.84,0,0,79.7,59.1,62.3,0.46,100.0,2,0,0,0.504,45.6,1,19.82,DREAM,72.1
7.48,0,0,54.5,17.0,72.7,-0.205,98.3,4,0,2,0.484,69.5,1,20.71,SUPER_DREAM,77.9
7.36,0,0,65.9,54.3,40.5,-0.431,99.3,2,0,1,0.57,49.5,2,18.74,DREAM,70.9
8.28,0,0,68.2,65.9,75.0,1.871,100.0,2,0,2,0.626,72.4,3,30.34,SUPER_DREAM,95.0
8.43,0,0,67.5,33.0,66.8,0.105,96.1,1,0,2,0.356,43.8,2,19.51,DREAM,70.1
7.02,0,0,82.8,79.1,85.6,2.059,98.2,1,0,1,0.527,52.4,1,26.41,SUPER_DREAM,84.0
6.97,1,1,37.4,55.6,44.7,0.459,99.6,1,0,0,0.509,50.4,3,14.21,DREAM,63.7
7.3,0,1,73.4,43.4,65.1,0.265,96.0,1,1,1,0.348,73.6,3,22.09,SUPER_DREAM,80.3
5.07,0,0,43.6,51.3,26.1,-0.581,94.4,3,2,0,0.568,58.1,2,16.2,DREAM,66.9
5.93,0,0,38.6,15.1,11.2,-1.83,94.5,1,0,0,0.205,71.4,2,11.14,CORE,61.2
9.1,0,0,95.6,57.9,64.9,0.121,95.5,1,0,1,0.377,82.1,3,22.48,SUPER_DREAM,82.5
9.41,1,1,56.9,46.3,93.8,0.774,44.6,4,3,3,0.612,91.7,1,27.39,SUPER_DREAM,77.4
7.33,0,0,52.0,80.8,45.1,0.484,95.8,3,1,2,0.731,68.5,2,22.69,SUPER_DREAM,80.2
8.23,0,0,52.8,70.2,23.8,-0.508,96.8,2,2,1,0.512,48.5,3,18.33,DREAM,69.3
7.94,1,1,69.4,71.6,59.7,1.292,99.3,1,2,2,0.549,83.8,3,23.92,SUPER_DREAM,86.4
10.0,0,0,71.6,89.2,65.3,1.173,94.9,4,0,3,0.866,87.7,1,31.76,SUPER_DREAM,98.9
8.83,0,0,78.5,80.2,73.4,1.889,69.8,1,2,1,0.669,64.1,2,31.84,SUPER_DREAM,86.8
7.46,0,0,57.4,58.1,82.4,0.993,99.8,2,2,0,0.336,84.8,3,26.72,SUPER_DREAM,91.4
6.55,0,3,44.7,50.8,57.4,0.813,95.6,3,0,0,0.567,70.0,3,22.97,SUPER_DREAM,81.0
5.83,0,2,48.0,40.7,62.7,0.345,99.0,2,2,1,0.364,40.1,2,18.82,DREAM,69.1
7.82,0,1,60.0,52.5,48.8,0.183,99.9,4,2,0,0.673,55.5,2,22.73,SUPER_DREAM,79.0
6.77,0,0,39.6,48.8,43.6,-0.368,98.4,1,0,1,0.401,57.4,3,16.61,DREAM,68.7
6.04,0,0,79.0,45.2,18.6,-0.864,99.5,3,0,2,0.47,59.5,3,15.23,DREAM,67.2
6.89,0,3,48.0,52.3,35.4,0.115,99.5,2,0,1,0.472,51.0,3,15.25,DREAM,65.5
6.41,0,3,22.5,24.8,25.2,-1.29,99.6,2,0,3,0.32,50.5,1,11.33,CORE,58.9
9.46,0,0,69.5,60.2,54.9,0.25,97.1,5,0,1,0.794,85.2,1,25.25,SUPER_DREAM,88.3
8.57,0,1,55.5,84.4,92.4,1.887,100.0,2,0,0,0.64,38.9,2,32.59,SUPER_DREAM,92.1
7.59,0,0,70.8,54.2,18.4,-0.377,83.8,3,0,1,0.532,54.1,3,19.22,DREAM,68.0
9.23,0,0,81.1,84.7,100.0,2.45,99.8,1,3,3,0.77,74.3,3,39.7,SUPER_DREAM,99.0
7.69,0,0,66.6,44.2,79.7,1.209,98.4,3,2,0,0.461,56.6,2,26.36,SUPER_DREAM,84.8
6.65,0,0,47.1,27.6,53.8,-0.24,99.2,3,1,0,0.402,71.0,2,17.88,DREAM,73.7
9.28,0,3,74.4,65.2,56.2,0.504,84.9,5,0,2,0.658,59.0,2,25.53,SUPER_DREAM,79.8
8.19,0,0,62.5,62.0,34.8,-0.088,98.8,4,0,0,0.537,71.6,3,22.28,SUPER_DREAM,81.1
6.46,0,0,48.6,36.7,32.6,-0.465,98.3,1,2,2,0.234,49.4,2,13.59,DREAM,62.0
7.39,1,2,68.9,74.4,64.9,0.862,99.4,2,0,1,0.586,37.1,1,19.26,DREAM,69.4
6.64,0,2,55.4,50.5,44.7,0.262,97.1,4,0,2,0.677,59.0,3,20.0,SUPER_DREAM,74.3
6.08,0,0,51.8,67.8,19.2,-0.46,99.1,2,3,1,0.686,38.2,2,16.85,DREAM,65.4
8.62,0,0,77.2,75.5,89.1,0.96,97.2,2,0,0,0.494,64.0,1,26.22,SUPER_DREAM,85.7
9.7,0,0,92.6,47.9,100.0,1.724,93.3,1,0,1,0.352,47.9,3,34.21,SUPER_DREAM,94.6
6.06,0,0,49.1,56.5,33.7,-0.743,95.9,2,6,1,0.571,48.1,2,19.25,DREAM,70.5
8.22,2,3,71.5,44.3,65.6,0.611,98.4,3,0,2,0.482,87.1,3,19.32,DREAM,79.1
6.88,0,2,68.1,54.0,20.5,-0.537,94.6,3,2,1,0.678,69.1,2,16.56,DREAM,69.8
7.06,0,0,47.7,41.9,42.3,-0.294,96.5,2,3,2,0.467,42.0,2,17.75,DREAM,66.9
6.95,0,0,44.2,81.4,57.6,1.019,96.9,1,0,1,0.609,64.3,1,21.65,SUPER_DREAM,78.0
6.65,0,0,37.3,68.3,51.2,0.731,62.8,2,3,1,0.584,62.9,2,23.14,SUPER_DREAM,70.0
7.65,0,2,63.7,48.8,47.7,-0.242,99.8,4,1,0,0.577,34.0,3,20.79,SUPER_DREAM,71.4
6.69,0,0,29.6,46.8,40.3,-0.118,93.2,2,3,0,0.38,70.2,1,15.64,DREAM,68.1
7.9,0,0,69.5,65.3,51.7,0.706,93.6,4,0,0,0.772,79.3,1,21.12,SUPER_DREAM,79.2
7.54,0,0,59.1,70.1,50.5,0.945,97.8,2,6,2,0.67,58.7,3,26.12,SUPER_DREAM,84.6
7.34,0,0,72.0,56.1,60.7,0.111,92.2,4,2,1,0.669,60.6,2,23.0,SUPER_DREAM,78.1
6.6,0,0,43.0,33.3,8.8,-1.448,98.5,3,2,1,0.432,56.6,3,16.23,DREAM,67.9
6.97,0,0,52.2,41.6,47.2,-0.539,97.7,5,3,2,0.51,70.8,3,24.93,SUPER_DREAM,85.0
8.43,1,3,82.8,67.7,72.5,0.726,99.1,3,1,1,0.694,61.3,2,24.15,SUPER_DREAM,82.2
8.15,0,2,83.1,81.9,52.5,0.823,99.3,2,0,1,0.704,61.9,3,24.71,SUPER_DREAM,83.3
6.52,0,1,42.1,52.8,34.7,-0.381,99.2,4,0,3,0.77,52.9,3,19.71,DREAM,73.2
7.71,0,0,64.3,49.0,49.4,0.305,99.9,3,0,1,0.419,95.6,2,21.13,SUPER_DREAM,84.3
8.43,0,0,72.8,76.8,57.5,0.656,99.3,1,2,2,0.54,61.1,2,24.95,SUPER_DREAM,83.6
5.76,0,0,47.1,33.0,34.3,-0.852,99.6,0,3,1,0.104,75.5,1,11.72,CORE,64.5
8.2,0,0,63.8,77.6,65.7,1.087,93.8,2,1,0,0.646,69.0,2,26.49,SUPER_DREAM,86.1
6.87,0,2,69.1,86.0,9.6,-0.75,98.8,3,1,2,0.642,26.6,1,15.89,DREAM,61.4
8.23,0,0,44.6,60.5,75.5,0.757,92.1,2,2,3,0.638,59.4,2,27.0,SUPER_DREAM,84.5
6.76,0,0,47.6,60.6,40.9,0.274,98.6,2,0,1,0.631,47.7,3,18.39,DREAM,69.8
5.61,0,2,46.5,26.3,67.2,-0.123,98.8,0,2,1,0.172,79.7,2,16.81,DREAM,73.6
5.81,0,3,48.6,37.3,13.3,-1.001,99.5,2,0,1,0.3,46.0,2,11.42,CORE,58.1
7.65,0,0,77.8,59.6,41.2,0.111,66.2,1,0,3,0.355,72.4,3,17.15,DREAM,62.9
7.89,0,0,78.2,59.0,56.0,-0.104,99.8,2,2,3,0.477,79.9,3,22.87,SUPER_DREAM,84.0
6.61,0,0,47.6,82.1,51.7,0.853,61.9,5,0,0,0.925,69.2,2,24.65,SUPER_DREAM,73.5
8.3,0,0,83.6,62.0,29.5,-0.217,93.7,4,0,2,0.611,65.1,2,18.46,DREAM,71.9
5.77,0,0,34.2,46.7,19.3,-0.859,99.6,2,2,1,0.6,59.1,2,14.55,DREAM,65.9
7.53,0,0,71.4,30.8,66.0,0.052,99.1,2,1,0,0.455,63.1,1,17.88,DREAM,72.2
6.27,2,3,69.4,50.0,23.1,-1.088,100.0,2,2,1,0.47,44.9,3,11.61,CORE,58.3
6.88,0,0,68.4,66.7,72.3,1.406,99.6,1,6,0,0.49,67.7,2,28.7,SUPER_DREAM,91.3
7.65,0,0,62.8,51.8,48.7,-0.035,99.2,5,2,2,0.617,80.8,1,22.73,SUPER_DREAM,83.8
6.65,0,0,47.6,13.0,28.7,-1.644,83.4,2,2,0,0.339,51.9,3,15.9,DREAM,61.9
7.18,0,0,38.4,53.4,62.1,0.569,94.7,2,0,2,0.441,65.3,3,22.51,SUPER_DREAM,79.0
8.71,0,2,75.8,71.0,98.4,1.65,92.7,2,2,3,0.692,63.4,3,36.91,SUPER_DREAM,99.0
6.97,0,0,41.3,61.8,56.1,0.133,96.3,1,0,0,0.494,69.7,3,19.42,DREAM,75.2
8.52,0,0,60.7,96.9,89.9,2.022,98.3,1,2,2,0.795,57.0,2,34.77,SUPER_DREAM,98.8
6.36,0,0,34.3,39.6,71.5,0.237,99.3,1,0,1,0.272,42.4,2,17.17,DREAM,66.9
8.18,1,1,61.3,53.0,46.6,-0.315,99.7,2,0,3,0.465,48.2,1,13.27,DREAM,61.7
9.19,0,0,76.5,59.7,92.1,1.7,85.0,1,2,2,0.476,30.2,3,32.34,SUPER_DREAM,85.4
5.0,1,1,38.3,32.8,0.0,-1.879,92.4,4,2,1,0.419,76.6,3,12.37,DREAM,63.7
6.72,0,0,45.0,55.7,53.3,0.589,98.0,3,0,3,0.67,71.0,2,19.64,DREAM,76.3
8.23,0,0,80.2,57.9,62.5,0.279,98.7,4,1,0,0.584,64.8,2,24.53,SUPER_DREAM,83.5
7.38,0,0,56.3,67.0,75.9,0.599,99.8,3,1,1,0.603,54.5,3,27.51,SUPER_DREAM,86.7
8.01,0,3,55.6,69.6,82.2,1.403,99.5,3,2,2,0.776,62.6,3,34.26,SUPER_DREAM,99.0
6.94,0,3,57.1,51.9,58.5,0.849,96.6,1,0,0,0.516,64.6,2,20.25,SUPER_DREAM,75.7
7.7,0,0,85.5,47.0,62.7,0.481,98.7,2,1,3,0.576,57.2,3,23.25,SUPER_DREAM,79.8
7.43,0,0,63.3,50.0,63.3,1.363,93.4,1,0,2,0.257,57.8,2,21.2,SUPER_DREAM,74.9
8.88,0,0,69.5,38.7,72.7,0.556,74.0,1,0,1,0.347,84.6,3,25.37,SUPER_DREAM,81.4
7.88,0,0,45.5,65.0,58.5,0.624,96.8,2,1,1,0.582,46.2,3,24.03,SUPER_DREAM,78.3
7.97,0,0,62.1,63.1,86.6,0.713,94.4,2,0,0,0.516,79.9,3,28.1,SUPER_DREAM,91.1
7.15,1,2,59.3,56.3,78.9,1.12,99.5,1,1,0,0.48,40.8,2,21.27,SUPER_DREAM,73.4
7.06,1,3,51.0,59.8,47.2,0.162,84.4,2,3,1,0.513,89.1,2,15.53,DREAM,69.0
7.12,0,0,36.3,58.8,54.8,0.196,36.3,1,2,2,0.484,29.2,3,17.84,DREAM,46.5
8.03,0,0,55.1,61.8,62.9,0.582,99.2,3,2,1,0.885,72.0,3,26.97,SUPER_DREAM,89.1
7.14,0,2,73.8,54.2,21.6,-0.788,97.5,5,2,1,0.705,55.1,2,19.56,DREAM,72.9
7.92,0,1,81.4,42.4,54.0,-0.086,93.6,3,3,1,0.506,62.5,3,25.11,SUPER_DREAM,82.4
9.88,0,0,73.2,75.5,100.0,2.638,96.6,3,0,0,0.774,63.0,3,41.02,SUPER_DREAM,99.0
8.56,0,0,78.7,69.8,54.2,0.412,98.2,2,1,3,0.623,74.1,3,25.43,SUPER_DREAM,86.7
7.24,0,0,43.3,44.4,90.0,1.137,99.6,1,2,0,0.283,35.6,3,28.96,SUPER_DREAM,85.3
8.92,0,0,91.1,85.2,93.2,1.877,94.6,3,3,1,0.645,64.5,2,38.07,SUPER_DREAM,99.0
7.15,0,0,59.5,44.4,58.0,0.365,98.6,1,0,2,0.369,67.8,1,16.98,DREAM,71.4
5.36,0,0,50.0,37.0,39.4,-0.526,93.9,2,0,1,0.357,55.1,3,13.39,DREAM,61.5
6.49,0,0,29.3,48.0,26.4,-0.832,95.3,3,6,1,0.359,63.3,3,20.31,SUPER_DREAM,75.1
5.54,0,0,48.6,46.4,26.7,-1.348,84.6,4,0,3,0.695,55.0,3,15.73,DREAM,62.6
7.21,0,0,57.0,67.0,77.5,1.237,99.3,2,0,1,0.597,73.3,3,27.47,SUPER_DREAM,90.2
7.62,0,0,71.4,68.5,45.4,0.139,98.2,5,1,0,0.895,70.5,1,21.62,SUPER_DREAM,79.6
9.44,0,1,90.4,49.4,97.4,1.393,83.7,2,1,2,0.287,68.3,3,33.41,SUPER_DREAM,94.4
7.96,0,2,65.4,79.3,35.7,-0.197,99.7,1,3,0,0.732,74.9,3,22.73,SUPER_DREAM,82.8
7.36,0,0,51.4,77.3,31.7,0.429,99.1,2,1,1,0.623,83.7,2,19.47,DREAM,78.9
8.51,0,0,79.5,61.9,100.0,1.995,93.8,4,1,2,0.774,50.1,2,36.77,SUPER_DREAM,99.0
5.17,0,3,36.0,35.2,26.8,-0.564,93.9,2,0,3,0.383,98.3,2,11.04,CORE,66.3
7.86,0,0,53.1,49.0,49.6,0.312,98.4,3,2,1,0.559,70.9,1,20.49,SUPER_DREAM,77.8
8.45,0,0,58.4,40.7,90.9,1.218,93.0,2,0,0,0.441,57.5,3,30.05,SUPER_DREAM,89.5
5.97,0,0,27.0,30.4,59.1,-0.462,99.5,2,0,1,0.299,99.5,3,17.25,DREAM,78.5
8.86,0,0,67.5,64.9,87.9,1.987,97.3,1,3,3,0.462,58.8,3,35.06,SUPER_DREAM,99.0
7.97,0,0,78.0,57.7,50.4,-0.111,99.9,1,0,1,0.435,46.8,2,17.77,DREAM,69.0
7.14,1,2,58.6,40.2,45.6,-0.411,99.5,1,2,1,0.223,57.4,2,13.35,DREAM,63.6
8.3,0,0,61.6,56.0,70.2,0.937,100.0,2,3,1,0.473,56.6,2,27.34,SUPER_DREAM,86.9
10.0,0,0,94.7,84.8,97.5,2.349,84.0,3,0,1,0.718,81.3,3,41.43,SUPER_DREAM,99.0
7.8,0,3,53.0,50.0,49.4,0.155,81.2,3,0,2,0.41,63.3,3,22.35,SUPER_DREAM,74.3
7.87,0,0,64.9,69.2,62.5,0.641,91.9,1,1,1,0.581,66.5,2,23.04,SUPER_DREAM,79.3
7.09,0,0,53.8,62.6,54.9,0.218,97.8,2,0,0,0.559,66.0,2,18.55,DREAM,73.4
6.67,0,0,61.0,81.6,68.1,1.938,97.3,2,2,1,0.711,82.5,2,28.17,SUPER_DREAM,92.6
8.51,0,0,51.2,84.4,80.7,1.599,84.4,2,0,1,0.767,60.2,3,31.78,SUPER_DREAM,90.3
6.66,0,0,41.4,51.6,17.8,-0.982,98.5,2,6,1,0.462,61.9,1,16.45,DREAM,69.4
7.68,0,0,42.1,50.8,53.3,-0.099,97.3,1,3,0,0.34,54.7,3,18.66,DREAM,71.2
7.07,0,0,52.6,56.9,33.2,-0.293,93.6,4,3,1,0.663,58.7,2,20.66,SUPER_DREAM,74.3
8.13,0,0,80.8,69.0,72.7,1.121,99.8,4,0,2,0.489,72.9,1,26.35,SUPER_DREAM,88.4
7.97,0,0,58.6,55.5,77.2,0.921,97.3,1,0,1,0.44,75.9,1,24.83,SUPER_DREAM,85.8
8.74,0,0,66.3,82.1,71.7,1.409,99.5,3,0,3,0.816,90.5,3,33.45,SUPER_DREAM,99.0
7.04,0,0,65.9,32.9,44.6,0.025,99.8,0,2,2,0.314,63.4,2,15.99,DREAM,69.3
7.3,0,0,70.9,51.9,53.9,-0.024,98.7,0,0,1,0.321,61.0,3,18.0,DREAM,71.8
6.52,0,0,49.2,54.5,47.0,0.015,99.8,5,3,0,0.502,71.0,2,20.77,SUPER_DREAM,78.8
7.11,1,3,64.3,49.2,38.8,-0.546,98.0,3,1,1,0.314,58.0,3,15.4,DREAM,66.7
8.02,0,0,52.2,60.3,39.2,-0.029,98.0,2,2,1,0.593,55.4,3,21.04,SUPER_DREAM,75.5
8.43,0,0,85.9,65.8,29.3,-0.475,99.4,3,1,3,0.612,69.9,1,18.71,DREAM,75.0
6.59,1,1,76.6,35.7,66.8,0.062,78.3,3,1,0,0.592,59.1,1,14.7,DREAM,59.8
8.56,0,0,76.8,85.6,76.6,1.072,96.5,4,0,0,0.726,60.7,3,31.99,SUPER_DREAM,94.4
9.09,0,0,50.9,60.8,80.6,1.163,99.8,0,0,0,0.453,74.1,3,27.06,SUPER_DREAM,89.8
8.05,0,1,58.8,68.1,84.4,1.523,97.2,3,1,1,0.789,69.7,3,35.9,SUPER_DREAM,99.0
9.66,0,2,89.0,87.1,58.4,1.551,99.1,4,2,2,0.866,95.0,2,34.03,SUPER_DREAM,99.0
6.75,0,0,47.4,36.0,14.7,-1.198,97.2,2,0,0,0.244,78.8,2,14.47,DREAM,69.0
6.23,0,0,62.6,44.6,46.7,-0.343,96.8,2,3,1,0.654,53.5,3,18.57,DREAM,70.7
5.64,0,0,48.5,24.3,38.0,-1.281,69.7,1,3,0,0.357,59.0,3,14.1,DREAM,56.2
9.25,1,1,69.0,96.2,44.8,0.401,97.8,1,0,1,0.715,44.4,3,20.54,SUPER_DREAM,72.5
8.32,0,0,68.6,50.6,71.3,0.262,96.0,2,2,0,0.54,50.4,3,25.44,SUPER_DREAM,81.3
7.54,0,0,49.7,48.8,48.3,0.487,94.2,4,0,1,0.648,83.9,1,21.83,SUPER_DREAM,81.4
7.91,1,2,61.9,44.8,45.4,-0.156,99.8,3,0,1,0.545,60.8,3,17.32,DREAM,71.0
6.36,0,0,42.0,26.0,35.3,-1.095,99.9,2,3,0,0.191,44.2,2,14.95,DREAM,63.7
10.0,1,1,99.1,100.0,41.1,0.444,99.8,3,6,1,0.906,35.8,1,26.17,SUPER_DREAM,80.7
7.74,0,0,87.8,67.8,47.3,0.016,100.0,3,2,1,0.771,42.9,2,21.76,SUPER_DREAM,74.8
7.72,0,0,45.0,61.9,45.0,-0.096,84.2,2,3,1,0.594,53.0,3,22.29,SUPER_DREAM,73.0
8.4,0,0,45.9,58.2,75.8,1.333,99.3,1,2,1,0.499,65.1,2,28.63,SUPER_DREAM,90.5
8.13,0,1,63.3,77.1,59.7,0.825,99.8,2,2,2,0.617,59.1,1,23.18,SUPER_DREAM,80.4
7.85,0,0,45.2,49.8,70.7,0.181,82.9,1,1,1,0.336,75.5,3,23.86,SUPER_DREAM,79.7
6.73,0,0,52.9,60.1,0.0,-0.604,90.4,0,0,3,0.295,51.0,1,10.97,CORE,55.6
8.12,0,0,75.2,52.1,47.3,-0.381,95.4,1,0,3,0.485,83.4,3,18.75,DREAM,76.5
9.67,0,1,99.6,72.3,91.1,1.501,99.4,3,1,2,0.669,63.0,3,38.08,SUPER_DREAM,99.0
9.08,0,3,78.2,85.5,68.4,1.655,67.1,0,2,3,0.491,71.9,1,26.53,SUPER_DREAM,78.7
9.35,0,0,76.2,90.0,92.4,2.197,94.5,2,1,3,0.828,57.2,1,33.93,SUPER_DREAM,96.3
7.04,0,0,31.6,60.8,17.0,-0.916,95.3,5,2,0,0.678,80.3,3,20.96,SUPER_DREAM,79.6
6.51,0,3,50.4,31.9,56.3,-0.542,95.7,3,0,3,0.335,45.1,3,17.26,DREAM,66.5
7.46,0,0,60.5,50.8,43.0,-0.482,66.9,3,0,0,0.496,46.5,1,16.19,DREAM,56.4
7.66,0,0,69.3,61.5,43.7,-0.232,94.3,1,1,0,0.475,50.5,3,20.56,SUPER_DREAM,72.7
8.8,0,0,64.5,59.9,88.5,1.356,99.8,2,0,3,0.576,82.6,3,32.39,SUPER_DREAM,99.0
5.74,1,1,37.2,57.3,54.8,0.347,93.7,2,3,0,0.451,61.4,3,18.96,DREAM,72.0
9.28,0,0,60.1,43.5,95.0,1.175,94.9,2,2,1,0.505,50.8,2,33.17,SUPER_DREAM,93.9
7.43,0,0,31.8,45.8,90.8,1.128,87.0,2,0,3,0.479,62.1,1,23.5,SUPER_DREAM,77.7
7.13,0,0,43.0,46.3,73.4,0.312,99.1,2,2,0,0.403,67.6,3,25.12,SUPER_DREAM,85.1
6.49,0,0,31.0,6.5,28.5,-1.426,93.6,5,1,0,0.333,48.8,3,16.37,DREAM,65.1
5.78,0,0,46.8,19.0,36.9,-0.628,97.0,2,1,1,0.219,67.4,3,15.0,DREAM,67.6
8.51,0,0,63.8,77.3,60.6,0.815,98.9,1,6,2,0.606,63.0,2,28.03,SUPER_DREAM,89.0
7.68,0,0,55.3,59.9,93.7,1.454,99.7,2,2,2,0.661,57.4,2,34.33,SUPER_DREAM,98.6
6.18,0,0,35.0,65.0,59.1,0.597,99.5,2,3,2,0.54,46.0,3,23.6,SUPER_DREAM,78.4
6.18,0,0,10.0,64.6,35.7,0.198,97.8,1,3,0,0.527,78.3,3,19.74,DREAM,77.9
7.23,0,1,75.4,60.6,67.6,0.471,91.5,3,0,1,0.548,58.0,3,25.13,SUPER_DREAM,80.9
9.44,1,1,67.4,83.2,56.1,1.28,92.2,2,0,2,0.745,21.0,3,22.95,SUPER_DREAM,70.1
7.31,0,1,53.2,56.4,57.3,0.472,99.7,2,1,2,0.537,70.3,3,23.69,SUPER_DREAM,83.5
5.95,0,0,27.0,5.0,19.5,-1.807,94.7,3,2,1,0.321,70.7,1,11.82,CORE,62.2
7.33,0,0,70.0,36.1,22.6,-0.737,99.9,3,3,1,0.366,79.0,3,18.75,DREAM,77.0
7.3,0,0,59.7,56.7,66.7,0.281,84.4,5,2,1,0.752,71.2,1,25.22,SUPER_DREAM,81.6
5.0,1,3,25.1,38.6,41.4,-0.33,96.6,1,1,2,0.431,67.1,2,8.15,CORE,56.0
7.54,2,1,55.7,62.0,63.7,0.78,99.6,2,2,3,0.519,57.7,1,16.33,DREAM,68.6
7.35,0,1,78.6,43.3,49.9,-0.419,98.4,1,2,0,0.353,57.7,3,18.95,DREAM,72.7
8.37,0,0,67.8,80.1,42.6,0.519,98.8,4,0,1,0.816,75.1,3,25.36,SUPER_DREAM,86.9
9.63,0,0,79.2,100.0,59.7,1.376,99.2,2,0,1,0.801,62.6,3,28.42,SUPER_DREAM,89.7
8.84,0,0,62.1,85.4,53.6,0.762,98.1,4,2,3,0.852,43.4,2,28.56,SUPER_DREAM,85.7
7.3,0,0,35.3,69.2,48.4,0.596,93.6,5,2,3,0.838,59.8,3,26.75,SUPER_DREAM,84.6
6.38,0,0,46.9,37.4,61.0,-0.095,99.2,2,2,1,0.373,64.2,1,16.56,DREAM,70.2
10.0,2,3,88.9,100.0,100.0,2.581,97.7,1,0,0,0.75,35.1,2,30.88,SUPER_DREAM,87.8
7.67,0,0,74.8,61.4,27.3,-0.493,99.3,2,0,0,0.571,76.2,2,17.82,DREAM,74.7
7.62,0,0,34.2,65.9,43.9,-0.049,97.9,0,2,1,0.43,65.0,2,18.09,DREAM,72.5
7.57,0,0,47.2,63.4,42.9,0.207,78.7,3,6,3,0.596,44.6,3,25.28,SUPER_DREAM,74.7
7.82,0,2,56.2,59.3,13.2,-0.979,97.4,0,3,0,0.343,60.5,3,16.78,DREAM,69.3
7.44,0,0,59.4,44.8,64.5,-0.111,98.9,2,1,2,0.43,63.5,3,21.92,SUPER_DREAM,78.9
6.97,0,0,52.9,50.5,44.2,-0.704,97.2,1,3,0,0.449,79.2,3,19.92,DREAM,78.2
7.0,0,2,53.5,65.8,46.9,0.461,96.7,0,0,1,0.439,78.8,1,17.01,DREAM,73.1
7.56,0,0,65.5,52.0,80.0,0.574,84.2,1,3,2,0.362,81.2,1,22.98,SUPER_DREAM,79.8
7.0,0,0,44.2,64.5,50.6,0.393,42.6,2,1,1,0.564,70.6,2,17.33,DREAM,55.8
6.82,0,0,64.4,60.3,39.0,-0.107,98.9,1,2,2,0.514,55.2,2,18.67,DREAM,71.8
7.72,0,0,67.4,55.7,67.9,0.541,96.6,2,0,2,0.52,51.4,2,22.48,SUPER_DREAM,76.7
7.32,1,1,54.4,75.0,71.9,1.743,99.3,3,3,1,0.883,54.5,2,27.56,SUPER_DREAM,86.6
9.25,2,1,96.8,71.8,81.4,1.432,94.4,5,2,1,0.75,64.0,2,28.71,SUPER_DREAM,89.0
5.0,0,0,53.7,51.1,37.4,-0.128,98.3,4,0,2,0.586,64.6,3,18.51,DREAM,73.3
8.8,0,0,84.2,77.9,68.0,1.183,99.1,2,0,0,0.728,80.4,2,26.61,SUPER_DREAM,90.2
8.97,0,0,38.5,73.5,71.2,1.035,93.9,3,0,1,0.639,61.2,1,28.5,SUPER_DREAM,87.9
5.32,0,0,57.1,21.1,30.9,-1.158,99.1,2,1,3,0.422,34.6,2,12.01,DREAM,56.7
7.22,0,0,66.8,53.2,38.1,0.146,99.7,2,0,2,0.493,47.1,3,18.38,DREAM,70.0
7.19,0,0,81.0,51.3,41.1,0.084,94.9,2,1,2,0.524,50.4,3,19.07,DREAM,70.3
6.05,0,0,60.4,24.0,62.4,0.437,94.2,2,3,0,0.289,50.3,2,20.5,SUPER_DREAM,72.5
6.74,0,1,71.4,46.1,82.1,0.952,98.8,3,6,2,0.584,22.9,1,28.58,SUPER_DREAM,81.8
6.38,0,0,59.3,33.9,70.2,0.021,84.1,1,0,3,0.212,88.5,1,15.76,DREAM,69.2
9.53,0,0,96.5,88.0,55.5,0.793,95.0,2,0,1,0.862,32.3,1,23.23,SUPER_DREAM,73.7
8.63,0,0,95.2,88.2,43.0,0.198,98.3,2,0,0,0.756,56.4,1,19.85,DREAM,73.8
9.0,0,2,77.6,56.8,51.6,0.413,84.7,4,0,1,0.69,74.9,3,24.41,SUPER_DREAM,81.1
8.39,0,0,50.1,91.3,68.1,1.195,99.5,1,3,2,0.64,73.8,3,31.05,SUPER_DREAM,96.4
6.36,0,0,44.9,43.1,0.0,-2.554,99.7,2,1,2,0.449,43.0,3,14.4,DREAM,62.5
7.02,0,0,59.9,38.6,38.7,0.172,98.5,4,2,1,0.433,83.1,2,19.46,DREAM,78.6
8.14,1,1,67.3,75.1,88.0,1.471,84.8,0,0,1,0.62,80.9,3,28.09,SUPER_DREAM,88.4
6.26,0,0,32.6,37.6,57.8,-0.189,99.4,4,2,2,0.4,62.3,3,21.85,SUPER_DREAM,78.7
8.38,1,1,49.3,66.1,56.4,1.017,98.8,4,6,1,0.715,65.4,2,27.22,SUPER_DREAM,88.1
7.34,0,3,49.5,50.0,45.2,-0.505,99.6,2,1,1,0.439,51.3,3,18.38,DREAM,70.8
7.19,1,1,66.6,42.6,61.5,0.537,98.8,3,6,1,0.353,68.8,2,22.18,SUPER_DREAM,80.4
8.38,0,0,87.8,77.3,82.4,1.343,99.2,5,0,1,0.767,68.4,3,33.25,SUPER_DREAM,98.8
8.09,0,0,76.9,60.0,52.5,-0.124,96.1,2,0,0,0.576,57.7,1,18.56,DREAM,71.3
7.2,0,0,69.7,34.1,47.2,0.111,96.8,1,6,0,0.227,74.7,1,17.28,DREAM,72.8
8.88,0,4,72.8,80.3,61.3,1.223,85.1,4,2,1,0.749,70.0,1,29.65,SUPER_DREAM,88.9
6.41,0,0,28.2,28.6,18.0,-1.112,98.5,1,0,0,0.29,100.0,2,12.48,DREAM,70.3
8.28,0,0,62.3,49.9,60.4,0.42,93.3,1,0,2,0.483,51.5,2,20.4,SUPER_DREAM,72.3
8.25,0,0,64.4,82.5,58.7,1.09,94.1,4,1,2,0.87,85.0,3,30.31,SUPER_DREAM,95.8
7.26,0,0,51.6,38.1,29.4,-1.225,99.0,1,2,2,0.323,52.2,2,15.1,DREAM,65.3
7.96,0,0,65.2,30.1,72.1,0.3,98.4,3,3,3,0.408,72.9,2,24.78,SUPER_DREAM,85.4
6.22,0,0,52.5,52.2,48.4,-0.283,99.0,2,0,0,0.495,26.0,3,18.15,DREAM,65.2
8.62,0,0,81.4,65.5,80.9,0.821,93.4,3,2,0,0.556,57.3,2,30.47,SUPER_DREAM,90.3
7.4,0,1,55.6,53.3,39.9,-0.112,99.8,1,1,0,0.456,72.1,2,17.51,DREAM,73.5
7.03,0,0,32.4,47.9,13.6,-0.787,96.9,2,2,2,0.371,68.6,2,16.03,DREAM,69.5
8.75,0,0,66.7,74.5,78.5,1.229,91.6,2,1,1,0.691,34.9,3,30.39,SUPER_DREAM,85.1
6.83,0,0,53.8,39.5,34.9,-0.724,99.9,1,1,0,0.348,58.8,2,15.5,DREAM,67.6
6.05,0,0,60.2,62.2,21.6,-0.95,96.8,2,0,0,0.382,87.2,1,11.96,CORE,66.4
5.89,0,1,37.1,19.1,13.0,-1.725,99.4,2,1,2,0.332,80.4,2,14.0,DREAM,69.3
8.27,0,0,73.8,72.2,59.2,0.949,99.6,5,0,1,0.763,79.4,3,29.54,SUPER_DREAM,95.0
6.19,0,0,50.4,52.1,67.7,0.81,97.6,2,0,1,0.436,100.0,1,21.01,SUPER_DREAM,84.3
9.53,0,0,80.8,69.2,70.3,1.155,99.9,2,0,3,0.681,38.8,3,29.6,SUPER_DREAM,87.1
5.31,0,3,49.3,19.1,9.1,-2.031,98.8,2,0,2,0.24,59.1,3,11.49,CORE,60.6
9.47,0,0,71.7,93.4,90.3,1.882,100.0,5,2,0,1.0,65.5,1,39.19,SUPER_DREAM,99.0
7.83,2,1,56.4,47.3,62.1,0.547,98.4,3,0,1,0.459,54.0,2,13.71,DREAM,63.2
7.49,0,0,59.8,48.9,16.8,-0.774,93.8,3,1,1,0.587,66.9,2,16.78,DREAM,69.5
7.0,0,0,47.3,64.4,60.9,0.565,95.1,2,6,2,0.587,84.5,3,27.37,SUPER_DREAM,91.0
8.04,0,0,71.5,63.9,99.8,1.644,97.5,2,0,0,0.6,66.7,3,33.1,SUPER_DREAM,97.7
7.56,0,2,52.0,33.0,8.9,-1.223,99.7,1,0,1,0.277,31.9,3,14.56,DREAM,60.6
8.81,0,0,75.9,96.4,48.5,0.776,99.1,3,2,1,0.985,75.2,2,28.88,SUPER_DREAM,92.9
7.73,2,2,61.1,52.6,6.4,-1.032,94.6,2,0,3,0.638,64.8,3,8.98,CORE,56.3
7.77,0,0,65.2,54.8,56.8,0.259,97.4,3,2,2,0.387,32.3,3,22.69,SUPER_DREAM,73.5
7.2,0,0,51.5,57.8,69.2,0.418,98.2,1,0,1,0.539,55.8,3,22.2,SUPER_DREAM,77.6
7.54,0,0,56.3,66.7,57.3,1.037,98.4,2,0,1,0.5,39.0,2,22.4,SUPER_DREAM,74.6
7.94,0,1,65.5,89.8,85.3,1.891,99.0,2,3,2,0.789,60.7,3,36.38,SUPER_DREAM,99.0
5.72,0,0,44.6,14.7,48.6,-0.963,98.2,1,0,2,0.1,57.4,1,10.03,CORE,57.7
6.12,1,2,46.1,53.9,69.0,0.231,97.0,1,0,2,0.469,42.1,3,17.06,DREAM,66.0
8.42,1,2,89.6,78.0,86.9,1.28,99.7,2,0,2,0.599,68.8,1,25.27,SUPER_DREAM,85.8
7.79,1,3,51.0,58.7,51.2,0.099,93.0,2,0,2,0.495,48.8,2,14.84,DREAM,62.4
7.4,0,0,58.2,67.4,55.0,1.075,99.5,3,0,0,0.617,84.9,2,23.99,SUPER_DREAM,86.8
7.62,0,0,42.3,71.9,40.8,-0.013,98.8,2,0,1,0.565,67.5,3,18.74,DREAM,74.4
7.98,1,1,69.3,43.5,56.6,0.502,100.0,2,2,1,0.368,61.1,2,17.92,DREAM,72.1
7.01,0,0,41.7,76.6,50.2,0.498,98.4,2,2,1,0.624,83.8,3,23.44,SUPER_DREAM,85.3
6.74,0,0,49.1,27.4,44.4,-0.975,94.0,2,1,1,0.299,68.9,2,15.11,DREAM,67.2
7.82,0,0,58.7,45.1,82.9,0.748,99.4,1,2,1,0.401,70.2,2,28.1,SUPER_DREAM,90.7
6.52,0,0,53.6,43.1,37.3,-0.902,91.5,2,3,1,0.571,64.0,3,20.26,SUPER_DREAM,74.0
8.05,0,0,58.9,90.5,44.8,0.397,98.9,1,6,3,0.618,60.3,2,25.11,SUPER_DREAM,83.6
5.73,0,0,35.1,33.7,18.1,-1.55,98.9,2,1,1,0.366,71.1,1,11.78,CORE,63.5
8.73,0,0,89.6,70.6,81.6,0.788,98.8,3,3,0,0.736,87.9,3,33.72,SUPER_DREAM,99.0
8.12,0,0,69.6,84.4,37.2,0.757,99.8,2,1,0,0.654,13.7,3,23.48,SUPER_DREAM,71.8
7.88,0,0,57.1,57.5,56.0,0.392,99.0,1,2,0,0.282,93.0,2,22.58,SUPER_DREAM,85.9
8.68,0,0,68.8,54.0,93.1,1.166,99.2,1,2,3,0.285,49.9,2,30.7,SUPER_DREAM,90.9
9.43,0,0,99.1,72.9,83.5,1.528,98.7,0,3,3,0.333,67.9,3,30.82,SUPER_DREAM,94.6
8.72,0,0,69.3,90.1,68.2,1.098,96.1,2,1,1,0.874,39.2,3,30.56,SUPER_DREAM,87.6
5.58,0,0,32.5,37.3,31.3,-1.617,84.6,2,2,1,0.43,87.4,3,15.58,DREAM,68.8
6.19,0,0,38.7,70.1,20.8,0.413,93.1,1,1,2,0.612,44.3,3,16.74,DREAM,64.7
6.91,0,0,47.5,61.4,32.5,-0.24,69.9,3,3,0,0.688,81.8,3,22.39,SUPER_DREAM,74.7
7.63,0,1,54.2,49.9,53.0,-0.088,99.2,2,6,1,0.423,61.4,1,19.58,DREAM,74.7
8.17,0,0,51.3,65.6,67.9,0.269,93.7,3,0,1,0.823,62.6,3,27.58,SUPER_DREAM,86.6
6.8,1,1,39.5,37.9,63.7,-0.28,94.8,2,1,2,0.412,46.1,3,17.24,DREAM,66.4
7.81,0,0,53.1,51.5,60.3,0.836,83.4,2,0,2,0.475,83.3,1,21.2,SUPER_DREAM,77.0
6.77,0,0,59.8,100.0,70.6,2.068,99.3,4,0,1,1.0,62.8,1,30.19,SUPER_DREAM,92.7
6.93,0,0,49.7,65.5,77.0,1.346,85.1,0,3,3,0.512,75.8,3,28.92,SUPER_DREAM,88.9
6.05,0,0,43.0,53.6,51.9,-0.203,98.0,1,1,1,0.542,34.0,2,16.12,DREAM,63.1
6.58,0,0,66.1,38.7,66.1,0.709,99.4,3,0,2,0.562,51.6,2,21.93,SUPER_DREAM,76.7
6.11,0,0,61.7,64.2,20.5,-0.465,99.8,2,2,1,0.541,68.8,3,16.66,DREAM,71.5
6.53,0,0,46.9,62.2,22.6,-0.381,84.9,5,2,0,0.75,41.3,2,20.04,SUPER_DREAM,67.1
8.76,0,0,65.0,97.7,79.4,1.971,99.8,1,0,0,0.671,70.4,1,30.43,SUPER_DREAM,94.7
6.56,0,0,40.2,72.8,19.5,-0.911,97.7,1,0,3,0.439,55.1,3,16.85,DREAM,68.4
10.0,1,2,93.3,64.3,79.8,0.82,81.1,2,2,0,0.637,53.3,3,28.59,SUPER_DREAM,82.7
8.14,0,0,64.0,49.0,76.6,0.625,99.7,1,0,1,0.48,72.7,2,23.97,SUPER_DREAM,84.4
7.8,0,0,58.4,46.8,84.1,1.151,94.0,2,0,1,0.289,67.6,2,25.35,SUPER_DREAM,84.0
6.66,0,0,41.8,35.0,40.3,-1.005,94.1,4,0,1,0.428,48.1,2,16.42,DREAM,65.2
8.37,0,0,59.5,71.6,53.7,0.492,97.9,0,3,1,0.506,81.8,3,24.85,SUPER_DREAM,87.2
6.97,0,1,58.5,43.7,54.4,-0.048,99.6,2,0,0,0.438,72.6,1,16.65,DREAM,72.1
7.73,0,0,46.6,89.1,38.5,0.674,93.9,2,3,0,0.907,34.8,1,23.66,SUPER_DREAM,74.6
10.0,0,0,96.9,100.0,81.9,2.159,42.4,2,2,0,0.77,60.5,3,36.31,SUPER_DREAM,85.3
7.49,1,2,53.5,57.3,54.8,-0.012,78.8,1,0,0,0.448,70.6,3,15.91,DREAM,64.3
8.86,0,0,71.8,99.9,70.9,2.058,99.4,1,2,0,0.811,63.3,2,32.67,SUPER_DREAM,96.9
6.83,0,0,37.2,70.9,48.5,0.025,98.2,0,1,1,0.468,15.1,2,15.45,DREAM,58.2
7.56,0,3,60.5,51.9,40.7,0.087,97.4,5,3,0,0.623,66.0,1,22.33,SUPER_DREAM,79.6
9.55,0,0,76.5,51.9,66.5,0.368,97.5,3,3,0,0.496,76.4,3,28.27,SUPER_DREAM,91.6
6.91,0,0,53.5,48.0,34.5,-0.457,100.0,3,0,1,0.534,63.8,2,16.2,DREAM,69.7
9.59,0,0,98.6,71.5,51.0,0.527,87.3,1,2,0,0.546,65.8,2,23.17,SUPER_DREAM,78.0
8.38,0,0,70.9,70.1,71.7,1.111,94.7,0,0,3,0.545,80.3,2,24.98,SUPER_DREAM,86.1
6.98,0,0,45.3,53.0,64.9,0.71,99.7,2,0,1,0.52,41.2,2,21.61,SUPER_DREAM,74.2
8.3,0,2,59.4,67.1,78.9,1.327,98.4,3,0,3,0.417,76.0,2,30.1,SUPER_DREAM,94.9
8.67,0,0,78.8,77.7,64.3,1.218,94.2,2,2,0,0.524,70.1,3,29.17,SUPER_DREAM,90.9
8.28,1,1,83.4,49.1,49.8,0.117,95.8,2,0,0,0.424,40.6,1,13.48,DREAM,59.3
5.87,0,2,47.1,45.4,48.9,-0.506,97.6,2,1,1,0.516,75.5,3,15.58,DREAM,70.3
6.8,0,0,61.3,43.6,58.1,0.197,99.5,1,3,1,0.313,92.1,3,21.4,SUPER_DREAM,83.9
7.33,0,0,65.6,58.4,56.8,0.204,99.9,3,2,1,0.619,70.0,2,22.38,SUPER_DREAM,81.3
7.52,0,0,77.2,71.1,86.6,1.188,99.3,1,3,1,0.606,73.3,2,29.89,SUPER_DREAM,94.3
8.28,1,2,44.4,49.0,63.9,0.31,94.9,2,0,1,0.506,49.0,2,19.31,DREAM,70.5
7.8,0,1,71.0,56.8,53.9,0.309,99.7,3,2,2,0.534,55.7,2,22.81,SUPER_DREAM,79.1
6.13,0,0,58.1,40.8,31.4,-0.668,98.0,0,3,0,0.194,49.7,3,14.52,DREAM,63.5
8.02,0,0,49.1,56.0,33.1,-0.069,97.3,3,0,1,0.467,70.9,2,17.4,DREAM,72.4
8.27,0,0,57.1,78.6,76.2,1.749,98.7,4,2,1,1.0,57.2,3,33.97,SUPER_DREAM,97.7
8.22,0,2,56.9,55.3,61.7,0.557,98.2,1,0,1,0.483,56.3,1,19.31,DREAM,72.9
8.79,0,0,64.1,63.9,79.6,1.323,99.7,2,2,0,0.715,75.6,2,31.14,SUPER_DREAM,96.9
8.52,0,0,64.4,58.8,100.0,1.704,99.2,2,2,1,0.465,90.0,3,34.6,SUPER_DREAM,99.0
8.11,0,2,69.0,79.4,55.2,0.976,97.5,1,3,1,0.716,63.7,2,25.34,SUPER_DREAM,84.2
7.52,0,0,70.6,50.9,13.2,-0.941,99.1,3,1,3,0.498,41.4,1,15.8,DREAM,64.3
5.77,0,0,55.7,44.9,42.9,-0.329,94.1,2,3,2,0.432,65.6,3,17.35,DREAM,70.3
8.07,0,0,55.7,91.5,64.9,1.921,99.6,2,0,0,0.737,67.9,3,29.98,SUPER_DREAM,93.4
7.83,0,0,53.1,60.1,45.8,-0.09,98.2,3,1,1,0.53,77.5,3,20.94,SUPER_DREAM,79.9
7.9,0,0,79.8,77.5,66.9,1.494,96.7,1,1,2,0.533,60.1,3,25.15,SUPER_DREAM,83.0
6.2,0,3,54.7,66.6,53.5,0.03,98.7,3,1,1,0.643,78.2,1,17.5,DREAM,74.4
6.41,0,0,50.1,59.9,24.9,-0.311,99.8,3,1,1,0.552,75.9,2,15.8,DREAM,71.4
8.76,0,0,78.3,71.1,64.7,1.293,96.4,1,6,1,0.568,60.5,3,32.13,SUPER_DREAM,94.6
7.56,0,0,60.2,67.1,82.3,0.738,99.9,5,0,1,0.703,77.3,1,28.1,SUPER_DREAM,92.2
8.35,0,0,74.8,48.8,52.2,0.084,98.7,2,0,0,0.518,79.0,2,18.98,DREAM,77.0
7.63,0,0,57.3,48.0,57.8,0.408,99.4,3,6,2,0.479,48.6,1,24.88,SUPER_DREAM,81.0
7.63,1,1,64.6,50.5,9.4,-1.134,94.5,3,1,1,0.664,79.4,2,14.95,DREAM,69.1
8.63,0,2,53.2,100.0,41.9,0.871,97.3,2,2,0,0.816,63.2,2,25.42,SUPER_DREAM,84.2
7.03,0,0,47.1,41.0,52.2,-0.073,93.3,1,0,1,0.339,61.3,2,16.17,DREAM,67.2
7.71,0,0,53.9,48.2,79.6,0.522,97.8,1,0,1,0.526,63.4,3,23.94,SUPER_DREAM,81.9
7.09,0,0,51.4,38.4,25.6,-0.254,98.5,1,0,0,0.289,83.6,3,13.0,DREAM,67.9
7.12,0,3,45.1,61.2,51.8,0.127,99.7,2,0,2,0.516,83.6,1,17.51,DREAM,75.8
7.26,0,0,51.2,56.9,45.4,0.128,97.5,1,2,2,0.402,72.1,3,18.59,DREAM,74.7
7.84,0,1,45.3,76.5,76.3,1.125,68.6,2,2,1,0.672,69.0,2,28.34,SUPER_DREAM,81.6
7.07,0,0,62.3,62.2,28.0,-1.1,83.0,1,3,2,0.437,63.4,3,19.03,DREAM,69.3
8.98,0,3,73.8,54.5,80.5,0.728,99.9,0,0,1,0.443,100.0,1,22.34,SUPER_DREAM,87.2
6.62,1,1,30.7,36.5,32.6,-1.226,99.7,2,0,0,0.372,54.7,2,10.72,CORE,58.7
7.39,0,1,48.9,75.5,57.7,1.069,68.2,2,2,1,0.715,58.3,1,24.03,SUPER_DREAM,72.2
7.12,0,0,60.2,50.4,51.6,-0.124,98.8,3,0,0,0.591,69.5,2,17.05,DREAM,72.0
9.19,0,0,70.4,92.7,70.8,1.324,99.5,0,3,2,0.608,51.4,1,28.45,SUPER_DREAM,87.5
7.82,0,0,54.8,58.9,67.4,0.38,99.4,1,1,1,0.413,80.7,2,23.86,SUPER_DREAM,85.7
8.74,1,1,71.5,57.5,70.6,0.797,98.0,5,6,1,0.676,42.9,3,30.05,SUPER_DREAM,88.1
5.97,0,0,48.8,36.4,34.2,-0.961,99.9,1,0,1,0.315,54.3,2,12.92,DREAM,62.4
7.89,2,3,46.7,48.3,53.3,0.363,93.9,3,0,2,0.545,59.0,3,14.36,DREAM,63.9
8.58,1,2,77.4,61.4,69.3,0.9,98.5,2,0,2,0.586,49.9,3,23.94,SUPER_DREAM,79.4
7.69,0,0,52.3,62.4,61.3,0.415,99.3,1,0,0,0.494,80.6,1,19.78,DREAM,78.9
8.77,1,1,72.5,78.7,52.5,0.902,81.6,2,2,0,0.616,45.3,2,21.95,SUPER_DREAM,70.1
7.03,0,0,54.9,30.1,43.1,-0.604,94.9,5,3,2,0.464,50.6,1,18.89,DREAM,70.1
9.15,0,0,70.2,75.4,55.8,0.689,96.0,4,0,1,0.809,54.8,3,28.25,SUPER_DREAM,86.8
10.0,0,0,72.7,76.8,84.3,1.125,97.4,3,0,1,0.665,77.6,2,32.48,SUPER_DREAM,98.9
7.2,0,0,53.6,45.1,40.7,-0.396,98.8,2,0,0,0.481,86.8,3,17.4,DREAM,76.0
7.11,0,1,75.6,55.1,64.2,0.624,94.8,2,1,1,0.553,72.8,2,22.23,SUPER_DREAM,80.1
9.2,0,0,60.6,68.5,87.5,1.894,97.6,2,1,0,0.722,45.3,2,33.34,SUPER_DREAM,93.9
9.34,0,0,98.7,97.1,60.4,1.029,94.7,2,2,2,0.761,55.7,2,27.74,SUPER_DREAM,85.8
7.02,0,0,52.1,68.9,49.3,1.039,68.7,4,2,0,0.696,88.6,3,26.51,SUPER_DREAM,82.5
7.14,0,1,56.8,70.1,62.1,0.933,93.8,1,2,1,0.365,65.4,3,24.25,SUPER_DREAM,81.6
7.29,0,0,44.9,48.3,49.3,-0.511,98.5,2,2,0,0.382,43.3,2,17.87,DREAM,68.0
6.12,1,2,37.0,28.9,25.3,-1.416,84.9,2,3,1,0.246,97.9,2,12.03,DREAM,65.1
6.59,0,0,44.9,48.6,24.4,-0.369,95.2,2,0,3,0.501,56.5,3,16.42,DREAM,67.2
6.5,0,0,37.4,44.3,58.3,0.51,97.8,0,0,0,0.455,63.9,3,17.94,DREAM,72.0
6.76,0,0,50.0,40.8,62.3,0.191,83.1,1,0,0,0.392,54.7,3,19.03,DREAM,67.6
7.56,0,0,55.7,41.7,52.0,-0.061,94.8,2,0,1,0.491,50.7,3,20.02,SUPER_DREAM,71.9
7.86,1,2,85.8,60.9,73.1,0.56,84.9,3,0,2,0.549,84.4,2,20.73,SUPER_DREAM,76.9
9.31,0,0,64.1,71.7,23.3,0.029,99.6,2,0,3,0.526,67.9,2,17.83,DREAM,73.2
6.5,1,1,51.3,56.2,66.9,0.334,97.2,2,0,0,0.494,69.7,3,17.36,DREAM,72.0
8.68,0,0,74.8,79.8,66.4,1.341,98.3,3,2,2,0.689,45.8,2,29.86,SUPER_DREAM,88.4
7.36,0,0,45.8,71.4,55.9,1.012,98.8,3,2,1,0.611,60.5,3,25.98,SUPER_DREAM,85.0
7.55,1,4,68.7,40.4,49.8,-0.185,92.4,1,0,0,0.36,55.7,2,11.6,CORE,58.2
8.34,0,1,63.6,72.4,90.2,1.945,66.2,1,2,0,0.472,52.6,2,33.21,SUPER_DREAM,85.7
6.37,0,0,18.7,34.8,22.3,-0.58,97.6,3,2,3,0.49,72.0,1,13.43,DREAM,66.1
8.02,0,0,73.1,46.1,87.8,1.137,99.0,2,0,2,0.411,59.9,2,27.22,SUPER_DREAM,87.1
7.78,0,0,49.4,54.6,65.5,0.506,97.8,1,6,1,0.439,75.4,3,27.89,SUPER_DREAM,90.9
8.14,0,0,53.8,79.5,73.9,1.288,93.5,1,0,3,0.625,75.8,1,25.96,SUPER_DREAM,86.5
7.92,0,1,72.4,56.9,54.1,0.038,99.4,3,2,0,0.541,58.5,2,22.2,SUPER_DREAM,78.5
10.0,1,1,80.8,100.0,61.5,1.114,98.8,3,6,1,0.981,71.8,3,32.4,SUPER_DREAM,98.0
6.9,0,0,65.0,58.6,64.5,0.74,94.5,4,2,1,0.522,58.1,3,26.7,SUPER_DREAM,84.5
7.02,1,2,69.7,46.7,54.8,0.028,68.6,2,2,3,0.549,53.2,3,17.22,DREAM,59.9
6.91,0,0,46.4,67.3,72.5,1.119,97.5,1,3,1,0.503,49.1,1,24.25,SUPER_DREAM,79.5
6.99,0,0,64.4,58.1,45.4,-0.423,99.9,3,0,2,0.66,66.3,3,21.25,SUPER_DREAM,78.7
6.9,0,0,44.9,37.8,40.2,-0.564,97.1,1,0,3,0.341,53.9,2,13.08,DREAM,61.7
8.91,0,0,100.0,99.0,96.9,2.696,95.0,2,2,0,0.881,85.7,2,40.81,SUPER_DREAM,99.0
9.16,0,0,68.3,79.4,100.0,1.753,83.5,1,3,0,0.606,89.4,2,37.32,SUPER_DREAM,99.0
6.97,0,0,67.0,52.0,48.8,0.009,43.3,2,2,0,0.503,72.1,1,16.13,DREAM,54.3
6.68,0,0,62.0,36.6,31.7,-1.375,97.1,3,6,2,0.524,68.7,2,21.72,SUPER_DREAM,79.1
8.12,0,0,70.0,80.8,77.0,1.035,92.1,2,0,1,0.693,65.3,3,30.65,SUPER_DREAM,91.8
6.99,0,1,46.9,59.2,44.3,0.256,98.9,1,3,0,0.581,100.0,3,22.34,SUPER_DREAM,86.9
8.3,0,0,66.1,75.1,75.3,1.169,99.9,2,3,1,0.674,94.4,2,29.84,SUPER_DREAM,98.6
7.82,0,0,37.4,53.9,54.2,0.752,97.6,2,1,1,0.439,61.9,2,21.36,SUPER_DREAM,77.3
5.93,1,1,47.0,51.9,64.3,0.599,68.6,4,6,1,0.575,62.0,3,24.45,SUPER_DREAM,73.7
9.3,0,3,82.2,90.1,64.0,1.382,99.2,4,0,2,0.942,69.9,3,31.3,SUPER_DREAM,95.9
9.58,0,3,82.4,71.0,88.6,1.253,99.5,1,6,0,0.458,47.3,2,34.35,SUPER_DREAM,96.6
6.93,0,0,18.6,31.3,39.3,-0.809,84.7,4,3,1,0.523,38.0,2,18.23,DREAM,63.4
7.17,0,0,41.5,62.0,46.0,-0.098,99.3,1,0,0,0.465,44.9,2,15.27,DREAM,64.2
7.91,0,0,55.2,40.0,52.6,-0.442,98.8,1,1,2,0.237,60.5,3,19.22,DREAM,73.8
7.97,0,0,68.2,64.8,73.9,1.212,98.7,1,1,1,0.53,50.8,2,26.52,SUPER_DREAM,84.0
8.32,1,3,71.7,60.3,81.4,1.408,98.3,1,0,2,0.426,86.8,2,24.62,SUPER_DREAM,87.9
9.81,0,0,81.1,100.0,92.8,2.403,99.1,3,0,0,0.834,43.0,2,38.55,SUPER_DREAM,99.0
7.41,0,0,66.7,51.0,51.9,-0.172,65.0,3,0,1,0.487,45.0,3,19.39,DREAM,60.8
6.72,0,0,39.9,64.4,48.2,0.334,98.6,3,1,2,0.64,37.5,3,20.86,SUPER_DREAM,71.9
6.08,0,0,53.2,34.7,54.2,-0.755,83.9,4,1,2,0.452,55.3,3,20.38,SUPER_DREAM,70.2
6.8,1,1,58.7,63.8,63.3,1.07,94.9,2,3,2,0.598,59.0,1,19.35,DREAM,72.5
7.56,0,0,65.2,87.0,7.3,-0.928,98.2,0,0,0,0.69,63.8,2,15.21,DREAM,67.6
9.57,0,0,78.6,65.4,75.0,0.721,93.2,2,2,0,0.621,64.5,1,27.8,SUPER_DREAM,87.2
7.03,0,0,77.3,56.4,45.3,0.023,98.2,4,0,1,0.779,55.7,1,17.2,DREAM,69.3
7.85,0,0,69.4,99.8,71.2,1.693,95.6,5,2,1,1.0,49.2,2,33.62,SUPER_DREAM,94.6
7.58,0,0,49.2,59.3,54.8,0.308,82.1,2,3,0,0.512,71.3,2,21.89,SUPER_DREAM,75.4
8.91,0,0,77.1,73.8,84.8,1.189,96.0,3,0,1,0.605,51.5,3,31.47,SUPER_DREAM,91.5
10.0,0,0,94.0,96.0,65.6,1.728,99.9,3,0,1,0.829,76.7,2,32.06,SUPER_DREAM,98.7
7.02,0,1,48.1,52.8,53.9,-0.335,99.2,1,2,1,0.439,42.8,3,20.19,SUPER_DREAM,72.0
7.06,0,3,68.7,28.8,65.9,-0.391,99.2,2,0,0,0.499,53.8,3,20.12,SUPER_DREAM,74.1
8.75,0,2,77.1,87.1,43.4,0.513,92.9,1,1,3,0.64,95.6,3,24.63,SUPER_DREAM,88.0
8.35,1,3,40.4,38.8,100.0,0.897,83.8,2,0,1,0.414,97.7,2,27.35,SUPER_DREAM,90.3
9.63,0,0,84.9,75.1,100.0,2.369,97.0,4,0,1,0.711,44.6,2,39.74,SUPER_DREAM,99.0
8.24,0,0,62.6,82.6,63.9,0.716,99.0,3,2,3,0.73,83.1,3,28.93,SUPER_DREAM,94.5
7.2,0,0,63.5,49.3,36.5,0.049,99.5,2,3,0,0.368,89.2,1,17.68,DREAM,77.2
8.25,0,2,78.8,56.0,60.8,0.757,99.3,3,2,1,0.455,80.9,2,25.14,SUPER_DREAM,87.9
8.82,1,3,75.5,84.3,72.3,1.727,99.6,1,0,2,0.759,64.0,3,27.53,SUPER_DREAM,88.6
8.5,2,2,90.0,56.6,75.0,1.447,99.6,1,0,1,0.542,36.1,3,21.48,SUPER_DREAM,72.9
8.16,0,0,64.4,47.6,89.9,1.174,99.5,1,6,2,0.364,66.3,2,32.25,SUPER_DREAM,96.9
8.77,1,3,80.2,75.3,61.7,0.554,100.0,3,3,2,0.793,71.2,3,24.83,SUPER_DREAM,85.6
8.89,0,0,83.5,70.2,81.8,1.326,82.5,4,0,0,0.627,68.6,2,30.96,SUPER_DREAM,90.1
9.12,0,0,75.0,57.9,51.2,0.024,99.0,2,3,0,0.512,72.2,2,23.74,SUPER_DREAM,83.7
8.31,0,0,77.5,75.4,57.3,0.514,100.0,5,6,1,0.842,52.8,2,28.44,SUPER_DREAM,87.9
7.42,0,0,52.0,63.1,60.8,0.63,99.1,3,0,1,0.723,57.7,1,21.77,SUPER_DREAM,77.6
7.76,0,0,57.5,55.3,70.6,0.631,80.3,2,2,0,0.523,29.1,2,24.38,SUPER_DREAM,70.5
8.93,0,0,58.5,69.1,58.6,0.414,68.6,2,2,0,0.647,78.4,3,29.0,SUPER_DREAM,84.6
6.7,0,0,54.9,55.3,37.5,-0.343,76.4,3,0,2,0.53,51.5,2,16.99,DREAM,61.5
8.01,0,0,69.0,79.7,87.4,1.88,98.4,1,0,1,0.639,61.3,3,32.02,SUPER_DREAM,95.2
7.17,0,2,70.8,49.9,71.9,0.942,93.4,1,0,0,0.51,68.8,2,23.57,SUPER_DREAM,81.1
7.63,0,0,70.8,68.1,60.3,0.191,99.5,1,3,3,0.407,56.6,1,19.97,DREAM,74.5
9.01,0,0,71.6,82.0,32.8,0.033,99.3,4,3,2,0.905,48.9,3,26.27,SUPER_DREAM,83.4
7.81,1,1,49.0,73.2,100.0,1.922,42.6,4,0,1,0.736,68.8,1,28.78,SUPER_DREAM,74.5
7.65,0,2,66.7,59.7,56.5,0.033,91.3,2,1,2,0.426,38.2,1,18.6,DREAM,66.1
6.1,0,0,59.4,29.4,32.6,-0.97,96.5,4,1,1,0.424,76.5,1,13.72,DREAM,67.1
8.42,0,0,78.3,61.2,56.6,0.467,98.4,2,1,1,0.651,74.9,2,23.99,SUPER_DREAM,84.5
8.31,0,0,81.1,71.2,71.5,1.225,99.8,2,2,1,0.58,56.8,2,27.55,SUPER_DREAM,87.2
9.98,0,0,82.3,100.0,91.7,2.275,84.1,3,1,0,0.904,57.6,3,42.0,SUPER_DREAM,99.0
7.26,0,0,52.0,48.1,69.2,0.275,99.8,2,0,0,0.328,50.2,2,18.88,DREAM,71.4
7.84,0,2,54.6,72.5,42.4,0.827,99.3,2,0,0,0.482,59.3,2,20.1,SUPER_DREAM,75.1
7.87,0,0,63.1,57.0,53.9,0.505,99.4,0,2,1,0.313,62.0,3,19.56,DREAM,74.8
9.34,0,1,77.4,79.2,100.0,2.25,99.0,0,2,1,0.636,60.2,2,39.44,SUPER_DREAM,99.0
7.5,0,2,62.4,78.7,59.0,1.144,91.4,2,1,0,0.667,86.7,3,25.58,SUPER_DREAM,87.4
7.91,2,2,62.5,72.7,56.8,0.73,94.7,1,2,2,0.657,38.8,2,16.73,DREAM,64.0
8.27,0,0,66.1,48.6,47.3,0.276,99.3,3,2,1,0.613,51.4,1,21.06,SUPER_DREAM,75.2
7.81,0,2,53.7,52.8,67.8,0.607,69.4,2,1,1,0.429,76.0,2,22.53,SUPER_DREAM,73.6
7.11,0,0,67.4,70.8,68.9,0.982,99.3,2,6,3,0.741,95.8,2,30.17,SUPER_DREAM,99.0
7.81,0,0,64.1,62.9,74.5,1.184,99.1,3,0,3,0.577,52.0,2,25.7,SUPER_DREAM,83.0
8.78,0,0,70.7,55.5,65.7,1.054,84.4,5,3,0,0.769,80.2,3,31.67,SUPER_DREAM,94.2
6.47,0,0,40.7,34.7,49.2,0.122,94.3,1,0,1,0.38,47.7,3,14.81,DREAM,62.5
7.75,0,1,46.5,70.1,88.0,1.72,98.9,2,1,2,0.616,59.2,2,31.65,SUPER_DREAM,94.3
6.83,0,0,69.0,64.1,66.2,0.923,99.8,3,1,0,0.634,65.2,3,24.2,SUPER_DREAM,83.3
8.91,0,0,80.8,73.3,57.9,0.911,98.7,0,0,0,0.539,54.6,1,21.52,SUPER_DREAM,76.4
5.92,0,0,24.8,74.8,0.0,-0.708,69.6,1,6,0,0.593,58.7,1,16.23,DREAM,59.7
6.99,0,0,64.0,63.4,54.2,0.782,99.5,2,0,0,0.532,44.5,3,23.37,SUPER_DREAM,77.7
8.01,0,0,76.2,59.8,75.6,0.891,99.3,2,2,3,0.5,75.1,3,28.52,SUPER_DREAM,92.4
9.32,2,1,79.7,66.1,57.3,0.936,99.7,1,3,2,0.492,51.5,2,19.57,DREAM,72.8
7.53,0,0,79.5,44.2,55.2,0.141,97.4,2,0,0,0.527,55.0,2,19.19,DREAM,72.2
6.99,0,0,57.5,56.6,44.1,0.151,96.9,2,6,2,0.389,53.3,3,22.76,SUPER_DREAM,77.6
9.67,0,0,64.7,74.5,82.9,1.892,84.0,2,1,0,0.602,54.1,3,35.67,SUPER_DREAM,95.5
6.01,0,0,49.5,64.5,27.3,-0.167,82.7,3,3,1,0.606,67.2,2,18.39,DREAM,68.9
5.18,0,0,39.8,52.5,50.4,0.337,99.0,3,2,1,0.529,65.9,1,17.75,DREAM,72.5
8.08,0,0,58.6,72.8,64.7,0.779,99.6,2,2,0,0.653,100.0,3,27.14,SUPER_DREAM,95.1
7.05,0,3,62.4,36.0,33.8,-0.318,99.0,2,0,1,0.264,61.3,2,14.96,DREAM,66.9
6.48,0,0,29.8,36.8,59.2,0.222,98.4,3,2,2,0.52,63.5,1,19.47,DREAM,74.7
8.38,0,0,80.7,84.8,42.8,0.517,99.9,2,0,0,0.784,85.1,3,23.08,SUPER_DREAM,85.5
7.87,0,0,53.1,53.7,82.5,1.38,97.9,4,2,2,0.67,68.4,3,32.7,SUPER_DREAM,97.5
6.98,1,2,43.0,67.5,66.6,1.624,97.3,2,0,0,0.576,63.5,1,18.46,DREAM,72.7
6.19,0,0,45.6,49.8,64.3,0.074,96.1,2,0,1,0.409,63.0,3,18.1,DREAM,71.6
8.56,0,0,75.8,69.9,64.9,0.603,94.8,1,0,2,0.523,67.9,3,24.65,SUPER_DREAM,83.1
8.32,0,1,70.1,56.6,55.9,1.114,95.0,3,3,0,0.581,79.6,2,28.46,SUPER_DREAM,91.9
7.49,0,0,51.0,56.1,56.4,0.442,44.8,2,2,1,0.566,85.2,3,23.52,SUPER_DREAM,69.7
9.63,0,0,75.2,83.6,79.1,1.601,94.8,3,2,1,0.759,80.5,2,34.23,SUPER_DREAM,99.0
6.42,0,0,35.6,60.1,30.3,-0.423,97.1,2,3,1,0.57,72.0,3,18.4,DREAM,74.2
5.92,0,0,41.5,27.7,26.1,-0.8,96.4,0,2,0,0.159,68.2,2,12.53,DREAM,63.4
6.84,0,0,66.3,46.5,40.5,0.429,98.5,2,0,1,0.469,95.6,3,17.34,DREAM,77.6
7.55,0,0,60.4,58.7,34.5,-0.49,98.5,1,2,1,0.451,57.9,1,15.46,DREAM,66.9
7.87,0,0,74.0,70.8,71.6,1.036,99.3,2,6,1,0.637,75.5,2,29.74,SUPER_DREAM,94.4
7.33,0,0,75.8,43.0,52.1,-0.184,96.3,2,0,2,0.279,82.6,2,17.32,DREAM,74.3
7.99,0,0,57.8,44.4,55.3,0.267,96.5,1,2,3,0.41,80.7,3,23.23,SUPER_DREAM,83.8
6.22,0,3,45.0,52.9,19.7,-0.485,99.0,1,2,1,0.473,53.6,1,10.52,CORE,57.9
9.19,2,1,100.0,54.8,54.4,0.714,99.2,3,0,2,0.606,100.0,3,19.6,DREAM,82.4
7.51,0,1,77.4,75.6,90.0,1.941,97.3,3,6,3,0.63,90.1,3,38.97,SUPER_DREAM,99.0
8.83,0,0,53.2,69.9,59.7,1.444,84.9,1,0,0,0.493,80.9,3,26.77,SUPER_DREAM,86.3
7.98,0,0,69.4,41.1,71.7,0.301,96.1,2,0,1,0.338,49.9,1,20.18,SUPER_DREAM,72.4
8.1,0,0,66.0,57.4,65.2,0.352,98.8,2,6,0,0.548,79.7,2,27.51,SUPER_DREAM,91.4
8.23,0,0,77.2,70.8,13.8,-0.23,98.8,2,2,2,0.668,30.3,1,17.24,DREAM,64.4
8.09,0,3,57.0,56.6,94.4,1.499,97.8,1,0,0,0.4,61.5,3,29.12,SUPER_DREAM,90.2
8.31,0,0,58.0,66.7,77.0,0.73,82.9,1,0,1,0.632,66.6,2,24.57,SUPER_DREAM,79.1
9.06,0,0,67.5,85.0,59.9,0.904,99.4,4,3,1,0.939,58.3,2,31.97,SUPER_DREAM,94.8
7.82,0,0,56.3,58.1,58.3,0.488,94.3,3,0,2,0.598,88.7,2,21.71,SUPER_DREAM,82.2
8.38,0,0,78.6,54.1,44.9,-0.266,91.4,2,1,1,0.528,66.6,2,19.75,DREAM,73.7
7.5,0,0,45.8,53.3,87.9,0.899,98.5,3,0,1,0.419,50.6,2,26.38,SUPER_DREAM,83.6
9.18,0,0,69.4,95.8,58.9,1.121,83.4,2,6,3,0.749,76.3,1,30.95,SUPER_DREAM,91.8
6.86,0,0,32.1,74.0,37.9,-0.204,93.4,1,2,2,0.478,71.0,2,17.44,DREAM,71.3
9.58,0,2,92.9,52.1,66.8,0.738,98.7,3,2,2,0.472,38.7,1,26.13,SUPER_DREAM,80.9
7.56,0,0,75.8,73.4,57.1,0.098,89.2,1,2,3,0.615,85.1,2,21.93,SUPER_DREAM,80.3
6.03,0,2,41.3,44.8,62.0,0.282,99.4,3,3,2,0.554,66.5,1,19.58,DREAM,75.8
7.74,0,1,58.8,73.1,90.1,1.821,99.8,2,6,2,0.695,79.8,2,34.22,SUPER_DREAM,99.0
6.85,0,0,58.9,42.7,40.0,-0.473,94.7,3,2,3,0.498,71.2,2,17.48,DREAM,71.8
8.52,0,1,87.9,44.0,74.1,0.931,69.5,2,3,2,0.47,59.9,3,27.65,SUPER_DREAM,78.9
6.88,0,0,58.7,58.9,49.1,-0.262,97.2,3,0,1,0.465,71.4,1,15.72,DREAM,69.6
7.11,0,3,47.7,40.0,32.6,-0.931,94.5,0,0,1,0.177,63.5,3,14.68,DREAM,65.5
5.52,0,0,20.8,16.3,74.9,-0.027,93.6,0,3,0,0.1,69.4,3,20.25,SUPER_DREAM,75.7
7.1,0,0,42.6,34.7,74.8,0.65,96.9,4,2,0,0.53,74.0,2,23.45,SUPER_DREAM,82.9
5.0,0,0,35.9,38.4,28.4,-0.814,80.0,3,3,2,0.413,67.2,2,13.73,DREAM,60.3
5.86,0,0,35.7,41.4,63.8,0.884,94.0,3,0,1,0.361,72.0,2,20.48,SUPER_DREAM,76.7
8.44,1,4,71.7,78.8,88.1,1.475,99.8,2,2,2,0.616,59.4,2,28.68,SUPER_DREAM,89.6
8.46,0,0,63.0,77.5,68.0,0.672,98.9,2,2,3,0.588,56.4,2,26.83,SUPER_DREAM,85.7
8.07,0,0,53.0,57.9,67.7,1.224,92.9,2,2,1,0.387,76.6,1,24.77,SUPER_DREAM,84.5
6.54,0,0,36.2,45.9,70.7,0.109,96.8,1,0,0,0.559,86.8,2,20.62,SUPER_DREAM,80.7
7.55,0,3,79.2,50.9,38.5,-0.122,99.4,3,3,1,0.635,57.2,1,19.33,DREAM,73.5
7.6,0,0,71.6,55.6,86.3,0.907,95.1,3,0,0,0.411,69.7,2,28.07,SUPER_DREAM,89.3
6.33,0,0,69.0,31.0,36.9,-1.394,84.5,4,2,1,0.304,43.9,3,18.97,DREAM,65.7
9.25,0,0,84.0,82.3,100.0,2.033,96.0,2,2,1,0.631,92.1,2,37.37,SUPER_DREAM,99.0
8.57,0,1,65.5,84.3,67.7,1.486,98.6,2,1,2,0.591,82.2,3,30.81,SUPER_DREAM,97.4
7.36,0,0,74.4,44.5,59.4,-0.196,93.6,3,2,1,0.682,56.2,1,20.59,SUPER_DREAM,73.6
7.63,0,0,60.9,76.9,55.9,0.888,99.1,3,6,0,0.654,59.7,2,27.94,SUPER_DREAM,88.2
7.83,0,0,65.9,62.7,49.4,0.464,99.8,4,0,0,0.708,83.1,2,22.56,SUPER_DREAM,84.2
5.35,0,1,38.0,37.3,24.4,-1.404,99.1,3,2,1,0.4,67.6,3,15.71,DREAM,69.5
7.33,0,0,22.9,31.8,77.8,0.401,98.9,4,0,1,0.369,74.5,2,22.91,SUPER_DREAM,82.7
6.85,0,0,72.8,25.0,5.5,-1.36,98.7,1,3,1,0.319,50.2,2,12.6,DREAM,60.7
6.5,0,0,55.9,48.5,20.7,-0.715,92.3,3,1,1,0.572,73.7,3,19.62,DREAM,75.1
7.29,2,2,61.9,66.3,39.4,-0.07,99.1,1,1,2,0.519,62.8,1,9.72,CORE,58.5
9.58,2,3,80.0,71.0,60.5,0.859,99.0,3,2,3,0.867,69.5,2,22.0,SUPER_DREAM,80.3
8.3,0,0,70.0,89.7,91.8,1.844,95.3,2,1,1,0.767,59.0,3,34.39,SUPER_DREAM,97.7
6.97,0,0,47.5,62.0,71.3,1.213,97.2,0,0,2,0.397,61.8,3,24.1,SUPER_DREAM,81.7
8.23,0,0,74.7,52.8,74.4,1.123,100.0,2,6,0,0.643,66.6,3,31.89,SUPER_DREAM,96.4
9.14,0,0,60.7,76.0,63.2,0.951,91.7,1,2,2,0.624,56.2,3,27.93,SUPER_DREAM,85.3
8.62,0,0,73.4,100.0,92.4,2.342,90.8,1,2,1,0.89,99.0,3,41.09,SUPER_DREAM,99.0
7.67,0,0,68.4,41.9,28.4,-1.109,94.4,1,2,1,0.35,49.2,3,19.08,DREAM,69.9
6.89,0,0,51.5,58.2,86.2,0.844,96.4,2,3,0,0.286,72.5,2,25.19,SUPER_DREAM,85.4
8.37,1,3,73.1,62.5,53.1,0.23,98.0,1,0,2,0.373,69.5,1,14.91,DREAM,68.2
8.03,0,0,53.4,73.3,56.7,0.639,99.3,1,0,0,0.659,76.4,3,23.81,SUPER_DREAM,84.8
8.58,0,0,59.3,87.2,60.3,1.371,97.9,1,0,3,0.623,27.5,3,26.85,SUPER_DREAM,79.6
8.3,0,0,70.8,60.9,45.3,0.352,92.6,0,2,0,0.446,39.7,3,20.21,SUPER_DREAM,69.4
8.75,0,0,80.7,87.0,100.0,2.295,99.3,1,0,0,0.759,56.8,3,37.6,SUPER_DREAM,99.0
7.01,0,0,32.6,83.2,63.3,1.422,99.4,2,2,1,0.717,78.8,3,27.39,SUPER_DREAM,91.2
9.05,0,0,81.8,75.5,95.5,1.59,99.0,2,0,2,0.58,61.0,2,34.34,SUPER_DREAM,99.0
7.82,0,0,56.7,72.0,36.8,0.366,98.0,5,2,1,0.803,60.4,3,26.36,SUPER_DREAM,85.4
9.88,1,1,81.5,75.4,86.9,1.377,94.3,1,2,0,0.597,65.2,3,32.38,SUPER_DREAM,95.3
6.84,0,3,37.3,50.5,56.5,0.577,98.4,4,0,2,0.561,52.4,2,20.52,SUPER_DREAM,74.2
9.51,0,0,69.9,77.1,84.0,1.558,95.4,2,0,1,0.549,72.1,3,33.49,SUPER_DREAM,98.8
7.82,0,0,74.8,72.2,37.9,-0.519,99.3,2,3,0,0.597,67.9,3,24.09,SUPER_DREAM,83.5
6.88,0,0,54.2,67.6,67.0,1.08,93.2,2,2,1,0.586,72.5,1,23.01,SUPER_DREAM,80.8
7.07,0,0,51.1,51.2,52.0,0.327,98.7,1,3,1,0.303,87.7,2,18.95,DREAM,78.7
7.25,0,0,56.1,76.2,34.8,-0.07,99.8,2,0,1,0.58,61.5,3,19.24,DREAM,74.3
8.07,0,1,71.5,85.2,28.4,-0.056,99.9,3,6,2,0.719,66.7,3,26.9,SUPER_DREAM,88.1
8.18,1,4,72.0,76.8,74.0,1.208,99.2,4,2,2,0.629,50.2,3,27.59,SUPER_DREAM,85.8
6.97,1,3,53.8,44.4,92.7,0.593,84.4,5,0,2,0.621,46.2,1,25.06,SUPER_DREAM,76.3
7.57,0,0,73.8,49.7,37.6,-1.087,96.3,3,1,1,0.547,64.9,1,16.27,DREAM,69.0
9.96,0,2,96.2,73.1,87.5,1.98,97.3,2,2,0,0.588,66.5,3,37.68,SUPER_DREAM,99.0
9.5,0,1,85.0,92.8,99.0,2.078,95.7,2,0,2,0.66,75.3,3,38.29,SUPER_DREAM,99.0
8.08,0,0,66.5,46.9,39.1,0.168,83.2,4,3,3,0.601,73.6,1,20.52,SUPER_DREAM,73.9
7.64,0,0,69.3,68.5,48.1,0.724,98.9,3,2,1,0.703,68.8,3,26.07,SUPER_DREAM,86.9
7.73,2,1,66.1,44.9,42.3,0.138,99.4,1,0,1,0.382,90.3,3,11.25,CORE,66.6
8.27,0,0,80.5,77.6,82.0,1.317,98.3,3,3,2,0.726,60.3,3,32.6,SUPER_DREAM,95.9
6.47,0,0,60.5,46.5,66.6,-0.056,98.1,2,1,1,0.493,62.2,2,18.67,DREAM,73.0
7.32,0,0,45.9,74.2,55.7,0.327,99.0,2,1,3,0.631,69.2,3,23.76,SUPER_DREAM,83.2
5.76,0,0,29.6,54.4,19.0,-0.975,94.5,4,2,1,0.547,47.2,3,18.28,DREAM,68.3
8.04,0,0,57.0,83.5,53.5,0.063,98.0,3,2,1,0.759,75.3,2,24.72,SUPER_DREAM,85.7
8.31,1,2,79.8,86.9,53.4,0.697,96.4,4,1,0,0.817,66.1,2,22.4,SUPER_DREAM,79.5
7.07,0,0,36.8,54.8,32.2,-0.498,93.1,4,0,3,0.618,66.4,1,15.58,DREAM,67.2
9.33,0,0,83.1,61.4,75.1,0.594,99.2,1,1,0,0.561,73.1,3,27.25,SUPER_DREAM,89.8
6.25,0,0,51.9,29.0,50.4,-0.72,97.3,0,2,3,0.107,70.6,1,12.04,DREAM,63.4
5.99,0,0,58.8,11.7,45.7,-0.962,99.5,2,2,0,0.216,71.2,3,16.11,DREAM,70.9
7.85,0,0,65.6,46.1,59.0,0.3,68.2,4,2,0,0.463,59.2,3,23.57,SUPER_DREAM,71.6
8.75,0,0,56.4,72.2,71.0,0.809,99.0,1,2,1,0.492,88.5,3,29.35,SUPER_DREAM,96.3
9.45,0,0,68.0,71.1,77.0,1.319,99.7,3,1,1,0.804,43.1,2,31.75,SUPER_DREAM,91.4
7.1,0,0,41.8,50.5,26.8,-0.645,98.9,2,2,1,0.51,54.7,1,14.51,DREAM,64.8
8.79,0,0,66.4,78.6,73.3,1.285,99.3,3,0,1,0.743,56.7,3,30.61,SUPER_DREAM,92.1
7.56,0,0,58.4,53.9,45.2,-0.262,99.8,1,0,1,0.304,54.2,1,13.8,DREAM,63.8
7.41,0,0,45.1,40.8,29.7,-1.194,91.5,1,2,3,0.327,38.8,2,15.17,DREAM,60.5
8.57,0,0,88.4,68.5,74.5,1.616,98.6,1,0,3,0.374,89.7,3,28.25,SUPER_DREAM,94.6
8.32,0,4,52.3,53.9,53.8,0.381,99.1,2,0,1,0.5,74.6,3,24.41,SUPER_DREAM,85.4
5.87,0,0,59.8,35.7,39.5,-0.299,98.6,1,0,1,0.21,55.5,3,12.31,DREAM,61.2
9.22,0,0,91.5,95.3,90.9,2.109,82.2,3,0,2,0.891,75.5,2,35.86,SUPER_DREAM,99.0
9.12,0,0,87.0,71.5,57.3,0.6,70.0,2,0,1,0.633,62.6,2,23.83,SUPER_DREAM,73.2
6.91,0,0,45.8,75.8,49.6,0.652,98.4,3,0,0,0.613,60.6,3,22.79,SUPER_DREAM,79.6
8.04,1,3,69.5,83.4,28.8,-0.517,98.7,4,0,1,0.855,50.6,3,18.82,DREAM,71.1
8.14,0,0,51.1,56.5,90.3,1.004,95.5,2,0,2,0.683,65.3,3,31.35,SUPER_DREAM,94.0
7.89,0,0,74.8,46.2,35.2,-0.76,98.4,1,0,0,0.367,55.5,2,15.91,DREAM,67.1
6.99,0,0,54.1,51.2,39.7,-0.422,99.7,3,0,1,0.609,50.4,3,17.91,DREAM,69.8
6.86,0,0,48.7,66.6,71.4,0.711,69.0,0,2,0,0.298,79.3,1,21.67,SUPER_DREAM,72.7
7.57,0,1,46.0,51.4,51.6,0.178,98.1,1,0,2,0.457,52.7,3,19.73,DREAM,72.8
8.89,0,0,44.2,85.5,50.1,0.738,99.9,2,2,2,0.673,86.1,2,27.12,SUPER_DREAM,92.4
8.2,0,0,54.5,82.1,76.2,1.846,90.7,1,0,0,0.613,54.3,3,30.13,SUPER_DREAM,88.3
7.19,0,0,70.3,43.3,63.7,1.02,99.9,2,0,2,0.471,42.5,3,23.96,SUPER_DREAM,78.4
8.45,0,0,64.7,58.5,55.0,-0.06,99.9,2,1,1,0.51,72.9,3,20.23,SUPER_DREAM,78.3
5.0,0,2,33.0,40.0,15.6,-1.19,100.0,2,1,1,0.27,58.3,2,11.13,CORE,60.2
8.86,0,0,81.5,74.6,63.5,0.942,97.7,1,0,1,0.705,41.3,3,25.31,SUPER_DREAM,79.8
5.69,0,0,63.5,27.9,29.5,-1.06,83.8,2,0,1,0.2,68.8,2,12.57,DREAM,59.8
7.2,0,0,72.9,49.3,17.3,-1.319,84.8,1,0,2,0.338,45.4,3,14.2,DREAM,58.2
6.37,0,0,37.0,44.1,38.2,-0.749,96.1,1,2,1,0.379,35.2,3,17.17,DREAM,64.5
6.18,0,0,23.4,21.0,71.2,0.129,94.5,2,0,0,0.278,75.2,1,17.06,DREAM,71.8
8.88,0,0,100.0,83.4,55.4,0.546,99.2,2,0,0,0.738,87.3,3,25.53,SUPER_DREAM,89.8
7.09,0,0,83.1,46.2,39.5,-0.342,99.6,2,3,3,0.454,59.1,1,16.95,DREAM,69.9
7.98,0,0,67.1,23.8,39.5,-0.913,94.8,1,0,0,0.319,83.2,2,15.23,DREAM,70.4
7.55,0,0,45.2,57.7,66.6,0.694,97.2,4,0,2,0.683,77.0,1,23.65,SUPER_DREAM,84.0
8.12,0,3,77.8,54.0,84.2,0.818,97.4,1,0,1,0.343,75.0,3,27.63,SUPER_DREAM,90.3
7.68,0,0,60.5,83.2,78.5,1.564,99.9,3,0,0,0.554,62.5,3,30.42,SUPER_DREAM,93.2
6.19,0,0,45.5,34.9,16.8,-1.563,98.5,1,0,2,0.316,56.1,3,11.51,CORE,60.0
8.7,0,0,82.7,55.3,78.3,1.004,98.3,3,3,3,0.684,70.2,2,31.13,SUPER_DREAM,95.4
7.06,0,0,59.6,59.7,75.5,1.361,69.0,2,3,0,0.438,74.7,1,26.95,SUPER_DREAM,80.6
5.89,0,0,29.6,30.5,44.8,-0.467,69.2,2,1,0,0.25,46.1,3,14.03,DREAM,53.4
7.13,0,1,52.4,42.5,59.2,0.222,91.2,1,1,2,0.386,60.1,2,18.41,DREAM,70.1
9.25,0,0,85.4,83.9,67.5,1.449,100.0,2,1,1,0.746,62.2,2,28.83,SUPER_DREAM,90.5
8.54,0,0,76.5,54.3,71.4,0.307,98.0,3,1,1,0.65,60.8,2,26.43,SUPER_DREAM,85.6
7.22,0,0,60.3,34.0,73.9,0.911,99.0,3,2,1,0.549,54.9,3,27.79,SUPER_DREAM,87.0
7.22,0,0,68.4,78.5,57.5,0.479,97.8,1,1,1,0.629,45.0,3,21.8,SUPER_DREAM,74.7
7.25,0,0,53.1,62.8,29.5,-0.095,99.6,2,0,0,0.486,60.4,3,16.53,DREAM,69.5
9.88,0,1,86.0,80.0,75.4,1.587,99.5,0,0,1,0.489,60.8,3,30.52,SUPER_DREAM,92.9
8.02,0,0,24.7,63.2,83.0,0.983,98.2,1,3,0,0.459,57.9,3,28.73,SUPER_DREAM,88.9
8.07,0,0,60.3,70.9,67.7,1.252,87.2,1,0,2,0.639,74.7,3,27.59,SUPER_DREAM,87.1
8.73,0,0,81.5,84.7,71.9,1.501,92.6,1,3,1,0.613,44.5,3,31.17,SUPER_DREAM,88.6
7.86,0,0,58.9,50.9,49.4,0.566,99.4,3,2,2,0.613,69.2,2,24.27,SUPER_DREAM,84.1
7.32,0,0,52.6,60.6,74.2,0.995,99.8,2,1,3,0.422,38.1,1,24.47,SUPER_DREAM,78.3
7.38,0,0,46.3,49.1,83.5,0.956,98.2,3,0,3,0.547,64.0,1,26.52,SUPER_DREAM,86.5
7.52,0,0,72.3,55.1,78.0,0.787,98.9,3,0,1,0.506,31.2,3,26.71,SUPER_DREAM,80.4
7.56,0,0,67.2,60.4,81.7,0.635,97.1,2,1,1,0.585,51.7,3,26.52,SUPER_DREAM,83.7
8.4,0,0,78.9,67.3,59.3,0.531,93.5,2,2,1,0.571,64.7,1,21.5,SUPER_DREAM,76.8
7.66,0,0,40.9,69.5,47.9,0.244,98.6,4,2,1,0.79,43.6,2,23.72,SUPER_DREAM,77.8
8.41,0,0,67.1,74.3,63.1,0.956,97.9,2,1,2,0.605,43.7,1,24.42,SUPER_DREAM,78.8
7.51,0,0,56.8,36.5,55.8,-0.522,99.7,2,0,0,0.373,79.7,2,18.3,DREAM,76.4
7.69,0,0,58.5,40.5,83.0,0.729,97.7,4,2,3,0.588,41.1,1,25.3,SUPER_DREAM,79.7
5.4,0,0,31.6,29.2,50.8,-0.218,98.7,1,3,0,0.257,63.2,3,15.83,DREAM,68.6
8.61,0,0,66.9,95.3,78.0,1.948,96.6,3,3,1,0.852,87.1,2,35.62,SUPER_DREAM,99.0
7.98,1,2,75.0,50.9,35.0,-0.99,99.7,1,2,1,0.477,67.1,2,13.81,DREAM,66.4
8.7,0,0,49.0,67.8,39.0,0.237,99.3,3,0,1,0.648,65.4,3,22.02,SUPER_DREAM,79.6
5.0,0,0,56.3,22.5,29.3,-1.244,94.0,3,0,1,0.211,54.3,2,10.52,CORE,56.6
9.9,0,0,89.8,76.1,99.6,1.955,98.4,2,1,0,0.607,54.3,3,38.62,SUPER_DREAM,99.0
7.45,0,0,59.0,59.4,52.9,-0.433,94.7,3,2,3,0.442,62.5,3,22.13,SUPER_DREAM,77.8
8.82,0,0,84.1,91.6,100.0,2.78,97.7,3,1,3,0.801,35.1,1,37.68,SUPER_DREAM,99.0
6.46,0,0,32.1,52.4,23.0,-0.709,94.8,2,2,1,0.525,80.2,2,16.3,DREAM,71.6
8.27,0,0,59.8,54.8,42.5,-0.588,99.2,4,3,0,0.633,68.1,3,24.6,SUPER_DREAM,84.4
6.44,0,0,48.0,84.4,30.3,0.211,99.8,2,0,0,0.822,38.8,3,19.12,DREAM,69.6
6.91,0,0,70.5,52.2,35.3,-0.294,96.8,4,3,0,0.708,80.4,3,21.37,SUPER_DREAM,80.7
9.71,0,1,81.5,73.7,90.9,2.068,96.7,2,0,1,0.656,75.2,3,36.29,SUPER_DREAM,99.0
7.39,0,0,64.3,76.1,46.1,0.311,98.1,2,0,1,0.461,71.6,3,20.92,SUPER_DREAM,78.6
7.84,0,0,56.3,54.7,31.2,-0.467,98.3,0,3,1,0.436,98.5,2,17.99,DREAM,79.2
8.56,0,0,76.4,92.4,83.7,1.667,95.1,1,3,1,0.645,66.4,2,31.74,SUPER_DREAM,94.7
8.15,0,0,86.6,52.4,31.1,-0.341,99.6,4,2,2,0.677,88.0,3,22.57,SUPER_DREAM,85.1
7.77,0,0,74.6,80.4,38.9,0.041,98.1,2,3,0,0.708,65.4,3,23.55,SUPER_DREAM,81.8
8.0,0,0,64.0,65.8,31.8,-0.497,99.9,2,3,1,0.633,71.8,3,21.39,SUPER_DREAM,80.0
10.0,0,0,93.1,100.0,88.7,2.142,99.7,2,1,2,0.86,56.7,3,39.17,SUPER_DREAM,99.0
7.54,0,0,67.3,84.5,58.8,0.586,98.9,1,2,3,0.843,36.7,2,23.44,SUPER_DREAM,76.1
7.82,0,2,69.3,45.2,93.4,1.685,96.6,2,0,2,0.478,37.6,1,27.64,SUPER_DREAM,82.6
8.76,0,4,85.9,89.2,86.5,2.457,92.4,2,0,1,0.642,63.7,1,34.01,SUPER_DREAM,97.1
8.82,0,0,86.4,52.3,96.7,1.311,92.7,4,2,2,0.691,61.4,3,36.39,SUPER_DREAM,99.0
8.91,0,0,72.5,58.3,77.1,0.562,99.9,2,2,3,0.494,47.3,3,28.27,SUPER_DREAM,86.5
8.3,0,0,75.7,55.1,47.0,0.114,99.0,3,0,2,0.673,60.8,2,20.16,SUPER_DREAM,75.5
6.34,0,0,43.8,51.8,43.4,-0.306,99.7,3,1,0,0.666,71.8,2,19.38,DREAM,76.5
9.4,0,0,67.9,78.8,88.4,2.082,99.9,1,6,1,0.662,84.4,3,40.97,SUPER_DREAM,99.0
6.34,0,0,45.2,42.4,53.7,-0.276,99.4,4,1,2,0.435,54.6,2,19.68,DREAM,73.5
7.93,0,2,63.4,64.3,51.7,0.5,99.4,1,6,1,0.473,70.9,2,25.26,SUPER_DREAM,86.1
6.77,0,0,32.8,57.8,55.0,0.34,98.9,2,3,1,0.632,91.1,2,21.24,SUPER_DREAM,83.3
7.53,0,0,70.6,67.2,38.6,-0.203,99.7,1,2,1,0.69,76.3,3,20.13,SUPER_DREAM,78.7
7.96,0,0,31.4,77.9,41.8,0.383,98.7,2,0,1,0.67,53.5,1,18.13,DREAM,70.5
7.95,1,1,97.1,88.0,40.4,0.734,94.9,2,0,1,0.714,66.5,2,19.38,DREAM,74.1
8.06,0,0,83.7,63.4,62.2,0.661,97.2,3,1,1,0.529,67.8,1,25.11,SUPER_DREAM,84.6
9.38,0,0,75.6,70.8,56.3,0.635,96.3,4,2,2,0.642,74.6,1,26.88,SUPER_DREAM,88.6
8.1,0,0,66.1,72.7,54.5,0.328,96.7,3,0,1,0.707,65.6,1,22.74,SUPER_DREAM,80.0
7.33,1,1,61.9,39.6,69.2,0.713,99.0,2,3,1,0.453,72.3,1,19.64,DREAM,76.9
8.66,0,0,64.5,60.8,50.4,0.541,97.5,2,2,2,0.426,80.3,2,23.44,SUPER_DREAM,84.4
8.91,2,2,76.4,87.0,62.8,1.001,42.2,4,0,1,0.915,49.2,3,20.36,SUPER_DREAM,56.4
6.25,0,0,45.8,42.0,41.3,-0.459,94.5,1,2,1,0.464,45.2,3,17.32,DREAM,66.3
8.26,0,0,66.4,48.9,68.5,0.958,91.1,1,0,0,0.453,74.1,3,25.7,SUPER_DREAM,85.0
8.37,0,0,70.9,46.2,56.5,-0.221,98.8,1,0,1,0.516,62.7,3,21.43,SUPER_DREAM,77.9
7.27,0,0,42.0,55.7,66.4,0.788,95.0,2,0,3,0.538,77.9,3,24.3,SUPER_DREAM,84.6
9.11,0,0,76.6,91.2,85.0,1.707,97.9,3,0,2,0.848,81.3,1,33.01,SUPER_DREAM,99.0
7.43,2,2,61.3,72.6,74.7,1.727,97.7,3,3,1,0.716,37.2,3,24.96,SUPER_DREAM,78.4
7.74,0,0,63.9,61.7,56.4,0.444,98.4,2,2,1,0.66,52.4,2,22.1,SUPER_DREAM,76.8
7.41,0,0,56.5,84.6,44.7,0.911,99.5,3,2,0,0.815,63.1,1,23.88,SUPER_DREAM,82.3
7.62,0,0,74.8,57.3,44.1,-0.258,98.7,2,2,1,0.479,49.6,3,18.8,DREAM,70.9
6.39,0,0,44.7,43.4,47.3,-0.589,99.0,2,2,0,0.458,57.9,3,17.18,DREAM,69.9
6.02,0,0,47.9,5.2,30.4,-1.554,92.6,1,2,2,0.131,45.8,1,9.53,CORE,52.8
9.35,0,0,94.1,71.6,67.0,1.021,96.5,2,3,1,0.604,58.4,3,29.38,SUPER_DREAM,89.6
6.67,0,0,50.7,60.3,37.0,-0.339,82.1,2,1,1,0.624,50.5,3,19.36,DREAM,67.0
6.51,0,0,52.7,68.5,30.8,0.022,99.6,3,3,0,0.667,70.2,3,20.53,SUPER_DREAM,78.1
5.23,0,3,36.2,20.9,31.4,-1.204,99.2,3,2,1,0.383,78.5,3,16.52,DREAM,73.0
6.9,0,0,68.8,57.3,22.3,-1.307,99.0,1,0,1,0.502,71.1,2,15.65,DREAM,70.0
6.14,0,1,43.4,57.2,44.2,0.136,98.6,1,1,1,0.403,100.0,2,16.54,DREAM,77.2
9.41,0,0,94.5,78.6,90.1,1.509,84.9,3,3,2,0.652,79.1,3,38.08,SUPER_DREAM,99.0
8.71,0,0,70.9,38.9,59.1,-0.059,83.2,2,3,1,0.335,78.5,2,23.43,SUPER_DREAM,79.7
6.84,0,0,43.1,53.7,81.7,1.492,99.1,1,0,1,0.43,63.8,3,27.59,SUPER_DREAM,88.5
10.0,0,0,93.2,95.7,85.3,2.505,98.4,1,0,1,0.857,60.4,3,35.6,SUPER_DREAM,99.0
8.68,1,2,68.1,57.2,41.1,-0.297,70.0,0,1,2,0.397,84.1,2,14.19,DREAM,61.5
7.24,0,0,64.9,51.1,46.8,0.101,69.2,2,0,0,0.508,61.2,2,18.01,DREAM,63.0
5.0,0,0,10.0,13.8,26.1,-1.605,97.1,2,0,2,0.287,65.5,3,12.1,DREAM,62.4
10.0,2,2,85.1,49.0,93.1,1.187,98.6,3,0,1,0.494,62.4,2,24.66,SUPER_DREAM,83.2
6.07,0,0,40.2,56.2,33.2,-0.562,96.9,5,0,2,0.66,73.1,1,14.88,DREAM,68.5
5.79,0,0,30.1,38.6,16.3,-1.756,97.6,1,0,1,0.415,78.4,1,10.85,CORE,63.0
8.72,0,0,65.6,93.3,50.0,0.895,81.1,1,3,0,0.759,81.0,2,25.7,SUPER_DREAM,83.4
10.0,1,1,78.1,97.0,73.2,1.724,95.0,2,0,3,0.754,60.4,3,30.05,SUPER_DREAM,90.7
9.12,0,0,75.7,70.4,64.4,0.639,99.4,2,2,0,0.58,67.7,2,26.68,SUPER_DREAM,87.8
8.22,0,0,50.8,64.3,43.2,0.408,98.4,3,2,0,0.637,70.0,3,24.21,SUPER_DREAM,83.9
8.25,0,0,71.3,73.7,50.9,0.369,94.3,2,3,1,0.662,87.0,3,24.96,SUPER_DREAM,87.3
8.54,1,3,86.8,82.5,79.3,1.338,97.7,1,0,3,0.737,38.2,1,23.2,SUPER_DREAM,75.6
8.43,0,0,72.7,72.3,95.9,1.981,98.8,3,0,0,0.729,65.2,1,33.01,SUPER_DREAM,97.7
7.91,0,0,73.8,77.5,73.5,0.792,99.7,3,3,1,0.644,55.4,3,31.63,SUPER_DREAM,93.7
7.71,0,0,75.3,55.7,81.1,1.319,98.6,1,3,1,0.387,57.0,3,29.54,SUPER_DREAM,90.2
7.53,1,3,75.1,43.9,72.9,0.444,93.8,1,2,1,0.392,52.2,2,21.19,SUPER_DREAM,73.9
6.77,0,1,75.1,48.6,61.2,0.606,92.0,2,0,1,0.471,73.1,1,17.48,DREAM,71.3
7.29,0,4,51.9,58.1,46.4,0.44,98.9,1,0,1,0.399,28.2,2,16.83,DREAM,63.4
5.74,0,0,33.8,21.3,36.4,-0.79,99.2,2,0,1,0.353,62.9,1,10.83,CORE,60.4
7.49,0,0,69.3,38.7,47.3,-0.55,99.8,3,0,0,0.271,37.7,1,14.71,DREAM,62.0
6.51,0,0,58.6,52.9,39.2,-0.641,99.9,1,0,3,0.457,54.6,2,14.22,DREAM,64.6
6.39,1,1,58.2,39.6,42.9,-0.853,98.8,3,0,0,0.333,61.8,2,11.67,CORE,61.5
7.8,0,0,85.7,58.5,71.4,1.143,99.1,3,0,1,0.66,58.9,2,25.31,SUPER_DREAM,83.7
9.13,0,0,76.4,70.4,82.2,1.334,83.4,1,2,2,0.532,75.2,2,32.25,SUPER_DREAM,93.8
8.61,1,1,76.2,91.0,65.4,1.102,97.5,2,2,0,0.817,83.7,2,25.59,SUPER_DREAM,88.7
5.87,0,0,32.0,57.3,36.5,-0.3,99.9,2,0,0,0.49,94.4,2,16.11,DREAM,75.7
6.51,0,0,75.7,29.3,50.9,-0.062,98.6,1,6,1,0.371,64.9,2,20.08,SUPER_DREAM,76.0
8.63,0,0,67.3,62.5,80.6,1.403,96.0,1,2,2,0.348,82.4,2,30.4,SUPER_DREAM,96.0
6.52,0,0,46.5,58.6,15.9,-0.72,98.8,2,0,2,0.601,87.0,2,14.29,DREAM,70.8
7.35,0,1,54.4,64.3,33.8,-0.007,98.5,3,0,2,0.582,57.9,3,20.47,SUPER_DREAM,75.2
8.21,0,0,59.3,64.7,83.4,1.349,98.7,2,0,1,0.603,83.5,2,29.06,SUPER_DREAM,94.7
6.53,0,0,41.6,31.0,42.3,-0.521,69.0,1,2,3,0.31,32.4,3,17.85,DREAM,56.9
7.72,0,0,55.9,50.3,50.0,0.071,99.8,4,0,1,0.481,69.5,3,22.22,SUPER_DREAM,80.9
6.13,0,0,29.9,35.2,33.8,-0.78,99.7,3,0,2,0.506,89.1,1,12.76,DREAM,69.0
6.94,0,0,45.0,55.2,43.5,0.135,99.6,2,1,1,0.538,66.5,3,20.69,SUPER_DREAM,77.7
7.95,0,0,87.9,86.3,70.5,1.449,96.9,2,2,0,0.734,62.1,2,30.24,SUPER_DREAM,91.9
5.85,0,0,52.3,29.7,15.2,-1.713,99.4,2,0,1,0.359,62.1,2,10.69,CORE,60.0
8.08,0,0,77.0,49.6,62.5,0.524,94.1,5,1,0,0.657,87.0,2,26.71,SUPER_DREAM,90.1
7.58,0,0,74.9,56.8,60.4,0.522,96.7,1,0,0,0.525,41.1,3,22.93,SUPER_DREAM,75.4
8.21,0,0,89.1,79.7,70.6,1.397,97.7,3,1,1,0.7,59.1,3,31.02,SUPER_DREAM,92.8
7.85,0,1,42.2,41.1,63.2,0.185,97.5,2,0,0,0.474,77.6,3,21.12,SUPER_DREAM,80.0
9.1,0,1,61.2,95.5,83.5,2.157,99.9,4,1,1,0.954,69.8,3,39.58,SUPER_DREAM,99.0
7.74,0,1,52.7,57.7,47.5,0.062,93.3,3,1,0,0.57,82.8,3,22.79,SUPER_DREAM,82.5
7.13,0,0,50.6,43.1,33.6,-0.413,79.3,2,0,1,0.57,75.2,2,15.84,DREAM,65.2
7.73,0,0,58.7,37.7,100.0,1.117,99.9,4,0,3,0.54,57.9,3,32.35,SUPER_DREAM,95.5
8.2,0,0,61.6,75.1,57.9,0.624,99.3,4,0,1,0.781,73.7,1,24.54,SUPER_DREAM,85.4
7.65,0,0,64.2,56.8,53.5,0.422,69.9,1,0,0,0.503,45.2,2,18.09,DREAM,60.2
7.64,0,0,61.9,61.5,68.9,0.698,68.3,1,0,1,0.482,34.7,2,21.84,SUPER_DREAM,63.8
6.83,0,0,44.6,37.5,75.7,1.182,99.8,3,0,2,0.539,55.8,2,25.48,SUPER_DREAM,83.6
6.87,2,4,27.6,46.1,37.6,-0.278,98.7,4,0,1,0.561,66.2,3,13.53,DREAM,65.4
6.06,0,0,33.7,34.8,19.7,-1.205,97.5,2,0,1,0.429,52.8,2,12.1,DREAM,60.0
9.52,0,0,73.7,78.4,56.9,1.021,94.6,0,3,2,0.463,67.6,1,23.22,SUPER_DREAM,80.6
6.23,0,1,44.4,34.2,68.5,0.093,82.2,2,3,0,0.216,65.9,2,19.19,DREAM,69.8
6.84,0,0,39.8,28.7,28.4,-0.797,99.9,1,0,1,0.293,37.1,2,13.05,DREAM,59.1
6.81,0,1,47.2,88.1,46.2,0.917,99.7,2,1,0,0.706,56.9,1,19.89,DREAM,74.4
8.58,0,1,57.3,50.3,50.4,0.396,99.3,2,6,0,0.457,79.1,2,26.25,SUPER_DREAM,89.4
7.28,1,3,56.2,57.6,26.2,-0.694,96.8,2,1,0,0.336,72.3,3,13.67,DREAM,66.3
8.97,0,0,61.8,48.9,67.4,0.133,96.2,4,3,1,0.718,54.6,3,28.1,SUPER_DREAM,86.6
6.86,0,0,43.4,22.5,30.4,-1.32,99.5,2,3,2,0.286,74.3,3,17.31,DREAM,73.6
7.91,0,0,48.4,63.3,47.4,0.105,99.8,0,3,1,0.55,91.3,1,19.66,DREAM,81.0
6.68,0,0,50.0,50.9,81.3,1.457,91.2,2,0,1,0.365,58.6,3,25.31,SUPER_DREAM,81.3
9.96,0,0,74.2,100.0,92.2,2.923,97.9,2,0,1,0.828,76.1,3,41.46,SUPER_DREAM,99.0
6.29,0,0,58.8,49.8,57.3,0.319,99.7,3,0,1,0.561,73.8,1,18.1,DREAM,74.8
7.94,0,0,69.3,60.3,75.1,0.962,93.4,2,2,1,0.552,57.8,3,27.49,SUPER_DREAM,85.4
8.3,0,0,67.1,53.0,62.8,0.337,95.9,3,1,2,0.569,48.0,3,25.14,SUPER_DREAM,80.3
8.06,0,1,56.0,84.6,53.7,1.052,99.9,4,0,0,0.721,89.8,1,24.76,SUPER_DREAM,89.2
7.4,0,1,63.5,69.4,58.2,1.291,99.8,2,0,1,0.631,81.3,2,23.0,SUPER_DREAM,84.5
7.46,0,0,67.9,39.6,57.5,0.553,94.4,5,2,2,0.51,60.8,2,23.94,SUPER_DREAM,80.4
7.65,0,0,63.2,59.7,46.5,0.431,92.9,1,0,1,0.428,83.2,3,19.27,DREAM,76.6
7.44,0,1,78.6,58.8,56.6,0.712,99.6,2,2,1,0.533,73.3,2,22.28,SUPER_DREAM,81.7
8.66,0,0,77.1,65.4,56.2,0.744,96.6,0,2,1,0.43,83.1,1,22.28,SUPER_DREAM,82.7
10.0,0,2,96.0,95.8,81.9,1.859,92.2,1,1,1,0.707,38.1,2,33.12,SUPER_DREAM,90.5
6.99,0,2,56.5,63.5,42.8,-0.167,98.4,2,0,0,0.654,58.9,2,18.25,DREAM,71.7
6.09,0,0,54.0,39.4,15.3,-1.261,99.8,0,3,0,0.263,88.6,3,14.69,DREAM,72.1
7.5,0,1,50.5,53.6,12.7,-0.92,91.1,1,0,0,0.403,100.0,1,12.61,DREAM,68.4
10.0,0,0,79.5,100.0,68.1,1.107,98.7,1,3,2,0.75,59.2,2,31.53,SUPER_DREAM,94.0
6.72,0,0,56.4,61.9,78.1,1.035,98.8,2,3,1,0.465,58.9,1,25.53,SUPER_DREAM,84.0
9.4,0,0,83.1,79.4,72.3,1.009,89.2,0,2,2,0.569,75.2,3,28.37,SUPER_DREAM,89.1
9.45,0,0,85.5,56.1,92.3,1.695,96.0,2,2,0,0.57,70.2,2,35.4,SUPER_DREAM,99.0
6.99,2,1,68.1,56.7,10.7,-1.211,43.8,2,0,2,0.542,73.0,1,5.91,MASS,37.6
8.23,0,0,50.2,75.3,45.6,0.47,98.9,2,3,1,0.65,32.6,3,25.07,SUPER_DREAM,78.0
9.39,0,0,67.2,39.7,53.3,-0.316,99.8,1,0,0,0.386,61.4,1,17.85,DREAM,72.0
7.18,0,0,59.6,57.5,47.6,0.557,94.8,2,2,1,0.478,77.1,3,24.16,SUPER_DREAM,84.1
7.38,0,1,50.1,50.3,97.1,0.909,96.3,2,0,3,0.475,29.7,3,29.66,SUPER_DREAM,84.3
6.96,0,2,95.1,48.5,56.8,0.316,84.3,2,3,1,0.571,40.7,1,19.65,DREAM,66.2
6.48,1,1,56.0,33.6,73.3,-0.011,92.2,3,3,1,0.392,38.4,3,21.09,SUPER_DREAM,70.5
6.89,0,0,52.9,48.7,43.0,-0.388,92.1,1,2,1,0.449,74.8,2,18.51,DREAM,73.4
6.25,0,0,41.4,63.3,64.6,0.766,94.5,3,1,1,0.674,51.1,3,23.04,SUPER_DREAM,77.0
7.64,0,0,55.6,52.8,94.0,1.451,83.1,1,0,0,0.369,47.0,2,27.64,SUPER_DREAM,80.4
6.75,0,0,52.9,62.8,44.1,0.147,99.4,2,1,1,0.615,65.8,2,18.95,DREAM,74.6
7.86,0,0,64.9,50.1,49.6,0.036,96.9,1,2,1,0.362,46.4,3,21.07,SUPER_DREAM,73.5
5.89,0,0,38.4,50.4,11.9,-1.326,99.7,3,2,2,0.567,71.8,3,16.27,DREAM,71.4
7.96,0,0,61.4,62.6,55.0,0.353,97.8,2,1,0,0.509,100.0,1,21.49,SUPER_DREAM,85.2
8.52,0,1,86.3,73.6,68.7,1.042,99.2,5,3,1,0.838,59.5,1,29.7,SUPER_DREAM,91.2
5.41,0,0,55.7,34.6,66.4,0.243,99.9,4,0,1,0.492,35.9,1,17.73,DREAM,66.7
8.01,0,0,68.1,72.1,37.8,0.057,99.7,5,3,1,0.814,58.2,3,25.18,SUPER_DREAM,83.5
8.95,0,0,58.4,37.5,73.5,0.673,97.9,1,1,1,0.344,72.3,2,22.14,SUPER_DREAM,80.7
6.27,1,1,54.2,24.1,7.6,-1.763,99.5,2,0,2,0.246,70.9,1,5.21,MASS,52.7
9.44,0,1,98.0,84.7,70.6,1.372,98.0,2,2,1,0.619,77.6,3,31.36,SUPER_DREAM,97.2
8.06,0,2,82.0,35.1,67.3,0.107,93.9,2,3,1,0.372,56.1,1,20.46,SUPER_DREAM,73.5
6.82,0,0,62.1,42.6,56.1,-0.279,97.6,2,1,2,0.507,60.8,3,19.73,DREAM,74.3
7.54,1,4,77.5,57.2,66.1,0.671,68.6,0,1,3,0.447,28.2,2,16.55,DREAM,53.8
8.21,0,0,67.8,53.8,70.7,1.059,94.3,3,3,0,0.592,74.2,3,29.98,SUPER_DREAM,93.1
7.68,0,0,69.4,49.8,67.7,0.659,99.7,5,3,2,0.608,45.3,2,26.82,SUPER_DREAM,83.7
8.19,2,4,58.8,68.9,64.1,0.557,99.2,2,6,1,0.617,68.0,3,22.57,SUPER_DREAM,81.0
6.59,0,0,54.4,61.6,25.2,-0.268,98.0,2,0,1,0.485,51.9,3,17.19,DREAM,68.4
7.79,0,0,78.8,47.2,25.1,-0.903,97.3,4,2,2,0.537,63.7,3,20.91,SUPER_DREAM,76.8
6.04,0,0,38.4,33.4,27.7,-0.786,99.7,2,3,3,0.383,79.4,2,16.01,DREAM,72.5
7.48,0,0,49.4,47.0,52.3,-0.101,97.8,4,1,0,0.424,58.4,3,22.38,SUPER_DREAM,78.3
6.61,0,2,52.2,13.8,66.8,-0.114,99.6,4,1,1,0.475,53.9,3,21.09,SUPER_DREAM,75.8
6.79,0,0,50.2,51.7,44.7,-0.281,99.5,2,2,2,0.375,65.0,1,14.57,DREAM,67.1
8.96,0,0,82.4,86.6,69.0,1.154,83.5,3,0,1,0.938,55.4,3,31.08,SUPER_DREAM,87.9
8.8,0,0,67.6,86.0,77.5,1.077,99.3,3,0,0,0.715,50.9,1,27.48,SUPER_DREAM,85.8
8.27,0,0,88.3,53.8,59.4,0.511,97.8,2,0,3,0.429,93.0,3,24.39,SUPER_DREAM,88.6
6.4,0,0,33.5,27.9,56.4,-0.141,93.8,1,2,0,0.223,37.2,3,18.43,DREAM,66.3
7.25,0,0,72.6,55.1,87.7,1.359,99.7,3,0,1,0.53,74.8,3,30.05,SUPER_DREAM,94.9
8.93,0,0,65.2,84.9,100.0,2.28,98.3,0,3,1,0.546,63.0,1,35.73,SUPER_DREAM,99.0
7.76,0,0,41.0,62.5,59.8,0.316,94.9,3,0,1,0.588,52.6,1,21.0,SUPER_DREAM,74.0
10.0,0,2,87.9,89.1,91.1,2.303,99.6,2,0,0,0.751,70.2,3,37.76,SUPER_DREAM,99.0
8.03,0,0,62.3,79.3,89.8,2.079,99.1,1,6,0,0.544,65.5,3,37.49,SUPER_DREAM,99.0
7.81,0,0,49.8,50.6,56.0,-0.044,99.7,3,2,0,0.601,84.8,2,20.82,SUPER_DREAM,81.6
7.26,0,0,37.4,51.8,64.3,0.626,82.9,2,0,2,0.595,48.0,3,23.83,SUPER_DREAM,74.2
7.75,0,0,62.4,83.1,37.5,0.55,97.8,2,3,1,0.546,57.3,1,22.3,SUPER_DREAM,78.0
7.43,0,1,71.0,54.0,48.6,-0.103,97.8,0,2,2,0.526,80.2,2,18.18,DREAM,75.7
8.38,2,3,75.8,49.4,86.4,0.99,98.4,2,2,1,0.528,61.9,1,20.01,SUPER_DREAM,75.3
8.65,0,0,72.2,60.8,55.9,0.553,97.3,1,3,0,0.506,73.2,3,25.6,SUPER_DREAM,86.5
6.74,2,2,58.1,36.0,43.5,-0.928,99.9,1,0,3,0.266,83.2,3,7.83,CORE,59.7
6.14,0,0,46.0,47.5,10.3,-1.568,93.7,1,0,0,0.406,73.4,1,10.45,CORE,60.2
5.58,0,0,23.6,23.8,68.1,-0.278,99.5,0,3,1,0.239,55.8,3,17.51,DREAM,70.2
8.16,0,0,49.5,68.5,85.6,0.901,84.7,2,0,2,0.809,59.7,3,29.63,SUPER_DREAM,86.8
6.39,0,0,46.4,34.9,45.0,-0.125,94.3,2,3,0,0.54,83.3,2,18.24,DREAM,75.4
5.23,0,0,35.4,5.0,36.9,-1.889,96.5,2,0,0,0.1,67.3,3,12.49,DREAM,63.2
8.03,0,2,75.5,67.6,68.5,1.008,97.1,2,0,2,0.577,61.9,1,23.5,SUPER_DREAM,80.7
10.0,0,0,94.1,87.1,100.0,2.485,99.8,4,1,1,0.856,70.8,1,41.47,SUPER_DREAM,99.0
7.59,0,2,68.2,65.8,46.8,0.131,96.7,0,2,1,0.568,45.7,3,20.33,SUPER_DREAM,72.0
8.52,0,1,66.9,59.3,80.4,0.899,98.1,2,0,2,0.529,61.4,3,27.96,SUPER_DREAM,88.3
7.69,0,0,45.3,48.7,76.7,0.844,97.4,4,0,3,0.52,63.8,3,27.61,SUPER_DREAM,88.0
7.49,0,0,64.9,63.0,76.8,1.064,92.4,0,6,0,0.445,63.6,3,29.48,SUPER_DREAM,89.6
8.61,0,0,77.4,91.0,27.7,0.451,99.6,2,3,0,0.726,59.1,3,24.49,SUPER_DREAM,82.5
7.28,0,4,29.1,55.2,41.6,-0.936,98.6,2,0,2,0.586,60.4,3,19.19,DREAM,73.6
7.89,0,0,53.9,67.8,41.4,-0.178,92.2,1,1,0,0.725,63.3,3,18.52,DREAM,71.2
7.95,0,0,56.2,58.0,63.1,0.722,98.9,1,1,1,0.539,86.9,2,23.14,SUPER_DREAM,85.6
6.87,0,0,55.1,28.9,11.1,-1.574,99.9,3,3,1,0.458,32.0,2,16.2,DREAM,63.4
8.69,0,0,62.3,84.1,32.5,0.383,99.8,2,2,1,0.808,75.5,1,22.12,SUPER_DREAM,81.9
7.41,0,0,58.6,69.2,93.0,1.751,98.2,2,3,1,0.641,63.7,3,35.81,SUPER_DREAM,99.0
6.77,0,0,50.2,59.4,57.3,0.368,99.3,3,3,2,0.564,64.1,2,22.51,SUPER_DREAM,80.1
8.19,0,0,65.0,62.5,65.5,0.624,99.7,3,2,0,0.594,58.9,2,26.55,SUPER_DREAM,85.9
6.61,0,0,42.5,56.1,50.9,0.846,99.2,2,0,1,0.6,72.5,2,20.53,SUPER_DREAM,78.5
7.63,0,0,53.6,71.5,59.2,1.166,99.6,2,1,1,0.643,79.3,2,25.19,SUPER_DREAM,87.7
7.59,0,0,47.9,81.2,74.0,1.493,100.0,3,3,1,0.67,36.6,3,30.4,SUPER_DREAM,88.0
8.79,0,0,77.5,85.6,59.1,1.01,99.7,2,2,0,0.824,96.4,3,30.76,SUPER_DREAM,99.0
8.12,0,0,73.1,65.2,65.8,0.941,95.7,2,3,1,0.515,67.2,3,28.16,SUPER_DREAM,89.1
7.57,0,0,51.5,40.0,60.0,0.347,100.0,1,3,3,0.25,66.6,3,21.88,SUPER_DREAM,79.8
8.5,0,0,88.2,70.7,48.2,0.484,97.0,1,0,2,0.485,44.1,2,19.07,DREAM,69.7
9.13,0,0,72.5,79.0,97.5,1.781,67.2,2,1,0,0.698,56.4,3,34.75,SUPER_DREAM,89.4
8.21,0,0,85.5,75.3,55.5,1.207,98.3,4,2,2,0.845,85.4,3,31.91,SUPER_DREAM,99.0
7.61,0,0,53.4,77.7,74.7,1.367,99.5,3,0,0,0.744,66.0,3,30.07,SUPER_DREAM,93.2
6.16,0,0,22.3,41.4,41.0,0.161,95.8,2,1,2,0.365,71.2,3,16.31,DREAM,70.2
6.43,0,0,54.1,75.1,71.5,1.205,93.7,2,0,2,0.581,58.1,3,24.5,SUPER_DREAM,80.6
7.26,0,1,60.6,30.3,33.4,-0.965,99.6,1,3,1,0.334,94.6,2,16.47,DREAM,76.2
6.93,0,1,54.7,57.1,28.6,-0.084,93.9,2,3,0,0.512,62.7,3,20.09,SUPER_DREAM,74.2
7.39,1,1,51.2,45.2,37.4,-0.384,99.6,2,0,1,0.463,82.0,1,12.17,DREAM,66.5
7.66,2,1,61.2,32.6,59.3,-0.028,99.1,2,2,0,0.337,62.7,3,14.77,DREAM,66.9
8.18,0,0,60.7,62.2,90.9,1.112,93.6,3,2,1,0.639,70.2,3,32.76,SUPER_DREAM,96.7
7.52,0,0,56.6,37.3,83.9,0.963,94.1,0,2,0,0.293,70.3,3,26.06,SUPER_DREAM,85.7
8.14,0,0,76.5,62.2,21.0,-0.772,97.9,2,2,0,0.75,78.9,2,19.64,DREAM,77.9
7.67,0,0,63.9,59.9,61.5,0.409,94.5,2,0,1,0.571,76.1,2,21.65,SUPER_DREAM,79.7
5.43,0,0,46.6,50.4,0.0,-1.64,99.1,1,0,2,0.382,57.9,1,10.02,CORE,58.0
6.57,2,1,47.9,26.1,58.1,-0.102,99.1,2,0,1,0.317,82.4,3,12.45,DREAM,67.0
7.44,0,0,55.3,69.6,74.4,0.664,82.3,2,3,1,0.531,50.1,3,27.88,SUPER_DREAM,81.2
6.27,0,0,33.9,45.3,39.5,-0.471,98.5,3,1,0,0.421,47.2,1,14.1,DREAM,62.5
8.26,0,0,63.2,80.3,65.6,1.368,98.9,1,6,1,0.722,60.6,2,29.16,SUPER_DREAM,90.4
9.28,0,0,38.0,71.1,77.7,0.88,96.6,2,1,1,0.642,70.9,3,30.79,SUPER_DREAM,94.5
8.94,0,0,67.3,54.7,58.2,0.391,95.6,5,2,3,0.772,49.7,1,24.77,SUPER_DREAM,79.9
7.37,0,2,57.7,39.0,61.2,-0.075,98.2,3,2,0,0.323,63.8,2,20.98,SUPER_DREAM,77.2
9.24,0,0,84.2,58.6,71.7,0.701,99.6,3,2,0,0.512,44.2,3,29.57,SUPER_DREAM,88.0
7.76,0,1,59.4,67.1,74.9,1.586,98.7,2,0,0,0.613,61.0,3,30.29,SUPER_DREAM,92.3
7.23,0,0,61.5,75.2,49.7,-0.0,93.6,1,0,2,0.52,79.6,2,18.35,DREAM,74.6
6.93,1,2,28.1,43.3,32.6,-0.427,98.9,4,0,1,0.429,52.3,2,13.48,DREAM,62.6
7.27,0,0,57.0,63.7,24.6,-0.632,99.4,1,3,2,0.42,46.7,3,17.84,DREAM,68.9
7.17,0,0,36.6,32.6,17.5,-1.481,98.7,5,2,1,0.502,70.7,3,18.7,DREAM,74.9
7.79,0,0,48.4,63.2,82.1,0.893,98.8,1,0,3,0.535,53.2,3,27.84,SUPER_DREAM,86.7
7.78,0,1,60.5,69.9,50.1,0.627,99.5,1,0,0,0.687,100.0,1,20.92,SUPER_DREAM,84.7
7.6,1,3,76.3,38.4,62.3,0.08,40.3,2,1,0,0.304,67.9,3,15.03,DREAM,50.7
8.08,0,0,70.3,61.0,94.1,1.447,90.7,2,1,2,0.467,80.4,2,29.81,SUPER_DREAM,93.0
8.91,0,0,74.3,83.0,61.8,1.047,92.1,3,1,1,0.645,45.3,2,28.66,SUPER_DREAM,84.5
8.64,0,3,71.2,29.0,57.4,-0.248,99.0,5,6,1,0.549,71.9,2,27.99,SUPER_DREAM,90.7
5.97,0,0,36.1,59.3,34.2,-0.887,94.1,2,2,1,0.545,49.9,2,16.07,DREAM,65.0
5.0,0,0,28.5,35.0,25.5,-1.182,97.5,0,0,1,0.167,62.3,2,10.1,CORE,58.5
8.63,0,0,76.4,79.9,100.0,2.367,98.1,2,0,3,0.613,53.7,2,36.15,SUPER_DREAM,99.0
6.1,0,0,29.3,36.3,66.3,-0.236,98.2,3,0,3,0.424,80.6,3,20.33,SUPER_DREAM,79.5
7.35,0,1,65.6,31.8,64.4,-0.259,99.7,2,0,0,0.337,69.8,3,18.59,DREAM,74.9
6.31,0,1,43.5,51.9,66.8,0.416,98.1,1,2,1,0.34,66.8,2,21.23,SUPER_DREAM,78.2
5.62,0,0,51.1,35.6,29.2,-1.129,95.4,2,0,1,0.384,85.4,3,12.92,DREAM,67.2
8.2,0,0,78.5,65.6,68.7,0.866,99.8,3,1,1,0.529,65.2,2,27.84,SUPER_DREAM,89.4
8.44,0,1,49.3,83.0,60.8,0.656,99.2,2,1,0,0.705,80.5,2,27.17,SUPER_DREAM,91.1
6.97,0,0,47.7,62.3,25.4,-0.61,98.6,3,0,1,0.602,92.0,3,16.52,DREAM,75.5
5.0,1,2,24.7,56.9,46.7,0.024,67.7,1,0,3,0.49,67.1,2,11.51,CORE,52.9
7.0,0,0,33.2,54.1,58.6,0.534,94.8,3,2,0,0.656,68.9,1,21.26,SUPER_DREAM,77.7
8.03,0,0,52.9,53.7,61.7,0.798,95.9,1,3,2,0.406,79.3,2,24.38,SUPER_DREAM,85.3
5.97,0,3,74.0,38.1,36.6,-0.718,99.9,2,0,0,0.387,86.6,3,14.4,DREAM,71.3
7.8,0,0,70.3,66.6,31.5,0.344,96.1,2,2,1,0.428,66.9,2,19.39,DREAM,74.5
7.58,0,0,83.8,72.6,38.4,0.05,99.9,3,2,1,0.846,55.4,3,21.7,SUPER_DREAM,77.2
8.24,0,0,77.3,45.1,69.9,0.747,69.7,1,2,1,0.227,78.0,3,24.47,SUPER_DREAM,77.3
7.73,0,0,53.4,60.2,48.3,0.73,96.8,4,2,2,0.655,73.6,2,25.53,SUPER_DREAM,86.3
6.53,0,0,45.7,69.4,39.4,0.112,91.1,3,3,3,0.462,77.9,3,22.37,SUPER_DREAM,80.2
8.92,0,4,81.2,69.7,70.1,0.586,91.9,1,0,1,0.482,75.5,2,25.2,SUPER_DREAM,84.7
7.43,0,1,64.5,69.7,41.8,0.176,99.8,3,0,1,0.807,68.1,2,19.72,DREAM,76.4
7.57,0,0,53.8,65.2,38.4,-0.228,68.5,3,2,1,0.728,69.0,3,21.44,SUPER_DREAM,70.1
6.57,0,0,32.6,60.7,14.9,-0.923,99.8,3,3,0,0.684,75.5,3,18.45,DREAM,75.8
7.11,0,0,95.6,41.9,47.7,0.365,99.7,4,0,0,0.518,43.3,3,21.39,SUPER_DREAM,74.2
6.63,0,0,49.6,36.6,55.7,-0.465,94.6,3,2,2,0.568,84.9,3,23.12,SUPER_DREAM,83.9
7.41,0,0,55.2,56.8,24.3,-0.544,99.9,2,0,1,0.538,71.7,1,16.04,DREAM,71.0
9.48,1,1,81.2,57.9,78.4,0.745,95.5,3,3,1,0.64,52.3,3,28.62,SUPER_DREAM,86.8
6.09,0,0,43.0,38.2,43.2,-0.533,99.7,3,2,3,0.659,67.8,2,18.21,DREAM,73.8
5.83,0,1,44.7,42.6,17.1,-0.912,93.0,2,0,0,0.506,84.8,1,12.0,DREAM,64.9
9.22,0,0,92.6,100.0,100.0,2.595,98.0,2,2,0,0.815,69.4,2,41.67,SUPER_DREAM,99.0
7.37,0,0,57.2,61.7,46.5,0.061,84.6,4,1,2,0.713,54.0,3,24.08,SUPER_DREAM,76.3
6.86,0,0,39.7,59.3,45.5,-0.143,87.1,2,0,1,0.647,45.9,2,16.65,DREAM,63.1
8.74,0,0,70.5,87.5,67.0,1.355,99.1,2,3,1,0.782,100.0,3,32.11,SUPER_DREAM,99.0
6.93,0,0,48.8,37.8,16.3,-0.742,95.3,2,0,0,0.447,38.9,2,13.29,DREAM,58.5
9.61,0,3,98.2,78.4,98.5,1.751,94.1,3,1,3,0.832,70.1,1,36.39,SUPER_DREAM,99.0
8.35,0,0,82.5,100.0,47.9,1.512,94.0,2,2,0,1.0,56.2,2,28.76,SUPER_DREAM,87.4
7.06,0,2,56.9,51.6,45.5,0.257,92.2,3,3,0,0.466,80.6,3,22.44,SUPER_DREAM,81.2
9.97,0,0,69.4,100.0,95.4,2.774,99.4,1,0,0,0.816,46.8,2,37.83,SUPER_DREAM,99.0
6.93,0,4,39.6,64.8,74.5,1.123,94.7,3,2,1,0.67,89.1,3,28.57,SUPER_DREAM,93.9
8.42,0,0,69.3,46.9,46.6,0.186,98.3,2,0,2,0.417,63.1,1,16.42,DREAM,69.5
7.93,0,3,68.3,66.6,52.1,0.092,99.1,3,3,0,0.594,61.7,1,21.53,SUPER_DREAM,78.0
9.03,0,0,70.8,76.4,98.3,1.776,96.4,2,0,0,0.787,60.3,2,36.11,SUPER_DREAM,99.0
9.32,1,1,72.4,82.1,85.2,1.927,97.3,1,2,1,0.553,56.1,3,31.71,SUPER_DREAM,93.3
7.64,0,2,54.2,48.4,68.7,0.618,99.4,2,2,3,0.346,59.5,2,23.87,SUPER_DREAM,81.5
6.77,0,0,52.4,33.8,27.3,-1.048,100.0,5,0,0,0.492,75.8,3,17.59,DREAM,74.5
8.11,0,0,37.5,57.5,55.4,-0.437,94.5,3,0,1,0.44,39.2,3,20.46,SUPER_DREAM,70.3
6.85,0,0,40.3,49.0,44.2,-0.323,98.3,2,0,1,0.396,53.8,3,17.63,DREAM,69.6
9.81,0,3,75.6,99.6,67.3,1.159,99.8,4,3,2,0.853,87.4,3,36.84,SUPER_DREAM,99.0
7.75,0,0,77.0,85.7,27.9,0.198,82.9,3,1,2,0.787,63.6,2,21.62,SUPER_DREAM,73.6
7.2,0,0,47.2,73.7,42.2,0.183,82.8,2,3,0,0.752,56.4,2,20.54,SUPER_DREAM,70.3
7.8,0,0,65.2,72.9,83.0,1.26,84.6,2,0,1,0.583,45.9,1,28.43,SUPER_DREAM,81.9
6.12,0,0,48.9,28.2,39.5,0.042,93.2,2,0,0,0.387,47.4,3,13.29,DREAM,59.6
6.53,1,1,65.9,41.1,68.1,0.677,98.1,1,3,1,0.408,79.7,3,20.11,SUPER_DREAM,78.9
8.92,0,0,89.4,76.1,75.3,1.596,83.7,3,2,0,0.535,52.7,3,32.97,SUPER_DREAM,90.6
6.88,0,0,53.1,41.8,33.8,0.01,93.9,1,2,0,0.308,77.1,1,13.9,DREAM,66.7
6.45,0,2,43.8,54.0,65.4,0.782,69.8,2,3,1,0.468,50.3,3,24.84,SUPER_DREAM,72.4
8.19,0,0,58.9,75.2,67.1,0.785,99.0,3,6,3,0.737,63.1,1,28.86,SUPER_DREAM,90.4
8.9,0,0,71.1,80.5,89.2,1.518,80.7,4,0,2,0.849,64.0,1,31.59,SUPER_DREAM,89.7
8.39,0,0,63.7,81.7,46.5,0.816,99.0,1,0,0,0.658,53.7,3,23.29,SUPER_DREAM,79.3
8.7,0,0,78.6,58.0,88.0,0.683,98.9,2,0,0,0.454,66.2,3,29.45,SUPER_DREAM,92.0
6.77,0,0,57.7,62.5,65.5,0.69,97.8,2,3,0,0.507,33.3,3,25.56,SUPER_DREAM,78.6
6.04,0,1,52.5,31.7,42.6,-1.239,92.8,3,0,0,0.281,63.7,3,17.44,DREAM,69.6
9.25,0,0,92.6,63.6,61.5,0.646,100.0,4,2,1,0.69,71.7,3,28.86,SUPER_DREAM,92.4
7.25,0,0,79.8,62.1,51.1,0.532,43.8,0,3,2,0.406,52.5,2,19.26,DREAM,55.7
7.32,0,0,59.7,72.6,63.9,0.952,99.2,2,2,2,0.671,68.2,2,24.9,SUPER_DREAM,84.9
9.06,0,0,88.8,81.5,78.0,1.75,98.0,0,0,3,0.626,67.3,3,30.23,SUPER_DREAM,93.3
8.21,0,1,62.9,65.6,74.4,1.633,98.4,3,1,1,0.613,67.9,3,30.81,SUPER_DREAM,94.4
8.1,0,0,80.2,68.5,80.4,1.239,97.9,1,0,2,0.562,44.8,2,24.86,SUPER_DREAM,79.8
9.98,0,0,97.6,86.7,73.1,2.27,97.9,4,1,2,0.83,66.4,3,37.12,SUPER_DREAM,99.0
6.89,0,0,66.0,35.1,26.9,-0.928,99.4,1,0,1,0.216,39.2,2,13.54,DREAM,60.2
8.62,0,0,72.3,52.4,67.8,0.867,99.4,3,0,3,0.483,55.6,3,27.03,SUPER_DREAM,86.0
7.66,0,0,53.6,58.2,51.0,0.011,99.1,1,3,3,0.286,64.9,3,21.19,SUPER_DREAM,78.0
7.9,0,0,47.2,63.0,73.9,1.462,99.4,2,6,2,0.529,68.1,2,31.55,SUPER_DREAM,96.0
9.28,0,0,77.3,77.3,57.0,1.069,92.7,2,6,0,0.613,46.9,2,31.08,SUPER_DREAM,89.0
8.16,0,1,85.0,74.2,81.3,1.864,98.2,1,0,0,0.492,60.7,3,29.62,SUPER_DREAM,91.0
8.19,0,0,63.2,62.1,87.7,1.388,99.5,1,3,3,0.56,76.9,3,33.42,SUPER_DREAM,99.0
8.78,1,2,82.2,79.5,70.4,0.823,95.7,1,2,1,0.658,50.3,3,25.03,SUPER_DREAM,80.5
7.2,1,2,67.1,52.2,52.5,0.256,93.8,0,3,2,0.409,32.7,3,15.7,DREAM,60.8
6.68,0,0,48.4,74.0,31.3,-0.59,99.7,1,3,1,0.633,72.9,2,18.53,DREAM,75.4
6.45,0,0,65.3,47.1,32.6,-0.68,99.5,2,6,2,0.449,50.9,3,20.5,SUPER_DREAM,74.2
5.44,0,0,10.0,67.6,22.9,-0.404,98.4,3,0,0,0.652,55.4,3,15.61,DREAM,66.6
9.86,0,0,68.9,88.4,100.0,2.981,69.2,3,2,1,0.865,67.0,3,42.0,SUPER_DREAM,99.0
6.39,1,1,37.9,42.3,40.3,-0.349,96.2,1,2,2,0.409,66.2,2,11.7,CORE,61.6
7.36,0,0,48.7,43.3,29.5,-0.707,98.6,1,0,1,0.446,80.3,3,15.97,DREAM,72.3
7.3,0,0,62.0,35.1,57.1,-0.104,95.1,3,0,1,0.422,61.4,1,18.15,DREAM,71.0
7.94,0,0,67.9,48.4,75.1,0.32,69.8,2,0,2,0.38,66.0,3,24.01,SUPER_DREAM,74.2
8.5,0,0,74.7,56.2,66.5,0.644,97.8,1,3,0,0.472,39.6,3,25.66,SUPER_DREAM,80.0
8.55,0,0,77.6,74.5,94.0,1.842,95.7,2,3,0,0.596,74.4,1,35.13,SUPER_DREAM,99.0
6.96,1,1,43.2,44.2,62.5,-0.032,99.3,1,2,2,0.422,54.6,2,16.6,DREAM,68.4
7.42,0,0,44.5,59.2,35.1,-0.619,69.7,1,1,0,0.497,100.0,3,18.09,DREAM,71.1
7.91,0,1,68.9,80.0,50.0,0.455,98.8,3,0,1,0.744,61.8,2,21.51,SUPER_DREAM,77.8
7.33,0,0,50.7,54.4,57.0,0.316,93.5,1,2,3,0.409,71.4,3,22.17,SUPER_DREAM,79.3
9.37,0,0,59.8,100.0,47.4,0.786,98.0,4,0,1,1.0,74.6,2,27.74,SUPER_DREAM,90.5
8.14,0,0,78.1,48.1,68.7,0.208,97.9,4,1,3,0.65,63.7,3,25.83,SUPER_DREAM,85.2
8.41,0,0,85.8,65.4,34.2,-0.08,97.8,3,3,1,0.593,71.6,1,21.29,SUPER_DREAM,79.1
8.33,0,0,87.0,59.1,83.4,1.344,99.9,2,2,1,0.435,98.8,2,30.08,SUPER_DREAM,99.0
8.89,0,1,76.2,85.9,88.0,1.895,83.8,1,2,0,0.676,53.7,2,35.45,SUPER_DREAM,95.0
7.8,0,2,70.5,29.4,67.7,-0.05,99.8,2,0,0,0.421,31.4,2,19.15,DREAM,68.1
6.17,0,0,63.2,22.7,26.9,-1.06,99.2,2,0,3,0.178,45.5,3,13.37,DREAM,61.1
8.04,0,0,57.7,61.9,64.5,0.618,81.6,4,2,0,0.711,80.0,1,27.51,SUPER_DREAM,86.3
6.88,0,0,67.2,72.4,38.4,-0.257,97.9,1,0,0,0.501,57.8,3,17.75,DREAM,70.5
7.02,0,2,58.5,55.4,30.7,-0.162,89.2,3,0,2,0.486,100.0,3,18.1,DREAM,76.9
8.25,0,0,78.4,46.8,57.8,0.277,99.6,2,0,2,0.522,75.9,2,19.98,DREAM,78.4
8.96,2,3,76.9,56.8,85.1,1.154,84.0,3,1,3,0.63,55.2,1,21.87,SUPER_DREAM,72.7
7.62,0,0,76.8,82.3,57.3,0.392,91.7,2,0,0,0.684,53.3,3,23.59,SUPER_DREAM,77.5
7.94,0,0,67.1,53.6,86.4,0.941,99.5,2,1,0,0.559,58.3,1,27.23,SUPER_DREAM,86.9
9.47,1,2,61.9,66.0,92.5,2.199,99.7,5,1,1,0.817,34.0,3,34.81,SUPER_DREAM,94.7
7.86,0,0,81.1,82.2,71.2,0.828,98.9,1,0,1,0.516,69.2,1,22.92,SUPER_DREAM,81.7
10.0,0,0,73.6,99.2,56.0,1.089,69.0,1,0,0,0.761,75.4,2,28.44,SUPER_DREAM,83.2
8.22,0,0,82.3,83.3,58.5,0.917,92.2,2,3,0,0.816,50.5,3,28.7,SUPER_DREAM,85.6
5.66,0,0,40.5,24.0,13.8,-1.51,93.8,2,1,2,0.326,41.7,1,11.32,CORE,55.3
8.43,0,0,83.4,46.4,62.9,-0.136,96.1,1,0,1,0.175,51.3,3,18.86,DREAM,70.5
8.02,0,0,78.8,65.1,48.8,0.316,95.6,1,1,0,0.43,80.0,2,19.85,DREAM,77.8
9.02,0,1,80.3,78.9,66.4,0.565,99.7,0,0,3,0.632,77.0,1,22.59,SUPER_DREAM,83.0
8.34,0,0,74.5,71.8,84.2,1.492,97.5,3,0,0,0.638,68.2,1,29.85,SUPER_DREAM,92.6
7.45,0,3,64.5,77.6,62.9,0.744,44.3,2,1,2,0.753,89.6,2,22.01,SUPER_DREAM,67.9
6.25,0,0,23.4,19.5,58.2,-0.624,94.8,3,0,3,0.48,39.7,3,18.28,DREAM,66.8
7.37,0,0,60.1,68.1,24.6,-0.149,95.8,2,1,1,0.578,61.9,2,17.8,DREAM,70.8
6.66,0,0,38.3,33.0,46.0,-0.531,99.3,3,0,1,0.361,73.4,2,16.26,DREAM,71.6
6.96,0,0,56.7,63.6,65.9,0.891,99.2,2,0,0,0.484,76.8,1,21.57,SUPER_DREAM,81.1
8.25,0,0,53.8,59.1,91.1,1.566,94.2,2,0,2,0.594,77.1,3,32.74,SUPER_DREAM,98.2
9.44,0,4,65.1,67.4,50.4,0.741,94.6,2,0,0,0.544,75.9,2,23.22,SUPER_DREAM,82.2
8.03,0,0,84.6,54.8,55.1,-0.113,98.9,1,3,1,0.412,84.8,3,22.41,SUPER_DREAM,84.0
6.28,0,0,60.7,23.9,59.0,0.024,98.9,4,0,1,0.319,76.4,3,18.22,DREAM,75.3
8.09,0,0,65.8,64.5,58.6,0.554,98.9,3,6,0,0.597,47.7,3,27.54,SUPER_DREAM,85.1
8.92,0,1,76.4,62.3,55.6,0.3,65.0,2,6,3,0.499,58.2,3,27.68,SUPER_DREAM,77.3
6.93,0,2,51.3,62.2,20.3,-0.993,99.2,5,1,2,0.577,39.6,2,16.73,DREAM,65.5
7.45,0,0,66.4,65.9,37.4,0.121,84.9,2,2,0,0.514,79.9,2,19.29,DREAM,73.6
7.62,0,0,53.0,82.4,26.0,-0.349,94.6,2,3,1,0.757,82.9,2,21.15,SUPER_DREAM,80.2
6.74,0,0,64.3,54.2,46.9,0.147,97.4,3,0,1,0.668,46.7,1,16.77,DREAM,66.5
8.31,0,0,65.1,73.7,80.9,1.98,83.2,2,0,2,0.628,59.3,3,34.05,SUPER_DREAM,93.6
7.47,0,0,54.6,76.7,31.9,0.286,93.9,2,0,0,0.66,38.7,3,20.08,SUPER_DREAM,69.4
8.06,0,0,65.9,54.9,66.4,1.007,97.6,2,2,3,0.527,63.2,3,26.8,SUPER_DREAM,86.6
6.62,0,0,44.1,27.0,59.7,-0.384,94.6,2,0,0,0.466,52.6,2,17.32,DREAM,67.8
7.12,0,0,60.1,56.1,50.4,0.362,99.7,1,3,0,0.372,47.5,2,18.34,DREAM,70.0
8.39,0,0,62.5,47.4,36.7,-0.792,98.5,0,1,1,0.231,64.6,2,16.93,DREAM,70.7
7.19,0,3,62.5,88.4,58.2,0.946,97.8,4,3,0,0.855,93.2,2,27.96,SUPER_DREAM,94.6
9.5,1,2,94.6,99.9,78.0,2.36,99.6,2,0,2,0.851,76.9,2,32.31,SUPER_DREAM,99.0
7.16,0,0,48.0,84.1,48.1,0.442,68.2,1,2,0,0.646,61.2,1,19.75,DREAM,65.6
7.85,0,0,61.9,62.2,49.3,0.557,66.0,3,2,3,0.506,64.3,3,24.58,SUPER_DREAM,73.6
8.63,0,0,76.8,77.6,70.1,1.459,97.4,1,0,2,0.674,93.2,1,25.74,SUPER_DREAM,90.8
6.04,0,0,40.2,35.0,46.7,-0.078,97.8,1,3,2,0.294,83.9,3,16.64,DREAM,73.9
5.66,1,1,47.2,49.7,76.0,0.393,96.9,5,1,1,0.692,60.3,3,21.14,SUPER_DREAM,76.4
5.92,0,0,50.9,23.1,38.1,-0.738,99.8,4,0,1,0.526,72.5,2,13.92,DREAM,67.6
8.99,0,2,87.9,38.3,100.0,1.218,99.5,1,6,1,0.211,50.0,3,35.24,SUPER_DREAM,98.6
6.99,0,3,47.7,40.9,55.4,0.304,99.9,4,1,3,0.388,65.4,2,20.05,SUPER_DREAM,76.5
10.0,0,0,73.7,64.6,83.2,0.792,99.7,4,0,0,0.738,76.5,2,32.84,SUPER_DREAM,99.0
6.98,0,0,51.1,72.5,51.4,0.602,95.1,2,0,1,0.464,80.3,3,20.85,SUPER_DREAM,79.3
7.8,0,0,51.4,86.3,36.6,0.392,94.5,2,2,3,0.692,55.4,3,25.1,SUPER_DREAM,81.3
9.3,0,0,84.7,57.6,82.1,0.517,97.8,1,1,1,0.418,80.0,3,27.6,SUPER_DREAM,91.4
9.81,0,0,69.1,100.0,46.8,0.639,97.6,1,2,1,0.789,67.2,1,23.91,SUPER_DREAM,82.6
9.87,0,0,100.0,96.9,67.9,0.925,97.9,2,2,1,0.745,60.7,2,29.02,SUPER_DREAM,89.9
8.93,0,2,89.8,51.2,74.1,0.531,98.4,3,0,3,0.578,93.6,2,26.54,SUPER_DREAM,92.5
8.73,0,0,72.4,65.5,91.2,1.712,98.7,3,0,0,0.553,59.6,3,33.94,SUPER_DREAM,98.1
8.25,0,0,77.9,57.6,89.8,1.405,93.9,1,2,3,0.364,48.4,2,29.53,SUPER_DREAM,87.1
8.46,0,0,49.9,78.5,62.2,0.987,80.0,1,2,0,0.611,54.9,2,26.02,SUPER_DREAM,78.4
6.99,0,0,85.2,34.7,51.7,-0.566,100.0,2,0,2,0.372,75.9,3,19.09,DREAM,77.0
6.7,0,0,44.9,47.3,63.1,0.676,84.9,2,0,0,0.475,50.2,3,20.53,SUPER_DREAM,69.7
7.6,1,2,59.5,49.0,32.2,-0.56,98.6,1,3,0,0.521,77.4,3,16.13,DREAM,72.0
7.41,0,0,36.9,63.2,61.2,0.611,99.2,2,3,2,0.665,52.2,3,26.39,SUPER_DREAM,84.2
7.1,0,0,61.8,50.1,35.3,-0.157,99.0,3,2,1,0.567,63.9,3,19.09,DREAM,74.3
8.37,0,0,55.4,59.5,62.3,0.262,87.7,1,0,1,0.541,98.2,2,24.27,SUPER_DREAM,86.4
8.65,0,0,72.7,67.2,60.5,0.728,97.0,1,2,1,0.551,51.8,2,26.35,SUPER_DREAM,83.4
7.7,1,1,55.4,88.2,65.2,1.347,80.8,1,0,1,0.772,34.7,3,23.03,SUPER_DREAM,69.6
9.23,0,0,64.3,70.6,85.6,1.317,99.1,4,2,0,0.764,85.5,2,33.82,SUPER_DREAM,99.0
6.34,2,1,38.8,30.2,57.2,0.015,99.5,2,2,0,0.287,44.0,1,7.66,CORE,51.4
7.39,0,0,61.6,64.4,59.9,0.729,97.1,2,1,1,0.511,52.8,1,21.04,SUPER_DREAM,74.8
6.81,0,0,37.7,47.9,49.8,-0.077,96.7,3,0,0,0.607,75.9,2,18.93,DREAM,75.7
5.55,0,0,31.5,16.2,64.9,-0.268,98.4,2,2,1,0.219,75.3,3,16.62,DREAM,72.3
7.51,0,0,68.0,88.8,27.7,0.264,95.5,1,3,2,0.835,29.4,3,20.82,SUPER_DREAM,69.2
7.47,0,0,90.9,52.2,85.1,1.334,93.2,3,2,2,0.457,59.9,3,31.01,SUPER_DREAM,91.6
9.26,0,1,83.4,71.6,71.0,1.08,98.7,3,2,1,0.781,77.8,2,29.41,SUPER_DREAM,94.2
8.29,0,0,56.9,68.5,74.8,1.45,99.5,1,0,1,0.505,95.4,3,28.43,SUPER_DREAM,96.3
6.47,0,0,45.3,70.4,36.8,0.211,98.5,0,2,0,0.526,46.4,2,16.7,DREAM,66.7
9.64,0,0,81.8,57.5,68.0,0.155,90.9,3,2,3,0.478,81.0,1,25.03,SUPER_DREAM,85.2
8.94,0,0,70.2,77.2,81.0,1.054,99.3,3,0,1,0.574,55.1,1,27.47,SUPER_DREAM,86.6
8.24,0,0,78.2,94.9,82.6,2.231,98.1,0,2,1,0.782,80.6,1,31.64,SUPER_DREAM,98.3
7.35,0,0,61.1,57.7,61.7,0.431,97.6,3,2,0,0.549,49.4,3,25.02,SUPER_DREAM,80.9
6.54,0,0,61.3,29.7,33.8,-0.844,99.5,4,2,1,0.527,61.5,1,15.2,DREAM,67.5
7.19,0,0,53.1,45.4,100.0,1.751,98.2,1,0,1,0.326,70.8,2,29.98,SUPER_DREAM,93.6
8.8,0,0,88.9,74.7,92.1,1.756,99.2,2,0,0,0.722,79.3,2,33.83,SUPER_DREAM,99.0
9.67,0,0,79.7,100.0,97.9,2.447,81.1,3,6,1,0.846,73.6,3,42.0,SUPER_DREAM,99.0
9.3,0,0,66.3,72.5,70.2,0.796,67.5,1,1,1,0.471,58.6,1,24.65,SUPER_DREAM,73.0
7.06,0,0,81.8,64.3,38.5,0.051,96.5,3,0,0,0.682,57.5,3,19.88,DREAM,73.6
6.37,1,3,26.8,25.0,36.4,-0.733,99.6,4,3,1,0.49,91.7,3,16.35,DREAM,75.5
7.75,0,0,53.7,40.1,77.5,0.454,99.9,3,0,0,0.512,69.2,3,25.45,SUPER_DREAM,86.2
5.65,0,0,34.0,30.4,15.0,-1.717,96.2,1,1,0,0.262,57.9,2,11.8,CORE,60.1
7.96,0,0,94.7,82.6,41.2,1.178,99.0,3,0,1,0.619,73.1,2,23.65,SUPER_DREAM,83.7
7.44,0,0,81.1,57.8,64.0,0.547,99.6,2,6,2,0.439,74.3,1,25.09,SUPER_DREAM,86.6
7.09,0,1,73.8,57.0,55.8,0.109,99.8,1,0,0,0.403,44.7,3,19.23,DREAM,70.9
5.85,0,0,39.5,43.2,21.3,-0.786,98.5,1,2,2,0.342,72.3,3,14.11,DREAM,67.5
8.16,0,3,95.8,80.3,43.3,0.392,69.7,4,2,1,0.893,42.4,2,24.23,SUPER_DREAM,69.8
7.01,0,2,59.6,43.6,75.1,0.298,98.3,2,0,1,0.416,55.3,3,22.56,SUPER_DREAM,78.2
6.31,0,0,59.9,54.1,47.2,0.142,97.4,4,0,3,0.45,50.2,2,18.04,DREAM,69.3
5.0,0,0,37.2,18.4,0.5,-2.375,83.5,1,0,2,0.1,63.1,3,10.24,CORE,54.7
7.57,0,0,60.1,86.0,32.6,0.67,95.3,3,6,1,0.727,58.4,2,25.92,SUPER_DREAM,83.5
9.55,0,0,77.5,68.8,73.1,1.218,84.7,1,3,1,0.501,62.0,2,29.64,SUPER_DREAM,87.2
9.43,0,0,76.8,66.3,91.3,1.483,98.6,0,3,0,0.493,36.6,3,33.3,SUPER_DREAM,92.4
7.1,0,0,63.3,60.8,60.9,0.574,69.6,5,0,3,0.609,63.9,3,26.2,SUPER_DREAM,77.3
6.94,0,0,58.8,52.4,68.6,0.878,65.8,1,0,2,0.316,48.5,3,22.14,SUPER_DREAM,66.3
8.12,0,0,65.8,68.8,35.6,-0.0,94.6,2,1,2,0.638,99.3,2,19.9,DREAM,81.4
6.5,0,0,68.1,49.7,47.1,0.542,94.0,4,2,0,0.695,59.0,2,21.17,SUPER_DREAM,75.3
7.93,0,2,28.7,47.0,85.9,1.356,99.3,3,2,2,0.352,61.1,1,28.46,SUPER_DREAM,89.4
8.44,0,0,75.5,90.5,90.3,2.164,99.3,2,3,0,0.692,75.4,1,35.09,SUPER_DREAM,99.0
8.95,1,1,83.1,86.0,78.9,1.304,96.1,2,3,0,0.811,84.8,1,26.58,SUPER_DREAM,90.1
7.49,0,0,73.7,76.4,97.1,1.898,97.7,2,0,2,0.73,47.3,3,33.39,SUPER_DREAM,94.4
7.38,0,0,58.0,48.7,64.5,0.553,95.7,1,2,3,0.327,73.6,2,22.71,SUPER_DREAM,81.3
6.63,0,0,53.8,53.8,63.4,0.231,99.7,1,2,0,0.529,79.5,2,20.73,SUPER_DREAM,80.4
6.69,0,0,63.7,51.4,46.1,0.298,93.7,2,1,0,0.483,67.8,2,17.56,DREAM,70.9
7.35,0,0,76.4,71.7,39.2,-0.185,97.7,2,2,0,0.674,67.5,1,17.85,DREAM,72.6
8.0,0,0,61.4,79.3,45.3,0.253,65.5,1,3,3,0.559,57.3,3,21.92,SUPER_DREAM,67.6
8.6,0,1,74.3,72.4,71.5,0.924,99.0,1,1,1,0.59,60.2,3,27.16,SUPER_DREAM,87.0
6.72,0,0,72.3,27.6,41.8,-0.471,99.2,2,0,1,0.22,63.4,3,16.71,DREAM,70.3
9.24,0,0,51.9,100.0,44.1,0.581,95.1,2,1,1,0.776,58.6,3,26.26,SUPER_DREAM,84.0
7.3,0,1,49.7,63.1,34.2,-0.753,84.9,2,3,1,0.538,78.3,2,20.12,SUPER_DREAM,74.7
7.58,0,1,78.4,49.8,50.2,0.328,93.7,1,3,0,0.42,51.9,2,21.45,SUPER_DREAM,74.2
6.78,0,0,65.9,55.3,59.4,0.255,98.8,3,0,0,0.759,77.8,2,20.67,SUPER_DREAM,79.6
5.0,0,0,41.3,8.8,24.7,-1.902,99.7,4,2,2,0.507,84.9,3,14.66,DREAM,71.3
8.57,0,2,65.3,84.1,66.6,0.952,99.0,1,0,1,0.617,70.5,1,24.28,SUPER_DREAM,84.3
8.41,0,0,58.5,46.9,48.2,0.398,97.4,1,0,0,0.507,38.2,1,16.48,DREAM,64.3
7.29,0,0,50.8,52.1,52.9,-0.068,99.1,3,1,1,0.456,74.2,2,19.8,DREAM,77.6
7.67,0,0,80.3,62.8,80.8,1.144,99.3,4,1,0,0.712,55.3,3,31.2,SUPER_DREAM,92.8
8.17,0,1,59.1,79.4,65.8,0.928,97.0,0,0,1,0.501,57.1,3,26.19,SUPER_DREAM,84.2
5.88,0,0,45.0,41.2,8.4,-1.793,91.0,0,2,0,0.252,70.4,2,12.12,DREAM,61.6
7.02,0,4,46.1,61.1,26.7,-0.7,97.0,1,3,2,0.7,81.6,1,16.17,DREAM,72.4
8.47,0,0,79.9,67.8,77.3,0.784,96.3,3,1,1,0.624,40.1,2,28.36,SUPER_DREAM,84.2
6.22,0,1,40.7,43.0,35.6,-0.286,94.4,5,0,1,0.549,65.9,1,16.53,DREAM,69.0
7.92,0,0,63.1,63.3,58.7,0.559,96.8,3,0,2,0.543,94.9,2,24.41,SUPER_DREAM,88.7
6.11,0,0,25.9,39.5,27.3,-0.147,92.1,2,0,1,0.335,48.5,2,12.06,DREAM,57.4
8.11,0,2,46.8,40.6,71.4,0.243,92.2,3,0,1,0.351,62.0,2,23.63,SUPER_DREAM,79.5
7.56,0,0,60.7,47.4,50.3,-0.3,97.8,1,3,0,0.41,55.8,2,21.05,SUPER_DREAM,75.6
5.82,0,0,27.3,42.5,31.5,-0.245,92.6,3,1,3,0.494,75.5,2,16.62,DREAM,70.6
8.88,0,0,99.1,69.2,56.3,0.889,95.4,2,0,0,0.631,46.2,3,26.81,SUPER_DREAM,82.5
6.79,0,0,28.2,47.5,63.1,0.459,82.7,1,0,2,0.392,41.4,1,16.46,DREAM,60.5
6.71,0,0,42.5,44.3,41.5,-0.703,97.1,1,3,3,0.324,77.5,1,16.94,DREAM,72.9
7.82,0,0,63.4,48.9,69.8,1.096,84.5,3,1,1,0.47,68.6,2,25.35,SUPER_DREAM,81.3
8.86,0,0,69.3,65.6,49.9,0.287,95.1,3,1,0,0.652,47.2,2,23.0,SUPER_DREAM,76.3
6.48,0,0,36.6,42.0,74.0,0.431,98.8,2,1,0,0.41,64.0,3,22.48,SUPER_DREAM,79.9
7.67,0,0,50.2,59.4,80.0,1.431,99.6,1,0,1,0.425,45.8,1,23.69,SUPER_DREAM,78.5
8.07,0,0,53.8,69.3,27.5,-0.296,96.8,0,6,1,0.462,78.8,1,19.03,DREAM,76.5
8.36,2,1,65.2,64.5,50.9,-0.033,99.1,1,0,1,0.634,69.2,2,11.49,CORE,62.7
7.79,0,0,86.4,46.3,67.1,0.452,69.6,1,2,2,0.542,54.3,3,23.27,SUPER_DREAM,70.5
7.2,0,0,57.9,34.6,27.6,-1.215,99.4,2,0,3,0.344,56.3,2,13.47,DREAM,63.5
6.69,0,3,66.1,85.0,42.9,-0.417,99.9,1,1,1,0.596,58.1,2,19.08,DREAM,73.4
7.69,0,0,68.0,43.8,65.0,0.062,84.8,3,3,2,0.483,48.9,2,24.4,SUPER_DREAM,75.9
6.42,0,2,62.6,38.4,38.7,-0.729,98.2,3,2,0,0.539,85.1,1,18.54,DREAM,77.4
5.0,0,2,10.0,37.2,34.7,-1.061,96.0,2,0,1,0.377,82.4,3,14.0,DREAM,68.6
8.08,1,1,62.1,68.9,49.5,0.536,43.8,2,2,0,0.631,59.0,3,18.76,DREAM,56.2
8.59,0,0,86.6,76.8,27.7,-0.365,98.0,1,0,1,0.545,60.3,3,20.03,SUPER_DREAM,74.8
5.0,1,1,28.1,23.8,42.7,-0.6,96.7,2,6,3,0.193,48.2,3,12.89,DREAM,60.1
6.49,0,1,71.0,49.7,60.4,-0.062,94.1,4,2,2,0.649,62.6,3,22.19,SUPER_DREAM,77.7
8.28,0,0,85.6,67.0,100.0,2.112,97.9,3,0,1,0.664,72.3,2,34.36,SUPER_DREAM,99.0
9.86,0,0,78.0,79.1,43.6,0.008,99.1,1,0,0,0.666,82.7,1,20.99,SUPER_DREAM,81.3
7.62,0,0,55.2,62.3,70.0,0.143,97.9,3,0,0,0.479,51.6,1,20.13,SUPER_DREAM,73.2
6.8,0,0,40.8,64.6,11.2,-0.503,99.5,3,2,0,0.779,39.7,3,20.09,SUPER_DREAM,71.3
7.4,0,0,51.4,56.1,85.4,0.927,92.4,2,1,0,0.533,49.9,2,26.41,SUPER_DREAM,81.7
9.11,0,0,61.3,75.0,83.1,2.021,69.8,3,0,0,0.561,73.3,1,31.65,SUPER_DREAM,88.4
6.89,0,0,59.0,65.7,30.5,-0.1,83.6,1,3,0,0.599,64.3,2,17.59,DREAM,67.3
6.72,0,0,34.7,62.4,59.7,0.776,99.3,2,0,0,0.527,79.9,1,19.9,DREAM,78.9
7.07,0,0,62.9,74.9,39.9,0.509,98.2,2,0,0,0.647,65.6,1,17.37,DREAM,71.5
6.55,0,0,58.1,22.5,49.0,-0.546,98.9,4,0,1,0.359,89.2,3,19.62,DREAM,80.2
7.73,0,2,42.4,72.8,61.5,0.838,99.3,1,0,1,0.561,41.2,1,20.37,SUPER_DREAM,72.0
9.39,0,0,97.5,86.7,100.0,2.618,94.4,2,2,3,0.723,27.6,2,39.89,SUPER_DREAM,99.0
7.96,0,0,70.7,50.1,93.1,1.33,69.6,4,2,1,0.457,85.3,2,32.97,SUPER_DREAM,92.9
7.32,0,0,67.2,59.1,42.1,-0.274,91.9,1,0,1,0.543,53.1,2,15.48,DREAM,64.0
7.28,0,0,48.7,69.8,71.4,1.213,99.5,3,0,0,0.678,67.1,2,27.57,SUPER_DREAM,89.2
5.88,1,1,51.3,28.1,42.0,-1.314,97.0,0,0,0,0.232,67.0,2,7.51,CORE,55.0
8.57,1,3,84.2,75.5,42.4,0.678,98.7,0,0,1,0.594,69.9,1,16.03,DREAM,70.3
7.51,0,0,59.0,69.9,42.6,0.578,99.9,2,0,0,0.619,57.9,1,19.09,DREAM,73.4
7.4,1,3,83.0,41.4,95.9,1.564,99.6,3,0,2,0.496,50.7,1,23.83,SUPER_DREAM,79.8
10.0,0,0,85.5,83.0,91.4,2.251,90.5,1,0,2,0.523,49.5,3,36.11,SUPER_DREAM,97.2
7.93,0,0,78.0,66.4,78.1,1.148,98.2,2,2,2,0.519,74.1,1,27.39,SUPER_DREAM,89.9
6.77,0,0,56.2,38.4,42.5,-0.491,99.6,1,0,1,0.335,76.6,2,14.35,DREAM,69.1
7.13,1,2,63.3,41.1,40.9,-0.821,97.6,1,2,2,0.363,61.2,1,11.25,CORE,60.3
8.86,0,0,53.6,70.6,71.9,1.592,66.5,2,0,1,0.646,56.0,2,28.44,SUPER_DREAM,78.6
7.72,0,0,66.7,71.2,52.9,0.366,94.2,2,2,1,0.731,73.5,1,21.09,SUPER_DREAM,78.1
6.02,1,1,36.4,50.2,10.3,-1.084,98.4,1,2,1,0.404,42.8,3,11.56,CORE,57.3
8.61,0,0,61.0,57.7,50.3,0.238,84.3,2,2,0,0.553,94.2,1,21.26,SUPER_DREAM,79.6
6.87,0,0,74.6,59.6,60.1,0.094,99.8,3,0,0,0.602,71.8,3,21.72,SUPER_DREAM,80.5
9.66,0,2,79.0,69.6,74.1,0.59,99.0,1,0,1,0.527,62.6,1,23.66,SUPER_DREAM,81.6
8.79,0,0,60.8,49.1,70.9,0.612,97.2,2,3,0,0.447,77.4,1,25.52,SUPER_DREAM,87.2
7.11,0,0,51.8,48.0,54.5,-0.039,98.8,1,1,2,0.334,74.5,3,16.86,DREAM,72.6
9.01,0,0,59.5,89.8,78.7,1.632,99.0,2,0,0,0.739,68.5,1,30.07,SUPER_DREAM,93.5
7.67,0,0,79.0,68.6,77.7,1.524,99.1,3,3,0,0.643,36.6,1,28.91,SUPER_DREAM,85.2
8.54,0,0,62.0,68.9,47.7,0.376,98.8,4,2,1,0.71,71.2,1,22.72,SUPER_DREAM,81.7
8.13,0,0,72.7,58.6,72.9,1.086,99.2,1,3,2,0.331,86.8,3,27.04,SUPER_DREAM,92.2
6.67,0,0,68.0,42.9,58.6,0.25,98.1,2,0,1,0.412,56.7,2,18.34,DREAM,71.3
6.89,0,0,47.9,52.3,65.5,0.415,94.9,3,0,0,0.476,79.4,2,21.33,SUPER_DREAM,79.9
8.73,0,2,78.7,56.1,44.4,-0.348,96.7,3,1,1,0.568,77.7,3,22.99,SUPER_DREAM,82.9
7.23,1,4,45.0,49.7,56.4,0.264,99.6,4,2,1,0.5,69.4,2,17.29,DREAM,72.6
7.16,0,0,85.9,50.7,81.8,0.992,98.0,2,0,2,0.479,67.6,2,25.59,SUPER_DREAM,85.6
6.55,0,0,61.7,28.1,41.8,-0.409,98.8,5,1,2,0.473,73.4,1,17.67,DREAM,73.8
8.07,1,2,63.3,52.0,70.5,0.609,97.0,5,2,2,0.614,71.2,2,24.28,SUPER_DREAM,83.8
9.87,0,0,74.4,89.3,97.5,2.121,96.5,2,0,0,0.768,93.4,3,38.87,SUPER_DREAM,99.0
6.43,0,0,47.9,45.8,23.7,-0.943,99.5,2,2,0,0.471,79.5,3,17.73,DREAM,75.3
7.63,0,2,57.2,54.6,89.5,1.002,92.7,3,0,3,0.558,75.6,3,29.99,SUPER_DREAM,92.9
9.15,2,1,100.0,62.9,83.8,1.708,99.6,2,1,0,0.606,80.9,3,27.41,SUPER_DREAM,91.7
7.51,0,1,45.4,79.7,64.5,1.371,94.7,3,0,0,0.705,75.6,2,26.71,SUPER_DREAM,88.1
8.1,0,1,67.6,52.3,32.3,-0.849,94.7,2,2,2,0.518,33.8,1,14.81,DREAM,59.8
6.43,0,0,49.1,49.3,56.5,0.421,99.6,0,0,1,0.341,63.2,2,14.2,DREAM,66.2
8.07,0,0,64.3,57.0,71.0,0.215,99.5,4,3,1,0.559,55.7,2,25.92,SUPER_DREAM,84.2
7.39,0,0,57.6,56.8,83.0,1.421,99.7,4,2,0,0.574,69.9,3,32.6,SUPER_DREAM,98.2
8.68,0,0,70.5,76.9,63.6,0.738,98.7,0,2,0,0.632,56.6,2,24.2,SUPER_DREAM,81.3
8.91,0,0,84.5,53.8,54.1,0.307,95.0,3,3,2,0.683,73.9,2,25.68,SUPER_DREAM,86.1
10.0,1,1,92.3,84.9,72.7,0.801,99.4,2,0,0,0.771,58.7,2,24.91,SUPER_DREAM,83.1
8.24,0,1,72.4,82.3,54.8,0.429,98.4,2,1,1,0.649,90.5,2,25.66,SUPER_DREAM,90.4
7.96,0,0,28.2,87.2,40.4,0.596,98.9,2,0,2,0.845,89.8,3,23.68,SUPER_DREAM,87.1
7.81,0,1,66.7,59.1,82.0,0.932,99.2,2,6,3,0.583,43.3,3,32.39,SUPER_DREAM,92.4
7.21,0,1,37.2,54.9,75.4,0.609,98.3,2,2,2,0.531,69.8,3,25.53,SUPER_DREAM,86.0
7.97,0,0,72.5,93.7,57.1,1.506,98.4,4,2,2,1.0,58.1,1,28.29,SUPER_DREAM,88.3
7.28,0,0,75.4,70.9,45.2,0.939,94.1,3,0,1,0.608,68.8,3,23.89,SUPER_DREAM,81.8
7.79,0,0,51.7,52.0,25.7,-0.407,96.2,2,0,3,0.546,73.8,1,15.13,DREAM,68.8
9.05,0,0,72.4,65.9,86.1,1.074,99.9,3,0,1,0.576,45.8,3,29.17,SUPER_DREAM,87.7
6.49,0,0,42.7,59.8,72.7,1.406,99.8,5,2,2,0.67,50.4,3,30.45,SUPER_DREAM,90.8
8.85,0,0,88.4,58.2,59.8,-0.01,90.6,1,0,0,0.676,52.3,2,21.42,SUPER_DREAM,73.3
9.05,0,0,76.6,89.8,71.5,1.348,97.2,2,0,0,0.789,56.7,2,29.93,SUPER_DREAM,90.4
7.47,0,0,80.4,61.9,62.5,0.627,96.7,4,2,1,0.821,57.2,1,25.36,SUPER_DREAM,82.7
5.27,0,2,42.6,40.2,59.2,0.658,93.2,3,3,2,0.505,77.0,1,19.58,DREAM,76.0
6.93,0,0,57.2,47.7,51.8,0.28,98.9,4,0,1,0.606,68.3,2,22.38,SUPER_DREAM,80.6
9.03,0,1,76.1,65.5,76.8,0.976,98.0,0,3,2,0.408,51.9,1,26.13,SUPER_DREAM,83.3
7.57,0,0,70.6,78.8,59.1,0.566,99.8,4,0,0,0.87,60.2,1,21.21,SUPER_DREAM,77.3
6.5,0,0,29.2,43.1,17.4,-0.818,97.2,3,0,0,0.483,29.5,2,14.21,DREAM,58.7
7.04,0,2,56.5,46.7,23.5,-1.02,98.4,3,3,2,0.514,95.3,2,19.72,DREAM,81.5
8.52,0,0,69.4,67.6,52.8,0.501,93.7,2,1,1,0.573,65.3,3,23.1,SUPER_DREAM,79.7
8.2,0,0,75.7,67.9,81.6,0.897,98.0,1,3,1,0.527,79.9,2,28.53,SUPER_DREAM,92.9
7.34,0,1,56.1,41.3,47.0,-0.093,99.7,2,1,2,0.411,76.9,3,20.39,SUPER_DREAM,79.3
7.2,0,0,44.5,46.3,41.8,-0.174,98.7,2,3,2,0.454,64.5,3,19.68,DREAM,75.3
7.17,0,0,56.8,45.2,41.2,-0.733,99.9,2,0,1,0.432,29.3,3,16.89,DREAM,64.0
6.59,0,0,37.9,59.3,41.5,0.241,97.3,3,2,2,0.47,56.6,2,19.77,DREAM,73.5
9.38,2,1,55.7,65.7,100.0,1.981,93.6,2,6,1,0.624,70.3,3,33.7,SUPER_DREAM,98.3
7.25,0,0,66.2,30.1,49.2,-0.199,99.1,1,0,1,0.261,65.9,3,16.69,DREAM,70.7
8.94,0,0,81.3,45.8,58.1,0.046,93.1,2,0,0,0.175,80.6,2,19.35,DREAM,76.3
9.27,0,0,83.3,56.4,76.7,0.984,94.4,1,0,0,0.328,65.0,2,25.73,SUPER_DREAM,84.2
8.7,0,0,87.6,89.7,100.0,2.314,38.9,0,3,1,0.59,92.6,3,36.95,SUPER_DREAM,91.8
7.13,2,1,48.3,53.6,41.5,-0.229,99.5,2,1,1,0.598,49.1,1,9.98,CORE,56.3
8.04,0,0,48.3,70.5,40.3,0.169,97.4,3,1,0,0.722,72.8,3,23.27,SUPER_DREAM,82.6
7.57,0,0,59.9,65.8,46.9,0.599,94.2,3,2,1,0.586,49.6,1,20.43,SUPER_DREAM,72.2
6.61,0,0,46.9,48.5,46.6,0.189,98.3,2,3,1,0.444,78.7,3,21.8,SUPER_DREAM,81.6
7.96,0,2,54.5,61.5,72.9,0.561,99.5,4,1,0,0.759,53.7,3,29.0,SUPER_DREAM,88.9
6.3,0,0,47.1,59.0,58.8,0.738,96.6,1,3,0,0.423,38.7,1,17.39,DREAM,65.7
8.91,1,1,66.7,75.0,53.1,0.949,95.8,5,1,0,0.738,42.7,3,26.36,SUPER_DREAM,81.2
7.09,0,1,33.9,72.6,33.0,-0.105,67.6,4,2,0,0.818,57.9,3,22.18,SUPER_DREAM,68.8
7.82,0,0,57.9,69.7,53.0,0.638,69.3,2,0,1,0.697,88.4,3,23.86,SUPER_DREAM,78.2
7.91,0,0,50.5,53.4,72.3,0.884,99.6,1,0,0,0.385,76.1,3,25.9,SUPER_DREAM,88.3
7.32,0,0,60.9,48.5,30.1,-0.882,98.0,2,3,3,0.499,71.7,1,16.56,DREAM,71.4
8.25,0,1,59.6,55.5,53.0,0.086,93.7,1,0,0,0.445,64.0,1,18.13,DREAM,71.1
7.08,0,0,69.1,69.9,39.3,0.301,82.8,2,0,0,0.562,48.1,2,19.06,DREAM,66.2
8.56,0,0,89.8,63.5,84.7,1.16,84.8,1,2,1,0.598,51.0,1,27.88,SUPER_DREAM,82.1
6.12,0,1,54.3,31.1,47.9,-0.146,99.7,2,2,0,0.285,56.7,1,14.74,DREAM,65.8
7.74,0,0,43.8,64.6,74.1,1.408,99.1,1,0,0,0.573,55.4,2,26.16,SUPER_DREAM,84.4
9.73,0,0,100.0,80.7,100.0,2.457,99.4,1,2,2,0.63,55.1,3,40.61,SUPER_DREAM,99.0
6.5,0,0,68.9,50.6,37.5,0.231,83.1,1,2,1,0.401,50.7,2,16.98,DREAM,63.4
6.85,0,0,53.8,76.9,25.9,-0.214,99.1,0,3,0,0.494,65.1,3,17.26,DREAM,71.5
8.17,2,1,82.5,77.6,41.7,0.357,97.7,3,1,1,0.644,53.7,3,15.96,DREAM,66.7
7.8,0,0,56.4,61.2,25.5,-0.416,97.1,2,1,0,0.528,82.0,2,16.77,DREAM,73.5
7.99,0,0,42.5,43.1,52.6,-0.079,99.6,3,0,1,0.441,81.8,3,22.68,SUPER_DREAM,84.0
8.14,2,2,57.3,57.5,55.7,0.485,80.0,3,0,1,0.59,74.0,3,15.53,DREAM,64.7
8.3,0,0,88.7,76.2,78.8,0.874,96.9,1,0,2,0.498,72.3,2,27.37,SUPER_DREAM,89.1
8.82,0,3,55.3,55.6,71.2,0.809,98.0,2,0,2,0.497,41.7,3,26.75,SUPER_DREAM,82.3
8.05,0,3,65.5,93.5,52.8,0.541,40.2,2,3,2,0.807,99.4,2,23.05,SUPER_DREAM,70.4
7.33,0,0,58.8,55.9,50.9,-0.143,99.4,4,3,0,0.577,60.8,1,19.61,DREAM,74.7
8.34,0,0,62.2,67.4,46.4,0.46,83.9,2,1,1,0.651,76.9,3,23.65,SUPER_DREAM,80.0
9.69,0,1,76.6,72.3,99.7,1.877,99.8,2,0,0,0.694,77.5,3,37.84,SUPER_DREAM,99.0
7.45,0,0,60.4,63.9,40.3,0.197,98.8,3,0,2,0.531,49.4,1,17.61,DREAM,68.9
6.53,0,0,43.5,30.6,22.8,-1.27,98.6,3,0,1,0.334,55.6,2,11.82,CORE,60.4
8.82,0,1,56.1,100.0,85.5,2.398,98.1,4,3,0,0.833,71.0,3,40.54,SUPER_DREAM,99.0
7.47,0,0,62.3,75.6,64.9,0.888,99.9,2,1,1,0.683,41.8,3,25.11,SUPER_DREAM,80.2
5.21,0,2,50.0,46.1,0.0,-2.165,69.9,1,3,0,0.393,63.7,2,14.09,DREAM,57.2
8.53,0,0,80.8,49.4,82.8,1.039,98.9,3,1,2,0.398,29.1,2,28.32,SUPER_DREAM,82.7
7.01,0,0,45.4,55.0,35.8,-0.977,99.6,1,2,0,0.393,65.2,3,17.54,DREAM,72.1
7.5,0,0,45.0,74.4,48.3,0.001,82.2,2,2,1,0.666,85.6,3,24.0,SUPER_DREAM,81.8
7.97,0,3,61.2,70.9,63.9,0.572,97.8,2,0,2,0.625,65.0,2,22.94,SUPER_DREAM,80.6
7.81,0,0,81.9,46.9,69.3,0.213,99.2,3,1,2,0.605,43.1,2,22.97,SUPER_DREAM,76.7
8.38,1,1,76.6,58.1,73.6,0.706,99.9,3,3,3,0.494,56.7,3,26.05,SUPER_DREAM,84.7
7.12,0,0,64.7,47.0,49.6,-0.386,99.6,1,1,0,0.388,74.2,1,16.38,DREAM,72.0
8.16,0,0,77.3,56.4,55.3,-0.135,97.6,5,1,1,0.614,67.5,3,25.03,SUPER_DREAM,84.5
7.31,0,0,63.2,76.9,60.2,1.306,75.8,1,1,1,0.607,71.8,3,26.97,SUPER_DREAM,82.0
8.41,0,0,70.6,40.6,63.8,0.024,99.2,1,0,0,0.33,62.4,3,20.47,SUPER_DREAM,76.4
8.28,0,0,75.7,75.2,96.8,1.24,96.8,3,1,2,0.728,53.5,1,31.2,SUPER_DREAM,91.7
6.57,0,0,44.2,29.2,54.4,-0.392,96.0,4,0,1,0.412,66.9,1,17.82,DREAM,71.9
8.79,0,0,56.0,58.3,53.9,-0.054,99.9,2,6,1,0.589,66.0,3,26.59,SUPER_DREAM,87.5
7.01,0,3,63.8,24.0,40.5,-1.07,95.0,2,0,1,0.231,80.4,3,16.78,DREAM,72.6
8.49,0,0,84.7,60.7,67.7,0.959,98.7,2,1,2,0.464,58.0,2,26.1,SUPER_DREAM,84.7
8.0,2,3,51.6,84.2,84.4,1.583,88.3,0,0,0,0.607,65.7,2,23.4,SUPER_DREAM,78.6
9.62,0,0,91.1,84.5,100.0,1.845,98.5,3,0,1,0.92,62.8,3,39.43,SUPER_DREAM,99.0
7.35,0,0,78.7,39.1,46.1,-0.2,99.5,2,2,3,0.272,99.1,1,17.34,DREAM,78.6
7.22,0,0,57.1,68.6,34.8,0.261,87.6,4,6,0,0.629,53.7,2,23.34,SUPER_DREAM,75.9
7.58,0,0,51.0,75.6,36.8,0.278,99.4,1,2,2,0.608,59.2,3,20.6,SUPER_DREAM,76.0
7.27,0,0,59.1,56.4,56.7,-0.406,95.7,2,0,2,0.605,50.6,2,18.17,DREAM,69.1
8.48,0,0,63.2,96.8,100.0,2.101,94.6,2,1,3,0.822,84.6,2,38.64,SUPER_DREAM,99.0
5.82,0,0,35.8,50.5,44.6,-0.138,97.8,2,0,0,0.425,85.7,2,16.16,DREAM,73.4
6.44,1,1,54.6,55.4,13.6,-1.057,98.9,2,1,3,0.541,61.7,2,11.8,CORE,61.7
6.43,0,0,30.0,34.4,29.0,-1.038,92.8,2,0,0,0.402,82.8,2,13.34,DREAM,66.6
8.65,0,1,54.1,78.9,57.5,0.508,94.6,1,2,1,0.558,69.9,3,24.96,SUPER_DREAM,84.0
9.48,0,0,80.0,82.3,64.0,0.645,98.9,3,0,0,0.822,75.5,3,28.57,SUPER_DREAM,92.4
7.49,0,0,59.6,64.6,47.8,0.83,83.0,2,0,0,0.57,50.1,2,20.96,SUPER_DREAM,69.8
7.41,0,0,63.3,47.0,60.6,0.266,92.4,2,3,3,0.309,67.4,2,20.17,SUPER_DREAM,74.8
7.68,0,0,84.3,61.2,69.4,0.999,94.3,2,3,2,0.538,93.1,1,25.21,SUPER_DREAM,88.9
8.88,0,0,75.0,61.2,91.2,1.462,99.0,2,0,1,0.503,87.2,3,31.84,SUPER_DREAM,99.0
6.58,0,0,58.0,17.3,53.4,-0.538,98.8,3,0,0,0.406,77.1,3,18.55,DREAM,76.0
7.86,0,0,51.9,75.5,24.2,-0.284,99.4,2,2,1,0.542,79.3,1,16.87,DREAM,73.8
8.67,0,0,80.9,49.4,50.0,-0.348,96.6,1,1,1,0.367,100.0,3,22.97,SUPER_DREAM,87.3
8.15,0,0,60.2,66.2,60.0,0.168,99.8,2,3,0,0.604,76.8,2,25.02,SUPER_DREAM,87.0
7.81,0,0,63.9,65.6,61.4,0.768,97.6,1,0,1,0.712,55.1,3,23.72,SUPER_DREAM,79.8
8.7,0,0,70.7,75.3,84.9,1.61,93.5,2,0,2,0.803,83.2,1,30.74,SUPER_DREAM,95.9
5.0,1,3,47.4,26.0,25.8,-0.924,99.4,2,0,1,0.299,63.9,2,7.83,CORE,55.7
8.35,1,1,52.7,70.6,66.1,1.114,68.6,0,2,1,0.522,72.3,2,20.82,SUPER_DREAM,69.8
6.88,0,0,26.4,57.3,51.8,-0.042,96.5,3,2,1,0.629,66.8,1,20.09,SUPER_DREAM,75.8
5.59,0,2,38.3,46.7,27.4,-0.402,98.8,1,2,0,0.306,54.4,1,11.58,CORE,59.8
8.16,0,2,72.2,89.1,64.5,1.446,94.7,4,3,2,0.864,69.6,3,32.45,SUPER_DREAM,96.4
9.11,0,0,77.9,78.5,94.6,2.115,84.9,1,0,2,0.718,79.5,3,36.78,SUPER_DREAM,99.0
7.45,0,0,74.3,57.8,52.9,0.918,97.0,5,2,1,0.716,76.1,3,26.58,SUPER_DREAM,88.6
8.65,2,3,76.7,57.4,68.2,1.309,99.2,2,3,0,0.678,72.2,3,24.03,SUPER_DREAM,84.2
9.37,0,0,72.0,84.2,76.9,1.698,94.6,0,3,1,0.554,62.0,3,33.13,SUPER_DREAM,96.0
9.05,0,2,47.6,83.9,96.9,2.254,98.1,1,1,0,0.64,40.1,1,33.55,SUPER_DREAM,93.4
9.4,0,0,76.2,75.8,57.9,1.077,98.9,1,2,2,0.584,64.3,2,27.42,SUPER_DREAM,88.2
8.42,0,0,81.5,75.2,98.0,1.768,98.3,1,2,1,0.482,73.3,1,33.31,SUPER_DREAM,99.0
7.68,0,0,57.1,55.4,36.0,-0.482,98.8,1,2,1,0.536,32.6,3,18.5,DREAM,67.0
5.84,0,0,43.7,48.6,23.3,-0.627,95.3,2,0,3,0.434,64.0,3,15.23,DREAM,66.8
7.33,0,1,63.3,68.4,66.4,0.602,98.8,1,2,1,0.559,63.6,2,22.04,SUPER_DREAM,79.1
6.67,0,4,39.5,61.0,63.6,0.806,99.8,2,2,2,0.499,51.3,2,23.09,SUPER_DREAM,78.7
9.99,0,0,92.4,86.5,59.6,1.065,83.2,2,0,1,0.864,76.4,3,28.59,SUPER_DREAM,87.9
7.41,0,0,78.7,41.9,34.2,-0.892,98.0,2,1,1,0.512,79.2,2,17.18,DREAM,73.9
7.74,1,1,60.3,51.5,62.8,0.423,97.1,1,1,0,0.425,92.2,1,17.04,DREAM,76.0
8.21,0,0,53.5,73.6,100.0,2.364,89.6,4,2,2,0.657,64.6,2,39.18,SUPER_DREAM,99.0
7.65,0,0,60.7,93.4,79.2,1.769,98.8,2,2,2,0.833,84.4,3,35.08,SUPER_DREAM,99.0
9.46,0,0,53.0,74.3,74.1,1.236,99.1,2,1,0,0.727,52.7,3,30.59,SUPER_DREAM,91.3
6.92,1,1,58.2,57.4,4.4,-1.119,98.7,0,2,0,0.328,59.4,3,12.24,DREAM,61.9
7.81,2,1,68.6,53.2,60.2,0.508,95.4,2,0,2,0.481,75.2,2,12.5,DREAM,64.5
6.78,0,0,72.9,36.0,52.9,-0.292,92.2,2,0,3,0.378,55.2,1,14.31,DREAM,62.5
6.15,0,0,44.2,33.2,31.9,-0.775,62.9,4,0,2,0.559,62.6,3,16.28,DREAM,58.5
6.93,0,3,59.2,22.0,32.8,-1.39,69.5,4,0,1,0.382,77.6,2,17.38,DREAM,65.3
7.56,0,0,50.3,77.1,58.6,0.56,98.6,2,2,3,0.737,64.9,1,22.56,SUPER_DREAM,80.2
7.13,0,0,52.0,22.2,33.6,-1.25,99.4,3,6,0,0.273,51.2,3,21.51,SUPER_DREAM,75.9
6.84,0,0,35.1,46.5,80.8,0.994,99.1,2,0,0,0.361,56.2,2,23.0,SUPER_DREAM,79.3
6.05,0,1,43.2,25.1,64.9,-0.002,99.9,0,3,1,0.322,60.9,3,18.14,DREAM,72.4
7.51,0,0,56.4,45.2,66.9,0.372,94.6,3,2,3,0.391,73.8,1,21.08,SUPER_DREAM,78.3
5.94,0,0,48.0,59.7,38.0,0.039,99.0,1,0,2,0.418,60.1,3,14.64,DREAM,66.1
8.44,0,0,61.9,70.6,54.3,0.656,99.1,3,0,0,0.737,28.3,2,22.58,SUPER_DREAM,73.0
7.69,0,0,62.9,46.1,56.9,0.042,99.3,0,2,1,0.28,76.8,3,19.38,DREAM,77.5
6.0,0,0,41.0,32.7,66.5,-0.162,99.5,2,2,0,0.304,74.7,3,21.9,SUPER_DREAM,81.3
7.26,0,0,53.6,44.1,67.8,0.17,92.2,2,0,2,0.413,49.0,1,18.23,DREAM,67.9
6.77,0,0,53.7,48.9,49.9,-0.464,99.3,2,0,1,0.29,48.0,2,14.83,DREAM,64.1
7.95,0,0,65.0,64.9,77.0,1.151,97.5,3,3,3,0.724,85.3,2,30.09,SUPER_DREAM,96.5
9.07,0,0,84.9,100.0,83.7,1.753,99.1,2,0,0,0.834,61.4,2,34.19,SUPER_DREAM,99.0
5.54,0,0,38.9,9.1,38.6,-1.31,96.8,5,3,2,0.299,76.3,3,17.76,DREAM,73.9
7.73,0,3,58.1,59.5,75.4,0.913,99.6,2,0,1,0.399,54.6,3,27.29,SUPER_DREAM,86.3
7.42,1,2,57.1,52.2,63.4,0.76,84.7,3,1,0,0.436,74.8,2,20.9,SUPER_DREAM,75.2
8.34,0,0,59.8,80.0,80.5,1.794,97.7,3,1,1,0.612,51.2,2,31.53,SUPER_DREAM,92.1
7.83,0,1,59.0,66.1,61.9,0.664,95.1,1,1,1,0.541,71.3,2,22.09,SUPER_DREAM,79.6
6.77,0,0,77.1,57.8,41.7,0.286,94.7,3,0,1,0.603,70.4,2,17.69,DREAM,72.0
7.25,0,3,46.5,59.6,42.1,-0.649,99.8,2,0,1,0.586,34.0,2,17.12,DREAM,65.3
6.72,0,0,48.9,35.9,33.7,-0.208,94.5,1,2,1,0.37,66.9,3,16.98,DREAM,70.0
8.78,0,0,68.2,88.6,41.5,0.725,99.8,0,0,0,0.67,54.2,2,22.33,SUPER_DREAM,78.0
7.62,0,0,58.3,70.0,40.1,0.134,99.4,3,2,1,0.793,81.4,3,23.72,SUPER_DREAM,85.6
9.69,0,0,77.9,94.4,64.4,1.052,94.7,1,3,2,0.817,68.5,2,29.77,SUPER_DREAM,91.7
7.53,0,3,63.7,75.6,46.3,0.268,96.8,1,3,0,0.666,61.3,3,24.04,SUPER_DREAM,81.4
6.82,0,0,32.7,55.9,75.0,1.049,99.2,2,0,1,0.53,87.8,3,26.61,SUPER_DREAM,91.7
5.93,0,0,56.8,61.0,33.4,-0.089,93.8,2,2,2,0.605,36.5,3,16.96,DREAM,63.7
5.62,0,0,48.8,42.1,36.8,-0.356,98.3,3,2,2,0.442,93.9,1,14.94,DREAM,73.2
5.86,0,1,28.7,36.4,40.2,-0.785,99.9,1,0,0,0.297,93.1,3,15.36,DREAM,74.2
7.89,0,0,36.7,61.7,88.3,1.105,97.6,1,0,1,0.63,59.2,3,29.44,SUPER_DREAM,90.2
8.16,0,0,54.9,64.4,52.6,0.424,68.5,2,0,2,0.526,78.3,2,20.29,SUPER_DREAM,70.0
5.86,1,3,40.7,32.2,31.3,-0.685,83.3,2,1,1,0.295,72.3,2,10.24,CORE,56.5
8.58,0,0,100.0,92.3,66.1,1.33,89.7,3,3,1,0.797,27.7,3,31.34,SUPER_DREAM,84.7
7.07,0,0,62.2,56.9,70.3,1.191,94.7,2,3,0,0.474,63.3,3,27.57,SUPER_DREAM,87.0
7.76,1,2,40.9,61.7,82.3,1.214,97.9,4,2,1,0.635,46.0,3,27.28,SUPER_DREAM,84.0
9.37,0,0,70.5,83.5,86.0,1.751,93.8,1,1,1,0.664,44.7,2,31.72,SUPER_DREAM,89.9
8.59,0,0,70.2,100.0,90.2,2.408,99.4,2,6,0,0.842,60.7,3,42.0,SUPER_DREAM,99.0
7.3,0,0,61.1,39.5,55.9,0.332,97.6,3,2,1,0.529,61.2,1,19.44,DREAM,73.9
6.62,2,1,35.4,36.0,41.3,-0.945,82.8,3,1,1,0.607,83.2,3,13.08,DREAM,63.3
5.23,0,0,35.7,13.2,49.0,-1.1,81.1,5,3,0,0.363,53.7,3,18.88,DREAM,66.5
6.81,0,3,44.5,46.6,55.5,0.003,95.8,2,0,1,0.441,59.1,2,16.26,DREAM,67.6
7.37,2,1,45.4,59.5,40.2,0.843,83.3,2,0,2,0.389,85.5,1,10.15,CORE,59.0
6.51,0,0,53.3,40.1,61.1,0.058,99.2,4,2,0,0.418,62.2,3,21.55,SUPER_DREAM,78.1
7.46,1,1,68.8,49.5,50.7,-0.026,98.5,1,3,1,0.394,57.3,2,17.4,DREAM,70.0
7.68,0,0,71.9,61.5,51.3,0.454,99.1,0,0,0,0.468,77.9,2,18.4,DREAM,76.0
7.35,0,0,65.4,48.8,69.3,0.849,99.4,2,2,0,0.501,73.0,3,26.11,SUPER_DREAM,87.9
6.88,0,1,47.9,55.1,46.0,0.033,93.4,1,1,3,0.495,66.5,2,17.58,DREAM,70.6
7.79,2,3,71.4,76.2,65.4,1.337,42.9,2,2,1,0.754,78.9,3,20.59,SUPER_DREAM,62.9
8.09,0,0,69.6,73.4,73.9,0.829,98.2,5,0,0,0.95,46.3,2,29.87,SUPER_DREAM,88.5
6.4,0,0,50.6,57.7,27.7,-0.744,93.8,2,6,1,0.505,56.3,1,17.25,DREAM,68.2
9.15,0,0,69.2,90.9,81.8,2.119,99.3,3,3,0,0.752,95.0,2,36.04,SUPER_DREAM,99.0
7.49,0,0,54.0,61.4,79.2,1.106,99.1,1,1,2,0.542,19.5,3,25.78,SUPER_DREAM,76.6
7.62,0,0,62.1,56.6,39.2,-0.57,97.8,2,3,0,0.591,54.9,2,18.32,DREAM,70.9
8.38,0,0,98.1,56.4,73.6,0.44,98.2,1,3,2,0.465,47.2,2,24.58,SUPER_DREAM,79.9
7.86,0,0,67.2,55.9,44.3,-0.294,100.0,2,1,0,0.497,66.1,3,17.05,DREAM,71.6
8.65,0,0,64.2,62.8,87.2,1.372,94.3,1,3,1,0.459,74.1,3,33.4,SUPER_DREAM,98.8
7.92,0,0,54.2,72.3,78.2,1.433,99.4,3,6,3,0.683,81.6,3,35.9,SUPER_DREAM,99.0
6.93,0,1,48.4,56.0,41.7,-0.226,96.3,3,0,0,0.628,58.8,2,16.87,DREAM,68.8
8.0,1,1,91.1,72.7,100.0,2.07,91.0,2,0,0,0.576,51.2,3,30.81,SUPER_DREAM,88.9
6.34,0,0,43.6,28.5,61.0,-0.23,99.3,0,0,1,0.136,43.2,2,15.15,DREAM,63.7
7.72,0,0,73.1,80.0,70.4,1.577,99.8,0,1,0,0.608,65.7,2,27.06,SUPER_DREAM,88.2
7.56,0,0,56.1,52.2,67.5,1.334,99.5,2,0,2,0.418,96.9,2,24.39,SUPER_DREAM,89.9
7.37,0,0,61.8,40.7,71.2,0.331,99.6,3,0,1,0.477,56.2,2,21.34,SUPER_DREAM,76.7
7.46,0,0,69.1,50.9,36.6,-0.241,94.5,2,6,1,0.484,63.9,3,22.63,SUPER_DREAM,78.8
5.53,1,1,33.4,70.6,34.9,0.077,99.5,2,2,2,0.614,67.0,3,13.55,DREAM,65.8
7.0,0,0,47.3,46.5,55.9,0.148,93.7,4,3,0,0.514,58.7,3,23.96,SUPER_DREAM,79.8
7.7,0,0,81.9,55.2,50.2,0.306,99.2,1,6,3,0.585,86.3,3,24.1,SUPER_DREAM,87.2
7.78,0,0,74.6,57.8,66.7,0.801,98.4,2,0,1,0.557,83.1,1,20.05,SUPER_DREAM,79.6
6.47,0,0,59.2,44.1,64.8,0.185,99.2,2,2,2,0.387,77.3,1,18.0,DREAM,75.2
8.99,0,0,84.4,63.0,65.3,1.114,81.6,1,0,0,0.527,79.4,2,24.31,SUPER_DREAM,80.9
6.65,1,4,57.0,50.1,43.8,-0.123,94.0,5,2,2,0.797,54.7,3,20.59,SUPER_DREAM,73.5
8.67,0,0,95.9,85.4,54.2,0.719,99.0,2,0,0,0.725,47.8,3,26.97,SUPER_DREAM,84.2
8.07,0,0,66.2,68.2,29.7,0.487,99.9,1,0,0,0.66,54.8,1,15.99,DREAM,67.6
6.89,0,0,60.8,35.2,61.7,0.02,99.5,1,0,0,0.215,69.2,3,17.91,DREAM,73.5
9.55,0,3,63.1,75.3,79.2,1.457,99.8,2,2,1,0.579,60.1,2,31.32,SUPER_DREAM,94.2
6.29,0,0,38.0,36.4,41.3,-0.48,99.2,2,3,1,0.204,73.5,3,19.57,DREAM,77.1
8.61,0,0,56.7,70.5,50.6,0.387,92.9,5,0,1,0.951,66.6,1,22.33,SUPER_DREAM,78.4
8.7,0,2,87.3,89.3,66.1,1.403,68.5,2,1,3,0.609,44.9,1,26.88,SUPER_DREAM,74.3
6.86,0,0,23.0,48.4,67.1,0.227,99.4,3,2,0,0.533,83.6,2,23.96,SUPER_DREAM,86.5
9.13,0,0,71.5,74.2,74.6,1.401,97.1,1,1,2,0.719,57.3,2,28.61,SUPER_DREAM,88.3
7.32,0,0,22.3,80.5,53.4,0.184,99.7,1,3,1,0.701,76.8,3,23.72,SUPER_DREAM,84.8
7.92,0,0,54.2,74.4,63.7,0.51,99.5,2,0,1,0.671,52.3,2,24.06,SUPER_DREAM,80.4
7.89,0,0,58.0,69.8,37.4,0.565,97.7,4,0,0,0.831,51.8,2,21.15,SUPER_DREAM,74.9
7.45,0,0,76.1,84.4,65.7,0.781,99.6,2,0,1,0.657,51.1,2,24.47,SUPER_DREAM,80.9
8.49,0,0,74.7,75.3,44.3,-0.253,92.7,2,2,1,0.688,43.5,1,18.59,DREAM,67.5
8.47,0,0,59.7,40.4,49.8,-0.569,92.5,2,0,2,0.394,43.9,1,15.27,DREAM,62.0
5.68,0,0,54.6,49.1,14.2,-0.569,96.4,2,0,3,0.453,70.7,2,13.61,DREAM,65.8
9.03,0,0,75.6,52.1,70.3,0.112,69.7,1,3,0,0.44,51.1,1,21.87,SUPER_DREAM,67.6
5.77,0,0,43.2,44.8,27.9,-1.053,43.5,3,0,0,0.588,70.2,2,12.74,DREAM,48.3
8.74,0,3,57.9,47.1,69.8,0.099,98.9,2,1,1,0.575,66.5,3,24.01,SUPER_DREAM,83.0
8.84,0,0,61.5,65.7,54.8,0.375,90.4,2,6,1,0.559,78.2,2,27.28,SUPER_DREAM,88.2
6.4,0,0,39.1,40.3,59.9,-0.028,93.3,2,2,1,0.315,49.7,1,15.06,DREAM,63.0
7.15,0,0,57.0,42.8,65.8,0.186,99.7,1,1,3,0.294,80.9,3,22.1,SUPER_DREAM,82.9
6.38,0,0,49.8,40.3,38.5,0.018,80.2,2,0,2,0.558,51.4,2,15.65,DREAM,60.4
7.36,0,0,77.2,70.5,44.8,-0.108,94.6,2,1,3,0.732,23.9,1,16.79,DREAM,61.1
7.26,0,0,62.2,44.9,41.7,-0.382,94.2,1,2,1,0.287,67.9,3,16.49,DREAM,69.3
8.46,0,0,37.1,75.7,60.9,0.942,99.1,3,3,1,0.843,51.9,2,28.13,SUPER_DREAM,87.0
9.04,0,0,78.6,60.9,48.3,-0.127,99.3,2,2,1,0.49,87.5,3,23.42,SUPER_DREAM,86.3
9.14,0,1,59.0,72.8,57.4,0.823,96.2,4,2,1,0.803,69.5,2,28.1,SUPER_DREAM,89.6
6.98,0,0,43.2,56.3,64.3,0.435,99.2,3,0,2,0.517,63.7,2,22.5,SUPER_DREAM,80.0
7.37,0,0,49.0,42.1,58.9,0.221,96.6,2,0,2,0.588,68.0,3,22.15,SUPER_DREAM,79.5
5.75,0,0,34.5,19.9,63.4,-0.233,89.6,1,2,1,0.153,57.5,3,17.5,DREAM,67.6
6.71,0,0,35.6,55.7,40.2,-0.795,96.3,3,0,0,0.486,90.3,1,17.29,DREAM,75.8
8.66,0,0,74.1,86.0,62.4,1.485,99.2,2,3,1,0.685,56.8,2,27.0,SUPER_DREAM,86.1
9.38,0,0,61.8,77.0,70.2,1.767,97.5,2,1,1,0.869,71.9,1,29.64,SUPER_DREAM,93.0
6.24,0,0,51.7,37.3,34.2,-0.783,98.5,1,1,1,0.342,52.7,3,14.64,DREAM,64.5
6.95,1,1,81.3,53.6,36.5,-0.602,96.9,2,2,1,0.413,65.0,1,13.08,DREAM,63.9
7.57,1,2,44.8,59.1,60.7,0.955,99.7,2,2,0,0.47,46.4,3,21.33,SUPER_DREAM,74.7
7.91,0,0,60.7,65.4,60.4,1.188,98.0,2,2,2,0.438,68.4,3,27.24,SUPER_DREAM,88.5
6.71,0,0,21.8,13.4,36.3,-1.192,82.0,5,2,2,0.437,66.0,3,19.0,DREAM,69.5
8.07,2,2,62.1,48.8,84.3,0.939,97.1,2,1,0,0.361,73.2,3,21.04,SUPER_DREAM,78.9
7.08,0,0,63.5,41.0,84.1,0.819,88.4,3,3,1,0.556,72.0,3,30.24,SUPER_DREAM,91.3
7.58,0,0,69.5,60.5,77.0,0.519,84.9,2,3,1,0.607,65.4,2,26.55,SUPER_DREAM,82.8
8.2,0,0,67.9,67.8,73.5,0.973,99.2,1,0,1,0.527,95.6,3,27.33,SUPER_DREAM,94.4
7.61,0,0,71.7,67.6,70.0,1.466,98.7,3,3,1,0.752,64.7,3,30.0,SUPER_DREAM,92.6
7.12,0,0,86.8,56.9,83.9,1.104,99.3,2,3,2,0.593,65.6,3,30.75,SUPER_DREAM,94.1
7.48,0,0,80.3,39.1,68.4,0.022,99.3,3,2,0,0.466,63.7,1,19.86,DREAM,75.6
7.5,0,0,53.8,77.8,44.5,0.54,99.6,2,2,1,0.603,68.0,2,23.51,SUPER_DREAM,82.7
7.19,0,0,39.5,71.9,58.4,0.49,91.6,2,2,0,0.657,60.7,1,21.1,SUPER_DREAM,74.8
7.32,0,1,53.3,37.9,64.1,0.159,95.2,2,0,0,0.418,59.5,3,20.33,SUPER_DREAM,74.3
9.36,0,0,67.2,82.6,59.4,0.553,44.8,3,0,1,0.798,76.3,3,26.86,SUPER_DREAM,73.5
8.22,0,0,72.6,57.1,58.5,0.084,94.7,2,3,0,0.526,64.3,3,24.34,SUPER_DREAM,81.8
7.27,0,0,43.6,57.0,72.1,1.024,99.5,3,2,0,0.605,80.8,3,29.08,SUPER_DREAM,94.5
8.37,1,1,67.8,81.8,32.6,0.148,98.6,1,0,1,0.657,36.6,2,14.62,DREAM,61.3
7.23,2,1,67.4,84.4,29.3,-0.167,96.9,3,1,3,0.88,87.8,3,15.51,DREAM,72.5
8.89,0,0,72.7,83.3,68.5,1.257,99.9,2,0,1,0.601,78.4,3,29.32,SUPER_DREAM,94.5
8.01,0,0,53.7,67.2,67.4,0.685,98.0,2,3,0,0.51,64.2,3,28.25,SUPER_DREAM,89.3
7.48,1,1,73.9,52.5,30.3,-0.774,94.7,1,1,1,0.434,63.8,1,12.0,DREAM,61.2
8.09,0,0,43.4,66.6,59.8,0.975,92.9,2,2,1,0.525,74.6,1,22.31,SUPER_DREAM,80.0
5.87,0,0,39.8,58.6,56.2,0.594,95.4,2,0,0,0.547,49.6,3,20.3,SUPER_DREAM,72.4
6.36,0,0,48.1,44.3,42.6,-0.343,89.0,1,2,0,0.281,65.6,2,17.1,DREAM,68.3
6.29,0,0,48.1,31.7,57.3,-0.101,99.8,4,3,0,0.386,67.3,2,20.73,SUPER_DREAM,77.9
7.76,0,0,64.7,37.7,47.4,-0.327,98.7,3,2,1,0.608,34.3,3,23.38,SUPER_DREAM,75.4
9.51,0,0,87.4,86.7,64.5,1.316,99.6,4,1,1,0.829,70.2,2,30.56,SUPER_DREAM,94.9
10.0,0,0,84.6,88.5,100.0,2.029,98.2,2,3,1,0.646,44.7,3,41.37,SUPER_DREAM,99.0
8.3,0,2,63.6,57.3,71.3,1.042,94.5,0,0,3,0.392,81.2,3,25.5,SUPER_DREAM,87.1
8.15,0,1,61.6,79.0,41.5,0.431,67.1,2,0,0,0.756,85.1,3,22.35,SUPER_DREAM,74.4
5.62,0,2,33.9,30.9,18.0,-1.421,97.9,2,1,3,0.433,87.7,2,12.02,DREAM,66.9
7.0,1,3,64.5,50.1,77.2,0.673,98.3,2,0,1,0.354,60.2,3,22.65,SUPER_DREAM,79.3
6.73,0,0,44.6,48.8,29.2,-0.396,96.5,3,0,0,0.46,60.0,2,16.69,DREAM,68.8
6.92,0,0,64.3,46.2,64.8,0.323,98.6,3,2,3,0.521,35.4,2,22.32,SUPER_DREAM,73.9
7.42,0,0,59.4,59.9,45.4,-0.151,99.4,0,1,1,0.416,75.2,2,16.84,DREAM,72.9
7.08,1,2,49.6,69.0,49.9,0.262,98.1,3,3,1,0.535,42.4,2,18.4,DREAM,68.6
5.42,0,0,46.6,18.7,35.4,-0.835,93.7,2,0,0,0.136,43.3,3,13.04,DREAM,58.5
8.42,2,4,60.5,74.5,28.3,-0.646,68.2,2,6,0,0.556,60.4,3,18.57,DREAM,63.5
6.42,0,0,56.9,48.0,15.7,-1.175,98.0,1,0,3,0.255,48.4,3,12.87,DREAM,60.5
7.86,0,1,66.2,63.6,60.9,0.921,94.5,2,1,1,0.529,50.6,2,23.73,SUPER_DREAM,78.0
9.88,0,0,76.7,95.9,70.5,1.484,93.6,3,0,3,0.947,65.7,2,32.04,SUPER_DREAM,94.6
6.59,0,0,57.2,48.2,62.0,0.405,88.8,3,2,1,0.464,78.2,3,22.42,SUPER_DREAM,79.6
5.0,0,1,41.6,36.7,0.0,-1.44,99.7,2,6,0,0.464,73.1,2,15.2,DREAM,69.8
7.29,0,0,71.7,65.2,62.6,0.949,98.5,3,2,0,0.639,67.8,2,25.67,SUPER_DREAM,85.9
8.81,1,1,84.7,64.9,46.0,0.044,69.5,1,0,1,0.499,82.2,3,17.24,DREAM,66.0
9.75,0,0,88.4,86.5,75.7,1.462,98.8,3,1,0,0.652,66.9,2,32.52,SUPER_DREAM,97.2
6.25,0,0,33.9,40.2,20.8,-0.8,99.6,2,1,1,0.495,57.1,1,13.29,DREAM,63.5
8.15,0,0,95.8,62.8,97.0,1.947,99.5,3,0,0,0.629,53.4,3,36.39,SUPER_DREAM,99.0
7.09,0,0,39.0,48.5,25.9,-0.779,94.5,2,3,2,0.331,73.3,2,19.58,DREAM,75.6
7.48,0,0,71.2,63.9,52.6,0.34,99.2,1,0,2,0.538,48.5,3,21.0,SUPER_DREAM,74.5
10.0,0,0,90.2,86.1,53.9,0.921,99.7,2,1,0,0.676,70.2,3,28.28,SUPER_DREAM,91.1
5.95,0,0,30.4,45.9,65.2,0.783,96.7,2,0,2,0.446,58.6,1,19.17,DREAM,72.7
7.88,0,0,62.3,61.4,66.8,1.052,99.5,2,0,2,0.569,52.4,1,22.4,SUPER_DREAM,77.7
8.11,0,0,65.2,41.8,64.8,0.489,93.9,1,3,1,0.45,52.2,3,23.72,SUPER_DREAM,78.1
8.79,0,0,88.6,72.2,97.1,1.532,100.0,3,0,1,0.595,79.5,2,34.91,SUPER_DREAM,99.0
7.71,1,1,53.5,60.7,60.1,0.435,99.8,1,0,1,0.53,52.1,2,18.04,DREAM,70.4
7.94,0,0,61.2,65.7,64.2,0.674,90.5,4,2,2,0.806,60.8,3,28.03,SUPER_DREAM,86.0
7.17,0,0,28.7,45.5,53.4,0.439,81.4,1,0,0,0.58,58.0,3,20.07,SUPER_DREAM,69.5
7.9,0,0,84.8,45.1,69.9,0.428,96.3,5,1,1,0.7,80.9,1,25.39,SUPER_DREAM,87.4
7.22,0,0,44.4,63.2,42.8,0.424,98.9,5,2,0,0.771,88.1,1,21.54,SUPER_DREAM,83.2
8.28,0,0,71.8,62.3,60.5,0.391,99.7,2,6,1,0.578,78.6,2,25.72,SUPER_DREAM,88.5
7.19,2,3,55.7,56.5,65.9,0.46,69.8,5,2,0,0.82,59.4,3,19.42,DREAM,65.2
8.01,1,2,64.0,59.2,66.2,0.814,83.1,4,6,1,0.632,70.1,1,26.38,SUPER_DREAM,82.9
7.57,0,0,70.4,58.2,53.8,0.746,96.5,1,2,1,0.531,51.4,1,19.57,DREAM,71.8
8.84,0,0,93.4,65.9,45.9,0.131,65.4,4,0,0,0.877,68.2,2,22.36,SUPER_DREAM,70.5
7.54,0,1,63.5,44.4,82.5,0.094,94.3,0,0,0,0.302,38.6,3,22.08,SUPER_DREAM,72.8
5.65,0,0,49.4,43.8,20.9,-1.467,84.2,1,3,1,0.205,68.5,3,16.14,DREAM,65.9
8.99,0,0,78.8,65.4,90.6,1.617,99.8,2,1,2,0.509,64.2,1,29.99,SUPER_DREAM,92.8
6.6,0,0,63.2,49.9,47.4,-0.521,92.0,1,0,1,0.433,71.6,3,15.39,DREAM,67.6
6.88,0,0,48.3,56.4,24.3,-0.902,84.4,1,3,0,0.388,64.8,3,19.15,DREAM,70.2
6.94,1,3,67.4,43.2,70.9,0.494,98.7,5,0,0,0.574,77.5,1,19.73,DREAM,78.0
9.11,0,0,89.4,58.4,78.9,0.3,64.7,5,1,2,0.685,53.5,3,29.44,SUPER_DREAM,79.2
5.25,0,0,50.5,66.7,52.0,0.282,97.2,3,2,1,0.692,76.3,1,17.95,DREAM,74.3
10.0,0,0,77.1,77.6,81.7,1.154,99.9,2,2,0,0.588,72.1,2,31.58,SUPER_DREAM,97.0
8.76,1,1,70.6,80.1,82.8,1.137,95.0,4,0,2,0.754,81.3,2,29.01,SUPER_DREAM,93.1
7.85,0,1,66.3,88.5,27.4,-0.149,96.9,1,1,0,0.792,82.4,2,20.1,SUPER_DREAM,79.0
7.54,0,0,43.9,69.0,46.5,-0.047,83.4,4,0,0,0.684,50.7,3,22.58,SUPER_DREAM,72.8
7.91,0,0,83.3,57.8,37.1,-0.091,97.5,2,1,0,0.583,72.8,2,18.9,DREAM,75.3
8.17,0,0,66.6,64.0,56.3,0.828,99.7,4,2,0,0.689,47.5,2,26.4,SUPER_DREAM,83.4
8.31,0,1,71.5,54.8,73.2,0.682,95.9,3,3,1,0.561,82.4,2,27.44,SUPER_DREAM,91.0
8.21,0,1,60.2,77.7,52.7,0.454,97.0,5,0,1,0.903,52.2,3,26.35,SUPER_DREAM,83.5
7.7,0,0,46.1,67.6,72.9,0.916,95.6,4,3,2,0.564,59.3,1,27.38,SUPER_DREAM,86.2
7.38,0,1,51.6,49.0,38.2,-0.707,99.2,4,2,1,0.619,68.3,3,21.49,SUPER_DREAM,79.2
7.43,0,0,62.0,42.2,70.1,0.061,99.4,2,2,1,0.459,76.1,2,22.13,SUPER_DREAM,81.9
7.39,0,0,66.9,37.7,77.2,0.077,99.7,3,0,1,0.512,70.6,3,22.58,SUPER_DREAM,81.6
8.85,0,0,75.4,86.1,89.4,1.506,89.7,3,0,1,0.753,76.5,1,33.0,SUPER_DREAM,97.2
8.25,0,0,71.7,67.5,57.8,1.074,99.6,1,2,0,0.532,65.2,3,25.04,SUPER_DREAM,84.7
5.0,0,0,31.0,33.0,0.0,-2.047,99.7,2,6,1,0.155,68.7,1,11.19,CORE,62.3
8.32,0,0,74.2,55.0,75.3,-0.022,99.6,1,1,3,0.392,38.5,3,22.95,SUPER_DREAM,75.8
7.81,0,0,80.9,40.5,56.5,-0.171,97.0,4,3,1,0.537,80.4,3,24.49,SUPER_DREAM,86.0
7.58,0,0,69.3,71.9,38.3,-0.39,90.6,1,2,1,0.681,60.6,3,22.29,SUPER_DREAM,76.5
7.17,0,0,66.4,54.5,41.1,-0.161,96.7,5,3,0,0.829,58.5,1,20.56,SUPER_DREAM,75.0
8.84,0,0,76.9,84.9,96.9,2.089,98.3,2,0,2,0.687,94.1,2,36.33,SUPER_DREAM,99.0
8.64,0,0,53.4,64.7,48.2,0.257,89.8,1,2,3,0.583,24.4,1,19.65,DREAM,64.6
6.75,0,0,40.0,45.9,54.4,0.039,99.9,4,3,2,0.55,66.4,3,21.74,SUPER_DREAM,79.5
8.05,0,0,70.9,73.5,65.5,0.823,96.0,0,3,0,0.385,31.4,1,22.12,SUPER_DREAM,71.9
6.53,1,2,50.2,57.1,36.9,-0.687,93.9,2,2,3,0.568,70.1,3,15.26,DREAM,67.6
6.08,0,1,51.1,53.1,49.6,0.027,98.8,3,0,0,0.698,54.5,2,17.59,DREAM,69.9
6.91,0,2,74.2,46.9,77.3,1.063,99.7,2,1,1,0.418,21.0,3,25.66,SUPER_DREAM,76.9
8.55,0,0,79.2,77.6,62.3,1.465,99.9,2,0,1,0.591,81.3,1,26.11,SUPER_DREAM,89.8
8.65,0,0,86.6,85.7,64.4,1.074,84.2,3,0,2,0.785,45.7,1,25.06,SUPER_DREAM,76.2
8.16,0,0,67.8,63.3,74.2,0.953,69.6,5,0,2,0.734,79.2,2,29.51,SUPER_DREAM,85.9
8.4,0,0,59.3,60.2,82.3,1.323,98.7,1,0,2,0.69,50.4,3,28.58,SUPER_DREAM,87.3
8.17,0,0,66.0,83.6,60.7,1.442,99.7,1,2,2,0.726,58.0,2,26.12,SUPER_DREAM,85.0
6.89,0,0,44.3,41.7,42.2,-0.545,99.7,2,2,1,0.422,30.7,1,16.76,DREAM,64.0
8.08,0,1,84.5,72.6,22.0,-0.18,95.8,2,0,2,0.397,71.4,2,15.6,DREAM,69.0
8.48,0,0,79.3,67.5,52.8,0.185,94.9,2,2,0,0.581,56.4,1,20.54,SUPER_DREAM,74.0
8.43,0,2,75.5,41.9,45.6,-0.193,88.3,1,0,1,0.502,59.5,2,17.71,DREAM,67.9
8.91,0,2,88.9,88.8,84.2,2.093,82.7,2,0,0,0.748,63.6,2,32.87,SUPER_DREAM,92.3
8.38,0,0,44.6,28.6,61.2,-0.481,67.1,4,2,3,0.506,40.3,2,22.4,SUPER_DREAM,65.5
7.99,1,1,71.9,35.1,55.7,-0.284,96.4,1,0,3,0.337,75.4,2,12.89,DREAM,65.5
8.78,0,0,57.0,78.9,70.2,1.47,67.8,1,2,0,0.574,56.5,2,26.75,SUPER_DREAM,76.2
7.57,0,1,60.6,65.7,40.2,0.204,99.2,3,0,1,0.775,99.4,2,19.83,DREAM,82.7
6.63,0,0,47.6,39.0,72.5,0.766,99.7,1,2,1,0.348,57.8,2,21.9,SUPER_DREAM,78.0
7.42,0,1,67.1,58.7,77.4,1.251,99.5,3,0,1,0.534,59.2,1,24.99,SUPER_DREAM,83.3
6.78,0,0,55.5,14.1,75.5,-0.055,96.3,2,0,1,0.221,44.7,3,20.09,SUPER_DREAM,71.3
6.86,0,3,69.7,60.3,59.6,1.154,67.6,2,0,0,0.656,40.8,3,22.09,SUPER_DREAM,65.3
7.44,0,0,52.2,60.3,53.8,0.361,98.8,2,2,0,0.424,78.2,3,22.33,SUPER_DREAM,82.5
6.73,0,0,60.8,48.4,74.8,-0.205,99.9,2,0,1,0.48,80.9,2,20.63,SUPER_DREAM,80.5
7.26,0,1,59.6,55.2,39.9,-0.285,99.4,3,0,0,0.572,56.5,3,18.41,DREAM,71.8
5.52,0,1,20.5,42.6,15.5,-1.323,67.4,4,0,1,0.415,66.8,2,13.83,DREAM,56.6
7.83,0,0,52.3,60.8,48.2,0.4,68.6,2,1,1,0.607,83.6,2,20.88,SUPER_DREAM,72.1
7.6,0,0,59.2,32.4,65.6,-0.019,98.9,2,0,2,0.367,69.3,2,19.61,DREAM,76.2
6.7,0,0,65.4,79.5,31.7,0.37,99.2,1,0,1,0.687,72.3,2,17.6,DREAM,73.6
8.33,0,3,73.8,83.4,62.1,1.198,83.1,3,6,2,0.855,66.3,2,30.22,SUPER_DREAM,88.6
8.63,1,1,57.3,52.0,39.7,-0.569,93.2,2,0,0,0.479,55.2,2,16.16,DREAM,65.9
5.83,1,1,41.6,34.3,43.6,-0.547,65.4,1,1,0,0.256,70.8,2,7.87,CORE,46.9
6.76,0,0,76.8,46.1,18.8,-1.247,84.9,1,6,3,0.269,93.0,2,16.45,DREAM,71.5
6.75,0,0,53.9,64.4,29.3,-0.279,98.7,1,0,1,0.459,57.2,1,13.05,DREAM,62.8
6.57,0,0,46.7,17.0,65.7,-0.423,94.2,1,2,1,0.18,78.0,2,17.65,DREAM,73.3
8.51,0,1,76.0,61.7,88.4,1.407,98.6,3,0,2,0.534,67.7,3,32.18,SUPER_DREAM,96.7
7.39,0,0,68.0,31.6,60.4,-0.138,93.1,4,3,0,0.508,56.2,3,23.24,SUPER_DREAM,77.9
7.31,0,2,52.6,51.4,57.7,0.213,99.6,3,3,1,0.468,78.4,3,24.04,SUPER_DREAM,85.6
5.4,0,0,45.0,27.7,20.2,-0.724,67.0,2,0,0,0.173,76.7,2,11.3,CORE,54.3
8.3,0,0,64.0,67.4,50.7,0.26,68.7,2,0,1,0.546,73.7,3,21.29,SUPER_DREAM,70.8
6.24,0,0,56.0,35.1,33.3,-1.378,90.3,2,1,0,0.381,91.2,2,13.95,DREAM,68.6
7.67,0,0,63.7,48.8,29.7,-0.327,99.9,2,6,0,0.361,92.5,3,21.64,SUPER_DREAM,84.6
7.91,0,0,69.8,70.6,64.4,1.147,99.6,2,0,1,0.543,65.8,3,27.37,SUPER_DREAM,88.7
9.1,0,0,66.9,81.4,75.0,0.786,82.7,1,6,2,0.58,63.4,2,31.49,SUPER_DREAM,90.0
6.16,0,0,36.7,50.5,22.1,-1.037,92.6,2,3,3,0.433,43.6,1,14.6,DREAM,60.8
5.0,2,1,46.3,27.5,53.2,-0.222,68.3,2,0,1,0.336,88.0,3,9.8,CORE,54.4
7.8,0,0,62.1,52.8,69.6,0.8,92.9,0,2,1,0.421,63.9,3,25.23,SUPER_DREAM,82.7
9.58,0,0,84.2,78.7,92.4,1.846,98.9,0,0,2,0.513,55.9,3,33.97,SUPER_DREAM,97.5
8.96,0,0,71.0,80.6,63.8,1.031,98.9,1,1,1,0.541,51.0,3,28.64,SUPER_DREAM,87.6
7.83,0,0,74.1,30.7,58.9,-0.4,95.2,2,0,1,0.346,50.9,3,18.68,DREAM,69.9
7.06,1,1,48.3,58.2,61.0,-0.226,98.5,2,1,0,0.569,91.4,3,18.36,DREAM,78.4
8.49,0,0,68.3,72.7,69.6,1.657,84.1,0,1,2,0.638,78.5,1,26.89,SUPER_DREAM,85.7
6.53,0,1,59.7,47.7,72.2,0.329,97.5,1,1,1,0.486,42.7,2,18.13,DREAM,68.0
8.12,0,0,80.3,62.3,58.8,0.563,83.1,1,2,3,0.395,43.3,3,22.79,SUPER_DREAM,71.6
8.16,0,0,60.3,28.8,53.8,-0.358,99.3,4,2,2,0.43,66.8,3,23.7,SUPER_DREAM,82.6
8.77,0,0,96.2,65.3,81.6,1.523,99.3,2,6,1,0.613,49.8,2,34.08,SUPER_DREAM,96.5
10.0,0,0,88.8,100.0,62.2,1.402,99.0,0,2,2,0.632,61.2,2,29.59,SUPER_DREAM,91.3
8.03,0,0,52.8,63.5,78.0,1.157,99.9,3,2,1,0.597,88.3,3,29.51,SUPER_DREAM,96.8
7.04,1,1,59.8,48.1,26.1,-1.545,79.3,1,0,0,0.451,81.0,3,11.76,CORE,59.6
7.57,0,0,56.1,58.5,67.4,0.441,99.6,2,0,1,0.55,39.3,3,23.82,SUPER_DREAM,77.4
5.65,0,0,46.7,42.2,21.2,-0.798,99.6,1,0,2,0.355,49.8,3,11.97,CORE,59.8
6.84,0,0,52.8,59.4,55.6,0.553,92.9,5,1,2,0.664,68.7,3,25.85,SUPER_DREAM,84.7
7.15,0,0,57.4,50.4,67.1,0.237,42.4,5,2,1,0.537,81.9,2,23.06,SUPER_DREAM,67.5
7.02,0,0,44.3,58.2,52.0,-0.248,97.3,3,2,1,0.562,52.7,2,19.22,DREAM,71.8
7.77,0,0,74.6,83.9,36.6,0.315,99.1,3,6,0,0.76,70.5,3,27.4,SUPER_DREAM,89.5
6.7,0,0,38.1,62.7,29.2,-1.241,95.9,2,0,1,0.442,58.2,1,14.45,DREAM,64.5
8.83,0,0,60.0,100.0,57.9,0.892,98.4,5,2,3,1.0,91.3,2,31.74,SUPER_DREAM,99.0
7.6,0,0,65.4,49.4,22.1,-0.321,98.8,2,3,2,0.497,74.3,1,17.21,DREAM,73.2
7.59,1,2,80.1,82.0,76.4,1.864,81.7,1,1,2,0.578,62.1,1,22.06,SUPER_DREAM,73.7
7.24,0,0,53.2,43.6,53.9,0.133,99.4,1,1,2,0.397,42.6,1,17.95,DREAM,68.3
7.77,0,0,71.1,65.4,37.8,0.035,96.1,1,3,1,0.54,49.1,3,23.17,SUPER_DREAM,77.3
8.51,1,3,83.0,78.8,93.3,1.291,98.5,2,2,1,0.648,27.1,3,31.89,SUPER_DREAM,88.1
6.65,0,0,61.2,41.0,32.1,-0.939,90.4,1,2,1,0.313,69.1,3,16.57,DREAM,68.6
6.88,0,0,50.0,51.9,52.0,0.01,99.5,3,3,1,0.517,75.0,2,20.49,SUPER_DREAM,79.0
7.27,0,0,44.6,67.7,37.3,-0.242,94.5,2,2,2,0.525,75.7,3,20.1,SUPER_DREAM,77.0
6.12,0,0,19.7,32.4,2.1,-1.894,97.7,4,0,1,0.494,55.8,3,16.27,DREAM,67.6
6.7,0,0,48.8,72.1,20.8,-0.044,98.1,2,3,2,0.557,84.2,1,17.72,DREAM,75.8
7.08,0,3,69.9,33.5,41.8,-0.738,98.9,2,3,2,0.292,88.8,2,17.36,DREAM,76.4
8.56,0,1,57.1,96.3,83.9,1.842,93.7,2,0,2,0.834,55.0,1,31.08,SUPER_DREAM,90.9
7.89,0,1,72.3,75.8,65.9,1.215,98.8,4,1,0,0.751,82.7,2,29.8,SUPER_DREAM,95.9
7.81,2,1,51.7,59.7,61.3,0.106,98.6,1,1,0,0.483,67.1,3,14.88,DREAM,67.8
8.54,0,0,71.6,63.3,31.3,-0.549,97.0,1,3,1,0.366,57.1,3,20.68,SUPER_DREAM,75.0
7.45,0,0,68.0,49.8,77.2,0.593,69.3,3,0,2,0.487,83.5,3,27.42,SUPER_DREAM,83.2
8.03,1,2,57.4,61.4,65.4,0.707,99.3,3,1,2,0.744,46.9,3,24.34,SUPER_DREAM,79.7
7.49,0,3,61.9,56.7,52.7,0.111,92.0,2,2,0,0.374,42.7,1,18.86,DREAM,67.6
7.89,0,0,58.9,79.4,80.1,1.396,99.7,2,1,1,0.816,59.1,3,30.32,SUPER_DREAM,92.3
6.96,2,3,63.1,79.1,71.0,1.012,91.5,1,6,2,0.635,61.6,3,21.8,SUPER_DREAM,76.1
5.0,0,0,37.8,32.8,45.8,-0.792,98.0,1,6,0,0.247,40.4,3,16.74,DREAM,65.4
7.45,0,0,60.2,45.1,50.0,0.085,98.5,4,0,3,0.54,72.4,1,17.97,DREAM,74.0
9.17,0,0,95.4,68.2,56.9,0.47,94.5,1,0,1,0.636,53.3,2,22.74,SUPER_DREAM,76.9
8.62,0,0,79.1,67.2,86.2,1.617,91.9,2,0,3,0.409,45.4,2,29.75,SUPER_DREAM,86.2
8.66,0,0,63.3,55.9,44.4,-0.385,41.7,3,1,1,0.684,74.7,3,20.65,SUPER_DREAM,61.9
8.96,0,0,73.6,57.1,100.0,1.441,93.7,0,2,1,0.421,58.6,2,32.16,SUPER_DREAM,93.4
7.7,0,0,61.1,89.0,57.9,0.951,99.0,0,1,1,0.704,80.9,2,22.72,SUPER_DREAM,83.7
7.82,0,0,64.1,65.2,39.7,-0.043,99.4,2,0,2,0.437,71.9,3,19.04,DREAM,75.9
6.92,0,0,84.5,39.5,25.9,-0.708,97.2,3,0,1,0.438,62.0,2,17.49,DREAM,70.7
7.25,2,4,62.0,66.2,29.0,-0.434,98.0,1,0,1,0.337,81.5,2,9.05,CORE,60.8
8.28,0,0,43.3,49.6,66.9,0.721,94.5,0,1,1,0.443,71.3,3,23.84,SUPER_DREAM,82.4
8.92,0,0,67.7,57.8,72.0,0.928,96.8,1,2,3,0.386,64.7,3,26.41,SUPER_DREAM,86.0
7.45,0,0,36.3,45.7,32.1,-0.655,65.7,1,0,0,0.3,72.7,3,15.03,DREAM,59.3
7.1,0,0,52.1,76.3,43.8,0.056,99.9,1,0,1,0.439,73.2,2,17.16,DREAM,73.2
7.6,2,1,37.2,55.1,31.6,-0.224,97.0,2,2,0,0.541,48.6,2,12.19,DREAM,59.1
8.26,0,0,57.2,31.7,74.7,0.098,96.2,1,3,1,0.288,100.0,2,23.7,SUPER_DREAM,88.4
6.01,1,1,26.9,58.1,36.2,-0.26,90.5,3,0,1,0.527,66.0,3,14.12,DREAM,63.9
5.07,0,0,40.4,26.5,19.1,-1.413,94.5,1,1,0,0.267,66.3,3,13.03,DREAM,63.3
6.99,0,0,55.0,26.0,25.7,-1.269,44.1,3,0,2,0.3,38.6,3,12.55,DREAM,41.9
6.26,0,0,51.2,39.4,34.7,-0.788,93.2,2,0,1,0.255,66.9,2,14.97,DREAM,66.3
7.04,0,0,54.2,59.7,42.0,-0.291,94.8,4,2,1,0.629,67.6,1,18.75,DREAM,73.2
7.44,0,0,42.6,62.5,60.0,0.063,98.5,1,0,1,0.629,47.8,2,20.17,SUPER_DREAM,72.7
7.1,0,0,62.2,78.3,53.2,1.084,68.6,1,2,1,0.686,49.4,3,25.9,SUPER_DREAM,73.6
9.2,0,0,100.0,64.2,89.6,1.326,98.1,4,3,0,0.726,51.5,1,33.06,SUPER_DREAM,94.8
7.96,0,0,69.5,63.2,51.8,0.279,99.2,3,2,2,0.642,60.6,3,24.38,SUPER_DREAM,82.5
7.93,2,4,59.2,52.4,26.7,-0.691,94.8,1,1,1,0.398,68.2,2,10.01,CORE,58.8
8.28,0,0,50.7,44.5,82.3,1.187,99.4,1,0,2,0.431,61.7,3,27.2,SUPER_DREAM,87.5
6.35,0,0,37.6,57.2,24.3,-0.046,97.9,4,0,0,0.686,69.5,2,16.68,DREAM,71.1
8.74,0,0,77.9,77.7,50.0,0.601,98.6,1,2,1,0.597,75.1,2,23.31,SUPER_DREAM,83.5
7.52,0,0,73.0,61.7,54.4,0.319,99.4,4,0,3,0.688,73.1,3,22.19,SUPER_DREAM,81.4
8.34,0,0,71.5,72.7,70.5,0.731,99.6,5,0,1,0.68,70.5,1,27.63,SUPER_DREAM,90.0
6.42,0,2,58.8,36.0,32.5,-1.238,93.7,1,0,0,0.274,69.3,2,11.96,CORE,61.9
5.89,1,3,52.4,25.7,26.0,-1.738,98.4,3,0,0,0.265,69.3,3,8.89,CORE,58.2
8.5,0,0,76.1,69.0,60.0,0.44,83.1,2,2,2,0.506,62.8,1,23.58,SUPER_DREAM,76.8
8.01,0,0,57.2,79.4,86.7,1.061,96.9,3,3,0,0.774,55.1,3,34.36,SUPER_DREAM,97.4
6.61,0,0,53.2,70.2,44.2,0.555,99.8,2,6,3,0.51,63.6,2,21.91,SUPER_DREAM,79.2
6.64,0,0,41.3,59.2,27.3,-0.37,97.5,1,2,0,0.536,74.8,2,17.14,DREAM,72.8
8.84,0,0,73.6,72.6,53.8,0.492,99.6,3,0,1,0.771,74.7,1,23.54,SUPER_DREAM,84.1
6.29,0,0,51.9,48.0,36.0,-0.128,97.3,1,0,1,0.391,72.6,2,13.88,DREAM,66.8
9.41,0,0,99.2,78.6,82.2,1.216,99.7,4,0,0,0.742,57.9,1,30.57,SUPER_DREAM,92.4
6.61,0,0,35.4,33.3,53.0,-0.489,96.4,2,0,1,0.436,61.8,2,16.12,DREAM,68.1
8.3,0,0,73.8,66.7,66.9,0.259,97.7,1,2,1,0.571,61.8,3,25.29,SUPER_DREAM,83.8
7.24,0,0,75.2,35.9,36.7,-0.448,99.0,1,3,2,0.407,55.9,2,16.0,DREAM,67.6
8.26,0,0,76.7,64.2,56.5,0.236,69.1,4,2,1,0.603,78.4,2,25.79,SUPER_DREAM,79.4
7.0,0,0,65.0,74.9,62.2,0.87,44.7,2,3,2,0.624,37.4,3,24.51,SUPER_DREAM,61.7
7.42,1,2,66.3,68.2,33.4,0.166,95.3,4,1,2,0.7,95.3,3,19.02,DREAM,79.4
7.65,0,0,77.0,46.2,48.4,0.285,99.7,1,1,0,0.4,96.1,2,20.4,SUPER_DREAM,83.1
6.5,0,1,36.9,45.5,53.7,0.012,83.7,2,3,1,0.488,65.8,1,17.41,DREAM,67.3
8.41,0,0,52.5,55.9,81.7,1.185,84.5,4,2,0,0.642,71.1,2,32.76,SUPER_DREAM,94.2
7.04,0,0,55.3,51.5,46.0,-0.362,83.8,0,1,0,0.467,77.7,2,16.45,DREAM,68.1
7.35,0,0,32.6,70.4,45.8,0.787,98.2,2,0,2,0.583,53.6,3,22.64,SUPER_DREAM,77.9
6.51,0,0,64.8,55.7,19.3,-0.857,99.7,4,0,1,0.546,73.5,3,17.63,DREAM,74.0
5.0,0,3,49.6,64.8,34.5,-0.147,97.8,2,3,1,0.52,84.8,2,14.74,DREAM,70.9
7.39,0,0,53.7,73.0,77.4,1.16,75.4,3,0,2,0.628,38.0,3,28.78,SUPER_DREAM,78.2
10.0,0,0,80.6,87.9,100.0,2.617,83.1,3,1,0,0.759,43.4,2,39.85,SUPER_DREAM,99.0
8.46,0,0,68.8,77.6,73.5,1.317,98.8,2,2,1,0.641,76.3,3,30.58,SUPER_DREAM,95.9
7.58,2,3,61.4,55.5,55.0,0.49,99.3,3,2,1,0.551,60.9,3,17.33,DREAM,70.9
7.31,0,0,59.6,39.6,36.2,-0.516,99.8,2,0,0,0.416,59.2,3,16.53,DREAM,69.3
7.62,0,3,67.9,77.2,22.7,-0.343,94.5,3,0,2,0.683,60.1,3,19.83,DREAM,73.4
8.2,1,2,64.9,79.3,66.6,1.364,98.4,1,2,1,0.699,48.1,2,23.87,SUPER_DREAM,78.9
6.3,0,0,59.3,40.9,82.9,0.91,97.2,4,1,1,0.372,58.8,3,25.73,SUPER_DREAM,83.8
8.83,0,1,78.6,75.9,93.8,1.544,95.8,3,0,3,0.533,45.2,3,34.8,SUPER_DREAM,95.8
8.39,0,4,61.6,84.6,85.7,1.468,96.8,1,6,1,0.733,84.6,3,36.0,SUPER_DREAM,99.0
8.39,0,0,84.9,79.1,70.1,1.23,99.7,2,2,0,0.748,67.0,2,27.98,SUPER_DREAM,90.0
8.08,0,0,49.5,43.4,68.5,0.694,92.0,2,2,0,0.523,66.6,3,24.29,SUPER_DREAM,81.4
7.62,0,0,60.1,62.2,12.8,-0.378,98.3,3,2,0,0.667,75.0,2,17.64,DREAM,73.9
8.34,0,0,80.0,64.4,78.8,0.619,98.7,5,0,2,0.751,100.0,3,31.21,SUPER_DREAM,99.0
8.25,0,0,58.8,81.3,53.6,0.742,98.3,0,6,0,0.549,49.2,3,27.06,SUPER_DREAM,84.4
7.21,0,0,60.8,68.8,38.9,0.189,100.0,5,6,0,0.653,37.4,2,25.29,SUPER_DREAM,79.6
6.97,0,0,61.2,70.1,42.8,0.275,99.9,1,2,2,0.563,64.5,2,20.53,SUPER_DREAM,77.1
7.71,0,0,51.8,44.2,51.1,0.22,98.5,2,2,1,0.314,37.6,3,21.98,SUPER_DREAM,73.7
9.3,0,0,77.2,66.4,63.7,0.936,94.6,2,2,1,0.782,59.9,1,27.21,SUPER_DREAM,85.7
6.24,0,2,45.5,59.2,40.1,-0.409,93.4,1,2,1,0.392,78.1,1,15.8,DREAM,70.0
5.99,0,1,38.2,32.6,26.8,-1.35,99.1,2,1,1,0.342,87.9,3,15.54,DREAM,73.2
7.78,0,0,90.4,39.3,60.2,0.185,95.2,3,1,1,0.576,41.5,3,22.81,SUPER_DREAM,74.9
7.66,0,0,52.4,66.7,30.1,0.034,94.0,1,0,1,0.497,50.9,2,17.46,DREAM,67.5
7.79,0,0,75.0,53.0,54.6,0.243,87.2,1,1,2,0.403,70.5,2,19.68,DREAM,73.0
7.87,1,3,59.0,86.6,39.7,-0.051,90.4,2,1,0,0.519,76.3,2,16.72,DREAM,70.3
7.35,0,0,45.5,60.0,41.7,-0.362,91.5,3,0,0,0.496,77.2,2,19.48,DREAM,75.3
9.24,0,0,78.6,78.9,78.4,1.638,97.6,5,2,1,0.897,87.1,2,35.76,SUPER_DREAM,99.0
5.84,0,2,51.2,34.1,6.2,-1.738,93.5,1,1,0,0.432,75.9,1,10.55,CORE,60.8
6.69,0,3,62.9,70.8,30.5,-0.134,97.9,4,2,2,0.665,63.2,1,16.93,DREAM,70.2
7.49,0,1,78.6,62.4,65.1,1.019,96.7,2,0,1,0.572,80.9,3,24.96,SUPER_DREAM,86.8
5.79,0,1,78.3,33.0,9.1,-1.929,99.7,1,1,0,0.508,66.0,2,11.87,CORE,62.9
7.41,0,0,62.1,45.4,85.9,0.859,97.7,5,2,1,0.663,69.1,2,30.08,SUPER_DREAM,93.3
9.43,0,0,71.3,77.7,99.8,1.891,94.6,1,1,0,0.682,57.6,2,36.7,SUPER_DREAM,99.0
7.62,0,0,66.7,45.2,47.6,-0.063,83.4,3,2,0,0.435,67.4,1,17.5,DREAM,67.7
7.85,0,0,60.3,75.8,45.1,0.6,99.6,3,2,1,0.835,40.6,3,26.48,SUPER_DREAM,82.1
6.21,0,1,58.2,18.0,43.2,-1.287,83.5,2,0,2,0.191,80.5,2,11.71,CORE,60.7
6.92,0,0,38.7,49.2,22.0,-0.858,97.5,3,0,1,0.455,49.9,1,14.37,DREAM,63.2
7.19,0,0,85.3,62.6,15.2,-0.531,97.1,2,0,1,0.677,51.7,3,18.04,DREAM,69.5
7.25,1,3,67.8,59.5,43.7,-0.553,98.5,1,2,2,0.426,30.1,1,12.83,DREAM,57.0
9.01,0,0,54.9,64.1,70.7,0.883,99.5,3,2,0,0.628,52.7,2,29.49,SUPER_DREAM,89.5
8.21,0,3,58.6,74.6,65.3,0.585,94.8,4,2,1,0.892,50.6,3,29.1,SUPER_DREAM,87.1
6.38,0,4,58.6,32.7,30.5,-1.124,97.0,2,0,1,0.276,68.3,3,15.99,DREAM,69.4
7.87,0,0,77.8,61.3,82.4,0.445,99.4,5,0,1,0.71,45.6,3,28.88,SUPER_DREAM,87.1
8.15,0,0,51.2,73.8,35.9,0.469,81.7,2,0,0,0.587,58.3,3,20.91,SUPER_DREAM,71.0
8.85,0,0,82.1,78.9,50.8,0.494,99.1,2,0,1,0.646,54.8,2,24.65,SUPER_DREAM,81.8
9.34,0,0,55.0,68.3,85.8,1.198,99.3,3,1,1,0.661,38.6,1,30.49,SUPER_DREAM,88.3
6.48,0,0,48.8,63.1,21.9,-0.483,66.0,1,0,1,0.609,68.6,3,16.45,DREAM,60.9
6.71,0,0,65.4,50.0,23.9,-1.096,90.9,4,2,1,0.721,61.7,3,20.48,SUPER_DREAM,73.7
6.22,0,3,40.5,53.8,41.8,-0.511,99.0,3,6,1,0.569,65.6,3,23.3,SUPER_DREAM,81.6
7.34,0,0,40.3,77.2,34.1,0.521,100.0,4,0,1,0.722,77.5,1,18.16,DREAM,75.8
8.11,0,1,67.9,79.9,60.0,1.439,99.6,2,3,0,0.733,65.1,2,28.68,SUPER_DREAM,90.7
8.69,0,0,64.6,86.2,56.6,0.746,95.2,4,2,0,0.844,60.0,3,29.7,SUPER_DREAM,90.1
7.52,0,0,67.7,60.4,39.7,0.218,95.4,3,3,2,0.606,78.8,1,21.07,SUPER_DREAM,79.5
7.25,0,2,46.9,65.8,14.1,-0.652,98.8,2,0,1,0.498,60.1,1,13.39,DREAM,64.0
7.77,0,0,53.4,63.4,60.7,0.166,94.3,4,3,2,0.555,57.4,3,27.32,SUPER_DREAM,85.3
6.68,0,0,27.6,31.6,22.7,-1.465,99.3,2,6,3,0.339,75.0,3,18.47,DREAM,75.6
9.9,0,0,86.0,88.1,80.8,2.15,95.5,2,3,2,0.651,53.3,3,37.09,SUPER_DREAM,99.0
5.83,0,1,41.4,42.7,25.8,-1.3,99.2,1,2,1,0.317,82.5,3,13.85,DREAM,69.3
7.8,0,0,48.8,69.0,54.9,1.212,98.6,4,0,1,0.842,67.4,3,26.51,SUPER_DREAM,87.2
9.83,0,0,85.6,81.3,80.2,1.361,97.4,1,0,0,0.623,88.5,3,32.26,SUPER_DREAM,99.0
7.61,0,0,73.4,48.0,59.8,0.728,99.5,1,3,3,0.485,64.1,1,22.42,SUPER_DREAM,80.0
7.39,1,3,56.3,65.5,40.6,-0.064,99.4,1,0,1,0.542,79.2,3,15.11,DREAM,70.9
7.21,2,2,60.3,35.9,73.9,0.673,84.1,2,0,0,0.418,40.4,3,14.97,DREAM,58.3
7.4,0,0,62.3,76.8,20.6,0.072,97.9,1,0,0,0.554,84.2,3,16.09,DREAM,73.0
9.11,1,1,61.6,72.0,70.2,1.464,96.6,3,2,2,0.776,75.3,3,29.98,SUPER_DREAM,94.0
5.17,0,0,61.3,35.3,42.1,-0.708,68.4,2,2,0,0.392,55.3,2,13.69,DREAM,54.4
9.29,0,0,72.2,85.0,85.0,1.493,69.7,3,6,0,0.754,78.0,3,38.87,SUPER_DREAM,99.0
6.03,0,0,53.2,49.6,19.9,-0.936,98.8,1,3,1,0.432,46.0,1,13.93,DREAM,62.1
7.31,0,0,67.3,35.6,38.1,-1.033,69.7,1,1,2,0.252,57.5,3,16.33,DREAM,59.6
7.13,0,0,54.6,64.9,32.4,-0.157,99.8,3,2,1,0.611,52.2,3,20.16,SUPER_DREAM,74.0
8.25,0,0,74.8,70.0,74.8,0.896,98.2,2,1,2,0.605,78.8,2,27.39,SUPER_DREAM,90.9
5.84,0,0,46.4,30.4,21.8,-0.914,93.7,1,0,2,0.231,83.7,1,11.14,CORE,63.4
8.11,0,1,49.1,53.7,66.9,0.41,96.4,5,3,2,0.801,58.3,1,26.72,SUPER_DREAM,85.1
9.83,0,0,79.3,78.4,87.7,1.176,97.0,1,1,1,0.576,45.9,2,29.45,SUPER_DREAM,87.4
6.1,0,0,38.7,23.9,80.8,0.824,97.4,1,1,1,0.394,50.3,1,19.06,DREAM,71.1
7.81,0,2,57.5,85.0,64.3,1.185,80.5,2,0,0,0.72,66.4,1,24.04,SUPER_DREAM,77.5
6.87,0,0,38.1,71.4,32.9,-0.077,97.2,1,2,0,0.541,65.4,3,19.5,DREAM,74.7
8.07,0,0,79.2,70.1,35.5,0.296,98.0,1,0,1,0.51,59.9,1,15.51,DREAM,67.2
7.62,0,1,80.4,55.7,51.5,0.42,99.1,3,0,0,0.604,52.6,2,20.84,SUPER_DREAM,75.0
6.89,0,0,65.7,48.1,45.6,-0.399,69.8,1,3,1,0.468,89.4,2,18.29,DREAM,69.3
8.14,0,0,81.6,75.1,22.8,-0.447,93.8,1,0,0,0.383,55.7,3,18.71,DREAM,70.5
9.58,0,0,76.7,100.0,67.2,1.181,94.8,4,1,0,0.94,52.5,2,31.2,SUPER_DREAM,90.9
7.39,1,2,51.3,48.3,59.0,-0.202,93.3,2,2,2,0.299,82.2,2,16.79,DREAM,72.4
8.39,0,0,59.6,51.7,56.1,0.39,94.6,1,3,1,0.5,60.8,2,23.84,SUPER_DREAM,80.3
6.18,2,2,54.5,64.6,56.6,0.607,82.9,2,3,1,0.652,72.7,3,17.51,DREAM,68.6
6.55,0,0,53.2,22.0,15.5,-1.366,98.7,0,3,1,0.157,51.9,3,14.29,DREAM,63.8
8.12,0,0,65.3,50.2,74.6,1.127,94.6,2,0,1,0.488,72.6,3,26.87,SUPER_DREAM,87.7
9.23,0,1,92.9,73.1,92.2,1.962,99.6,2,3,1,0.517,76.0,3,37.87,SUPER_DREAM,99.0
7.99,0,0,69.8,41.1,78.1,0.924,67.5,5,0,1,0.544,48.3,2,27.11,SUPER_DREAM,75.1
7.26,0,0,47.5,70.4,23.9,-0.999,42.7,2,0,1,0.564,57.0,3,16.46,DREAM,51.6
7.6,0,0,52.8,70.6,61.9,0.675,86.8,3,0,0,0.638,51.4,3,25.43,SUPER_DREAM,78.7
6.22,0,1,55.4,35.4,27.7,-0.672,98.3,1,3,0,0.378,57.1,3,15.52,DREAM,66.8
8.26,0,0,80.2,83.8,38.9,-0.008,95.9,2,1,1,0.809,89.0,2,23.02,SUPER_DREAM,84.9
8.57,0,0,77.3,89.6,60.4,1.131,99.9,1,0,1,0.736,68.9,3,28.12,SUPER_DREAM,90.6
7.1,0,0,78.8,51.5,33.9,-0.295,99.7,2,0,2,0.455,94.2,3,17.11,DREAM,77.3
7.08,1,2,75.4,46.6,66.6,0.562,99.2,2,0,2,0.387,87.2,3,18.86,DREAM,78.6
7.89,0,0,69.2,93.5,68.9,1.548,98.1,5,2,1,0.961,82.0,1,31.4,SUPER_DREAM,98.1
7.12,0,0,46.1,63.4,29.7,-0.161,43.8,4,0,1,0.708,86.8,1,16.06,DREAM,57.3
7.53,0,0,44.6,61.4,42.3,0.051,99.5,2,2,3,0.532,82.4,2,19.04,DREAM,78.1
9.91,0,0,79.4,100.0,77.1,1.373,83.2,1,2,2,0.707,90.6,2,32.3,SUPER_DREAM,96.9
7.33,0,0,67.3,59.8,51.6,0.398,98.3,2,2,0,0.588,73.2,3,23.71,SUPER_DREAM,83.6
7.21,0,0,79.0,47.2,69.6,0.617,98.5,3,3,0,0.567,75.3,3,27.41,SUPER_DREAM,90.3
6.89,0,0,58.9,51.9,60.1,-0.095,99.8,0,0,0,0.258,74.9,2,14.55,DREAM,69.2
8.42,1,1,83.2,82.1,66.9,1.565,39.8,2,0,1,0.664,58.4,2,22.32,SUPER_DREAM,60.8
7.4,1,1,56.1,28.5,49.1,-0.296,93.2,0,2,1,0.262,77.7,3,12.87,DREAM,65.0
6.89,0,0,61.3,46.7,15.7,-1.509,99.4,1,3,1,0.466,83.9,2,15.53,DREAM,72.5
9.05,1,2,85.4,94.0,96.9,2.041,97.7,1,1,2,0.723,56.0,3,33.68,SUPER_DREAM,96.6
9.16,0,0,52.9,68.6,66.9,0.71,99.2,5,3,2,0.81,52.1,2,30.38,SUPER_DREAM,90.8
6.94,2,2,49.4,73.0,76.3,1.078,98.6,1,1,1,0.591,56.7,2,17.5,DREAM,70.1
5.55,0,0,51.9,55.8,35.1,-0.243,99.2,1,0,0,0.527,85.4,1,11.33,CORE,65.7
8.71,0,0,75.4,69.9,100.0,1.605,95.8,5,1,2,0.7,61.4,2,37.9,SUPER_DREAM,99.0
6.85,0,2,39.1,42.4,58.1,0.428,89.8,2,0,1,0.438,48.4,3,18.58,DREAM,67.6
8.47,2,2,40.5,64.1,40.9,0.322,99.6,3,1,2,0.558,49.4,1,12.39,DREAM,60.4
5.43,0,0,34.9,72.1,19.1,-0.299,70.0,2,0,0,0.712,51.4,3,16.3,DREAM,58.4
8.58,0,0,70.0,95.6,64.9,1.374,99.5,2,0,3,0.705,54.3,1,26.5,SUPER_DREAM,84.9
6.27,0,0,37.1,45.7,24.5,-0.57,83.2,0,3,1,0.353,44.0,3,13.97,DREAM,57.1
8.4,0,0,70.8,58.9,59.1,0.368,99.6,2,0,0,0.462,74.1,2,20.09,SUPER_DREAM,78.2
7.62,0,0,67.2,60.4,31.8,-0.556,96.7,2,0,1,0.603,62.2,2,16.18,DREAM,68.4
6.55,0,0,58.6,50.5,43.7,0.178,98.9,2,6,2,0.508,73.0,3,20.79,SUPER_DREAM,78.9
7.15,2,2,28.3,36.3,55.1,-0.026,98.1,2,2,1,0.393,30.5,1,9.73,CORE,51.8
8.35,0,0,52.8,68.0,47.2,0.071,68.8,3,2,0,0.813,81.1,2,22.88,SUPER_DREAM,75.0
7.72,0,0,58.5,78.4,92.5,1.718,65.3,2,3,1,0.613,63.8,3,34.63,SUPER_DREAM,90.1
8.24,0,0,74.3,40.5,65.1,0.04,94.9,2,1,2,0.477,72.5,3,23.51,SUPER_DREAM,82.2
9.77,0,0,88.6,94.1,67.6,2.016,97.4,1,0,0,0.812,87.8,2,32.25,SUPER_DREAM,99.0
5.88,0,0,49.5,58.9,6.2,-1.134,92.9,4,1,0,0.727,70.5,3,18.32,DREAM,72.5
9.38,0,0,74.2,70.3,78.6,1.313,97.9,2,2,0,0.558,96.7,3,32.86,SUPER_DREAM,99.0
7.71,1,1,58.2,83.6,52.9,0.975,98.9,2,3,0,0.686,36.8,2,20.96,SUPER_DREAM,72.0
6.61,0,2,42.4,38.1,58.4,-0.35,100.0,2,0,0,0.338,60.2,3,17.98,DREAM,72.0
6.14,0,0,55.6,48.7,36.1,-0.116,97.7,4,0,1,0.557,37.9,3,17.81,DREAM,66.6
7.39,0,0,47.9,52.0,32.2,-0.676,96.5,4,0,1,0.537,69.7,2,19.01,DREAM,74.6
8.61,0,0,81.3,65.5,98.4,2.311,99.8,1,2,2,0.489,66.1,3,35.8,SUPER_DREAM,99.0
7.46,0,2,62.1,48.4,62.4,0.245,98.8,3,0,1,0.636,48.6,3,21.63,SUPER_DREAM,75.4
9.26,0,1,77.1,86.7,71.6,1.692,99.6,1,3,0,0.641,97.6,3,33.6,SUPER_DREAM,99.0
6.0,0,0,37.2,52.9,40.0,-0.99,98.1,0,6,2,0.379,59.6,2,15.53,DREAM,67.2
7.59,0,0,44.6,57.6,64.6,0.236,96.9,3,2,1,0.525,31.9,3,24.62,SUPER_DREAM,76.5
6.22,0,1,39.5,24.4,13.9,-1.681,97.8,1,6,2,0.23,75.2,1,15.04,DREAM,69.4
8.0,0,0,61.0,68.6,63.8,0.179,99.2,1,0,1,0.607,75.4,2,23.57,SUPER_DREAM,84.1
8.58,0,0,42.3,75.2,59.8,0.979,94.7,2,3,0,0.686,57.8,3,28.76,SUPER_DREAM,87.9
7.14,1,2,54.0,50.5,59.8,0.397,96.8,3,2,1,0.647,76.8,3,21.67,SUPER_DREAM,80.5
5.0,0,1,46.1,56.1,11.7,-1.324,99.2,1,0,0,0.356,50.7,1,9.17,CORE,55.2
7.82,0,0,70.0,39.1,47.9,-0.284,85.0,1,0,3,0.273,58.7,3,19.08,DREAM,69.0
8.08,0,0,59.8,32.8,91.9,1.156,98.3,1,1,2,0.257,70.9,1,25.55,SUPER_DREAM,86.3
8.04,0,0,66.0,53.3,83.7,0.445,94.4,0,2,2,0.495,78.9,2,25.65,SUPER_DREAM,86.9
8.96,0,0,67.9,83.5,13.2,-0.816,96.3,1,3,1,0.668,61.6,3,22.61,SUPER_DREAM,78.9
6.42,0,0,51.0,30.9,62.9,-0.097,99.7,4,2,0,0.343,57.8,1,18.88,DREAM,72.9
8.35,0,0,87.0,53.1,63.9,0.485,98.9,1,2,1,0.519,64.4,2,22.47,SUPER_DREAM,80.0
8.91,0,1,85.7,86.3,59.2,0.985,99.4,2,0,1,0.733,34.3,2,24.28,SUPER_DREAM,77.2
5.64,1,2,47.7,43.6,14.6,-0.924,97.7,4,2,0,0.616,60.8,3,15.0,DREAM,66.5
7.95,0,0,58.6,67.7,43.3,0.298,98.4,2,2,1,0.721,35.3,3,22.85,SUPER_DREAM,74.7
7.05,0,0,64.5,63.4,37.3,0.097,96.9,0,0,2,0.366,52.4,3,16.21,DREAM,66.6
7.51,0,0,39.9,51.7,34.8,-0.839,98.8,2,6,0,0.608,43.7,3,23.37,SUPER_DREAM,77.3
7.98,0,0,61.8,57.5,36.4,-0.214,95.0,4,1,0,0.637,72.9,3,22.9,SUPER_DREAM,81.2
7.06,0,0,62.6,64.0,31.0,-0.38,94.5,2,2,2,0.535,54.0,3,19.48,DREAM,71.6
6.86,0,0,62.5,31.6,53.1,0.164,85.8,2,1,0,0.354,83.6,1,16.92,DREAM,70.7
7.64,0,2,69.4,29.0,57.6,-0.141,99.0,1,3,0,0.168,37.3,3,19.19,DREAM,69.1
6.4,0,0,52.6,39.4,51.9,-0.358,98.1,2,0,1,0.394,61.3,2,16.41,DREAM,69.0
6.41,0,2,46.7,58.5,40.7,0.146,95.3,1,1,1,0.45,66.3,1,13.2,DREAM,63.8
8.35,0,4,74.9,70.4,41.6,0.326,85.0,3,0,3,0.598,72.4,3,22.85,SUPER_DREAM,78.0
6.34,0,0,36.9,56.7,49.9,-0.114,97.8,2,0,1,0.465,97.3,3,19.37,DREAM,81.1
8.33,0,0,58.2,38.4,46.9,-0.429,44.3,2,0,3,0.48,35.5,2,15.02,DREAM,45.4
8.11,1,3,66.8,68.6,73.9,0.991,94.3,3,1,1,0.646,53.6,2,24.27,SUPER_DREAM,79.5
5.7,0,3,44.1,46.9,12.4,-0.821,94.5,1,3,1,0.31,95.0,3,15.9,DREAM,73.8
6.85,0,0,31.6,31.5,34.9,-0.763,96.5,3,1,0,0.436,51.2,3,16.75,DREAM,67.1
8.91,0,0,79.6,85.1,65.5,1.384,94.1,2,2,1,0.777,71.6,3,32.3,SUPER_DREAM,96.4
6.52,0,0,59.5,45.2,55.4,-0.083,44.9,2,3,2,0.436,50.9,2,17.23,DREAM,52.4
7.09,1,4,55.0,96.0,53.2,1.117,94.8,1,2,1,0.633,44.1,3,20.07,SUPER_DREAM,70.7
8.11,0,0,94.6,33.7,62.7,0.445,99.7,2,0,0,0.152,52.8,2,19.86,DREAM,73.6
8.46,0,0,61.4,87.2,100.0,2.137,95.4,2,0,1,0.659,94.7,3,39.31,SUPER_DREAM,99.0
7.32,0,1,53.9,50.0,19.8,-0.87,98.9,2,0,1,0.555,47.5,2,15.2,DREAM,64.5
6.94,0,0,49.7,28.7,29.6,-1.446,65.0,2,0,0,0.398,60.5,2,13.14,DREAM,53.5
9.16,0,0,75.7,68.4,55.5,0.304,81.6,0,0,3,0.415,61.2,2,20.05,SUPER_DREAM,70.1
9.51,0,0,76.2,83.5,47.3,0.489,96.4,2,2,1,0.686,78.7,3,26.87,SUPER_DREAM,89.4
8.68,2,2,54.9,85.0,56.2,0.566,94.3,2,0,1,0.771,81.9,1,14.94,DREAM,69.6
7.69,0,0,55.4,83.7,69.7,1.663,84.4,2,0,3,0.695,66.6,2,28.94,SUPER_DREAM,86.9
6.71,0,0,50.9,68.7,34.9,-0.33,98.4,2,0,0,0.676,17.2,1,15.26,DREAM,58.4
6.69,0,0,66.6,35.0,39.2,-0.386,98.9,1,2,2,0.297,51.7,2,15.96,DREAM,66.6
8.17,0,0,93.2,80.7,32.1,0.134,98.6,1,3,0,0.664,47.0,2,19.12,DREAM,70.8
8.06,0,0,81.6,69.1,47.4,0.314,94.9,2,6,0,0.578,82.4,2,25.33,SUPER_DREAM,87.2
9.14,0,0,67.1,66.4,66.4,1.265,92.9,2,2,1,0.522,51.2,3,30.45,SUPER_DREAM,88.9
8.32,0,0,59.8,63.5,76.3,0.382,99.9,2,1,1,0.658,90.3,3,26.91,SUPER_DREAM,92.9
5.95,0,1,42.6,30.5,6.2,-1.763,99.6,4,2,1,0.333,71.1,3,16.52,DREAM,71.6
8.76,0,1,94.0,71.8,61.9,0.47,97.7,3,2,0,0.635,82.0,1,24.05,SUPER_DREAM,85.8
6.5,0,0,48.0,36.3,62.6,-0.485,99.7,1,1,0,0.307,98.8,1,16.91,DREAM,77.8
7.18,0,0,40.8,39.6,43.1,-0.774,99.8,2,2,1,0.466,50.8,1,15.86,DREAM,66.5
7.88,0,0,57.7,68.3,21.4,-0.485,99.7,2,1,2,0.528,40.7,1,15.76,DREAM,64.3
9.8,0,1,92.0,91.5,100.0,2.113,99.9,2,6,1,0.771,67.8,1,40.25,SUPER_DREAM,99.0
10.0,0,0,93.3,82.4,98.2,2.363,99.4,5,0,0,0.766,79.3,2,42.0,SUPER_DREAM,99.0
8.27,0,0,65.3,85.1,79.9,1.533,99.4,2,1,1,0.751,55.0,3,32.15,SUPER_DREAM,94.4
7.4,0,0,67.2,52.7,22.4,-0.871,98.6,3,0,1,0.695,65.5,2,17.86,DREAM,72.5
8.19,0,0,39.6,60.8,90.5,1.335,98.8,5,2,0,0.569,83.3,3,36.11,SUPER_DREAM,99.0
8.58,0,0,72.0,78.6,54.0,0.662,98.7,1,0,1,0.552,81.8,3,23.3,SUPER_DREAM,84.8
7.25,0,0,67.8,52.9,42.8,-0.284,98.1,1,1,1,0.497,56.3,2,15.29,DREAM,66.2
9.57,0,0,70.8,81.5,67.2,0.892,94.5,2,2,1,0.926,69.1,3,31.15,SUPER_DREAM,94.1
7.85,0,1,53.5,26.1,76.3,0.607,99.7,0,2,1,0.23,51.0,3,24.24,SUPER_DREAM,80.5
8.15,0,0,44.1,64.9,59.5,0.396,95.8,1,1,1,0.456,43.3,2,19.43,DREAM,69.8
8.33,0,0,87.4,41.1,73.7,0.416,43.0,5,1,3,0.576,85.4,3,28.29,SUPER_DREAM,77.1
8.06,0,0,57.0,46.6,63.1,0.455,99.9,5,2,1,0.528,33.0,3,27.43,SUPER_DREAM,82.3
8.52,0,0,73.1,50.1,65.6,0.564,93.5,3,2,1,0.595,67.9,3,27.41,SUPER_DREAM,87.3
6.92,0,0,61.5,36.5,31.0,-1.107,97.6,3,3,0,0.519,59.4,2,17.86,DREAM,70.9
6.99,0,0,73.0,44.2,81.4,1.053,94.7,1,2,1,0.482,73.2,3,27.8,SUPER_DREAM,89.4
6.39,0,0,47.1,38.5,15.3,-1.109,88.0,2,0,0,0.363,54.7,2,11.74,CORE,56.9
8.08,0,0,59.4,73.2,69.4,1.1,99.1,1,2,0,0.508,82.1,1,25.41,SUPER_DREAM,88.5
8.46,0,0,71.6,71.1,73.3,0.991,91.7,2,0,0,0.738,61.7,1,25.7,SUPER_DREAM,82.7
8.1,0,0,81.4,37.5,83.0,0.619,99.8,2,0,1,0.493,86.8,1,25.58,SUPER_DREAM,89.9
9.44,0,2,77.4,80.0,100.0,2.04,99.7,2,1,1,0.601,68.3,1,35.52,SUPER_DREAM,99.0
7.59,0,0,49.5,63.0,53.7,-0.0,67.9,1,3,2,0.471,49.3,3,21.53,SUPER_DREAM,66.1
8.34,0,0,49.9,62.1,74.6,0.967,100.0,1,0,1,0.558,73.1,2,25.29,SUPER_DREAM,86.8
6.4,0,0,34.3,44.5,73.6,0.865,100.0,2,2,1,0.412,71.3,2,22.96,SUPER_DREAM,82.5
7.17,0,0,67.1,56.6,49.9,0.392,81.9,2,0,0,0.519,63.4,3,21.8,SUPER_DREAM,73.6
8.37,0,0,64.8,77.7,46.2,0.326,99.6,2,3,2,0.547,53.8,2,22.15,SUPER_DREAM,77.6
8.53,0,0,63.0,46.8,60.5,0.57,95.0,1,1,0,0.298,77.9,3,21.87,SUPER_DREAM,80.5
7.28,0,1,49.2,51.6,28.8,-0.031,98.9,4,2,1,0.594,50.5,3,20.81,SUPER_DREAM,74.5
7.52,0,0,61.2,78.9,61.9,0.841,95.9,1,2,0,0.556,52.1,2,23.09,SUPER_DREAM,77.7
5.93,0,0,41.4,60.1,55.3,0.569,93.9,3,0,2,0.509,72.9,3,21.31,SUPER_DREAM,78.3
7.21,0,1,53.8,66.2,49.3,-0.376,98.5,1,3,1,0.498,61.8,3,21.63,SUPER_DREAM,78.0
8.58,0,3,87.0,76.9,38.8,-0.176,99.2,2,2,2,0.588,35.5,1,19.33,DREAM,69.1
8.23,0,0,85.8,88.7,82.2,1.767,97.9,3,1,0,0.803,50.6,3,34.25,SUPER_DREAM,96.6
8.15,0,0,47.2,91.5,30.8,-0.047,99.2,3,1,1,0.9,71.1,2,19.91,DREAM,77.2
7.65,0,0,65.5,57.4,29.0,0.131,99.5,2,3,1,0.498,61.0,3,21.17,SUPER_DREAM,77.3
7.61,0,0,51.8,45.1,53.1,0.174,99.8,0,0,0,0.282,63.5,1,15.11,DREAM,67.8
6.87,0,0,50.8,46.8,52.0,0.287,94.9,3,0,1,0.594,68.9,3,22.47,SUPER_DREAM,79.7
8.37,0,0,72.4,100.0,73.0,1.682,84.3,2,3,0,0.879,71.8,3,35.29,SUPER_DREAM,98.5
8.06,0,1,63.1,41.7,60.6,-0.15,97.3,3,0,1,0.536,66.7,3,20.93,SUPER_DREAM,77.4
8.14,0,0,69.2,58.0,94.4,1.335,99.5,3,2,0,0.384,15.1,1,30.88,SUPER_DREAM,84.3
7.02,0,0,63.3,32.5,50.4,-0.262,99.3,2,1,0,0.311,64.2,3,17.19,DREAM,71.3
5.23,0,0,40.8,34.3,46.4,-0.614,95.3,5,0,0,0.494,57.3,2,17.04,DREAM,68.4
8.81,0,1,65.3,55.0,84.8,1.348,83.0,2,2,1,0.439,65.5,3,33.31,SUPER_DREAM,93.5
7.07,0,0,48.2,51.3,26.6,-0.463,80.0,3,3,0,0.623,81.0,1,19.38,DREAM,72.5
6.65,0,0,34.2,20.9,41.8,-0.829,80.2,3,1,2,0.283,48.9,3,16.58,DREAM,61.5
8.36,0,0,58.4,75.6,100.0,1.465,94.9,2,0,0,0.538,66.1,3,35.26,SUPER_DREAM,99.0
7.17,0,0,80.2,71.0,41.9,0.692,93.8,2,0,0,0.636,72.2,2,20.99,SUPER_DREAM,77.6
8.77,0,0,63.2,66.1,58.0,0.499,99.9,3,6,1,0.642,60.4,2,28.91,SUPER_DREAM,90.2
8.28,0,0,53.5,64.2,67.4,1.619,89.8,2,0,3,0.495,45.4,2,24.68,SUPER_DREAM,77.1
8.35,0,0,72.4,64.6,56.8,0.691,83.4,2,0,2,0.654,46.9,3,24.33,SUPER_DREAM,75.0
6.1,0,0,44.7,44.6,23.9,-0.954,83.5,3,6,0,0.535,64.5,2,19.64,DREAM,70.7
8.93,0,0,72.0,72.7,63.5,0.994,97.5,0,3,0,0.551,55.7,3,27.49,SUPER_DREAM,86.2
7.89,0,0,80.8,72.5,85.4,0.907,95.8,1,2,1,0.606,36.1,1,25.72,SUPER_DREAM,78.8
7.19,0,0,63.5,71.4,48.9,0.702,98.1,1,0,0,0.647,53.0,2,19.54,DREAM,72.6
7.76,0,0,56.2,48.9,34.2,0.274,98.9,2,0,1,0.45,45.5,3,19.37,DREAM,71.0
5.65,0,0,36.4,32.8,5.5,-2.305,99.8,4,0,1,0.37,76.2,1,12.32,DREAM,65.7
8.05,0,0,59.5,76.2,100.0,1.937,66.9,2,2,1,0.637,42.7,3,37.09,SUPER_DREAM,90.4
6.47,1,3,60.2,26.2,38.6,-0.849,84.7,5,0,3,0.351,86.3,1,11.73,CORE,62.2
6.11,0,0,42.4,14.6,46.2,-0.56,92.4,0,0,0,0.1,97.4,2,12.3,DREAM,67.7
5.93,0,0,22.7,43.3,22.2,-0.335,98.5,3,0,1,0.613,53.9,2,12.4,DREAM,61.0
8.82,0,0,72.7,79.0,76.7,1.495,99.0,2,3,1,0.585,55.8,3,32.9,SUPER_DREAM,95.7
6.91,2,2,35.6,40.9,74.2,1.185,98.1,0,2,1,0.192,79.2,2,15.39,DREAM,70.9
9.29,0,1,100.0,69.1,64.7,0.873,97.0,3,2,1,0.717,81.3,3,30.44,SUPER_DREAM,96.1
7.01,0,0,43.5,41.5,57.4,0.186,94.3,1,0,3,0.419,57.6,2,16.15,DREAM,66.7
5.72,0,0,40.3,25.8,8.4,-1.635,84.4,1,3,2,0.107,58.4,3,13.75,DREAM,59.9
6.37,0,0,51.8,54.8,77.9,1.298,94.1,2,1,1,0.523,58.5,3,28.37,SUPER_DREAM,87.2
8.96,0,0,71.1,57.0,77.3,0.834,93.5,3,1,1,0.535,52.2,2,28.17,SUPER_DREAM,85.4
7.43,0,1,55.8,53.0,46.7,0.207,96.6,2,3,1,0.517,78.7,1,19.35,DREAM,77.0
7.0,0,0,60.0,39.3,43.6,-0.775,65.7,1,0,2,0.311,67.3,2,16.74,DREAM,61.1
7.78,0,0,81.1,40.2,49.1,-0.308,92.6,1,2,0,0.232,54.1,2,16.68,DREAM,66.4
8.15,2,1,75.7,76.9,54.6,0.483,69.9,1,2,1,0.559,66.0,3,17.71,DREAM,63.7
8.83,0,1,91.0,64.8,26.9,-0.37,93.3,1,0,1,0.564,59.3,3,20.56,SUPER_DREAM,74.1
9.19,0,0,64.4,78.8,73.6,1.187,97.2,4,0,1,0.947,100.0,3,33.0,SUPER_DREAM,99.0
7.2,0,0,60.9,33.1,48.9,-0.03,64.3,4,6,0,0.503,61.3,3,24.75,SUPER_DREAM,72.8
6.14,0,0,48.3,32.2,47.5,-0.695,98.3,5,0,1,0.494,76.1,1,16.54,DREAM,72.3
7.15,2,2,60.7,64.2,41.3,-0.496,96.8,3,1,1,0.535,71.5,3,12.58,DREAM,64.3
7.89,0,1,80.4,98.0,45.8,0.425,97.6,4,2,0,0.913,62.7,3,27.03,SUPER_DREAM,86.9
6.54,0,0,47.7,19.3,43.3,-0.516,94.3,3,0,1,0.285,71.6,1,13.51,DREAM,65.1
6.55,0,0,45.6,44.2,14.5,-1.471,84.7,5,1,1,0.634,68.2,1,15.54,DREAM,64.9
7.98,1,2,71.2,68.5,63.3,0.89,97.2,3,0,3,0.655,100.0,2,20.67,SUPER_DREAM,83.6
7.55,0,0,39.1,49.4,22.0,-0.939,99.5,2,0,0,0.504,63.5,3,16.86,DREAM,70.6
7.64,0,0,58.5,70.9,76.8,1.469,84.4,2,3,0,0.587,25.9,3,29.07,SUPER_DREAM,79.0
6.77,0,1,51.0,37.3,58.5,-0.068,97.9,2,3,0,0.518,97.8,3,22.44,SUPER_DREAM,86.3
7.35,0,0,47.4,58.0,36.5,0.583,91.9,2,0,3,0.572,57.4,2,19.01,DREAM,70.7
6.58,0,0,63.5,40.1,55.9,0.549,98.3,2,0,2,0.344,66.3,3,18.53,DREAM,73.6
8.58,2,2,58.0,86.4,70.0,1.233,95.7,3,1,1,0.865,56.8,3,24.34,SUPER_DREAM,80.6
8.74,0,1,70.8,61.7,51.7,0.149,99.5,3,0,0,0.519,56.0,3,21.83,SUPER_DREAM,77.4
5.57,0,0,44.2,31.3,0.0,-0.934,99.4,1,2,1,0.211,48.2,2,10.91,CORE,57.7
6.58,0,0,67.0,60.6,49.6,-0.123,93.0,1,0,2,0.42,35.0,3,16.44,DREAM,62.3
5.95,0,0,44.4,26.1,22.1,-1.33,81.5,4,3,2,0.529,54.2,3,18.39,DREAM,65.9
6.88,0,0,65.1,51.7,67.3,0.561,98.4,2,0,1,0.468,72.7,2,19.75,DREAM,77.0
7.51,0,0,68.5,32.1,55.4,-0.199,95.0,2,3,3,0.294,40.3,3,21.5,SUPER_DREAM,72.4
6.01,1,1,46.5,25.8,24.5,-1.771,97.7,4,1,0,0.434,72.6,3,14.29,DREAM,67.7
6.59,0,0,37.8,52.8,76.4,0.997,96.6,1,2,1,0.473,99.8,3,26.1,SUPER_DREAM,92.5
6.5,0,0,32.7,32.6,53.3,-0.54,99.4,2,3,2,0.475,69.3,2,17.37,DREAM,72.6
7.83,0,0,64.6,53.5,0.0,-1.0,99.9,1,0,1,0.315,44.2,1,10.57,CORE,56.4
7.68,0,4,55.3,66.3,48.4,-0.159,98.5,4,2,2,0.805,71.0,1,22.47,SUPER_DREAM,81.2
6.81,0,0,64.1,41.8,21.8,-0.994,99.9,3,2,3,0.307,79.4,2,18.22,DREAM,76.2
7.79,0,0,71.9,72.3,44.1,-0.396,43.9,2,1,1,0.698,84.6,1,16.87,DREAM,58.2
7.0,0,0,52.8,55.0,46.4,-0.655,100.0,4,1,0,0.718,67.8,3,20.76,SUPER_DREAM,78.2
7.3,0,0,44.1,61.4,59.0,0.246,99.5,4,0,1,0.767,74.1,2,21.73,SUPER_DREAM,80.9
9.44,0,0,85.5,96.2,83.0,1.705,99.0,3,0,1,0.899,77.8,2,35.74,SUPER_DREAM,99.0
9.07,0,0,63.5,79.3,93.3,2.325,99.8,4,1,2,0.71,74.0,3,39.91,SUPER_DREAM,99.0
6.17,0,0,37.6,64.4,50.5,0.291,99.8,3,0,1,0.691,69.8,3,19.84,DREAM,76.9
8.51,0,0,58.4,81.4,77.5,1.841,96.5,2,3,2,0.604,55.4,1,32.85,SUPER_DREAM,94.8
8.49,0,0,68.3,61.1,70.5,0.724,99.9,2,2,3,0.473,79.3,2,27.32,SUPER_DREAM,91.4
6.34,0,0,62.4,62.8,64.2,0.864,97.7,1,1,2,0.463,57.0,3,22.91,SUPER_DREAM,78.9
8.5,0,0,69.9,72.2,61.3,0.566,96.6,1,0,2,0.536,100.0,2,22.72,SUPER_DREAM,86.9
9.29,0,0,72.6,71.7,71.3,0.834,99.7,3,2,1,0.701,55.4,2,30.55,SUPER_DREAM,91.9
6.37,0,0,30.3,48.9,7.1,-1.856,99.6,1,0,1,0.347,77.0,1,11.83,CORE,65.0
6.59,0,0,57.5,63.1,63.1,0.755,97.9,2,2,3,0.588,45.8,2,22.48,SUPER_DREAM,76.0
8.72,0,0,62.8,77.3,68.2,1.172,99.2,1,0,1,0.491,57.8,2,26.55,SUPER_DREAM,85.6
7.9,0,0,65.4,87.4,100.0,2.481,98.7,2,2,2,0.735,56.2,1,37.19,SUPER_DREAM,99.0
8.21,0,0,62.8,80.5,56.2,0.86,96.4,2,1,1,0.662,44.5,2,24.53,SUPER_DREAM,78.7
7.97,0,0,74.8,70.0,62.3,1.377,99.7,3,2,1,0.751,56.4,1,25.36,SUPER_DREAM,83.5
8.03,0,3,63.4,49.0,71.2,0.668,98.1,5,0,1,0.732,70.4,2,25.94,SUPER_DREAM,86.7
6.14,1,2,45.7,40.0,18.9,-0.836,89.3,4,0,2,0.507,61.3,2,10.03,CORE,55.8
8.75,0,0,78.3,72.3,76.5,1.143,99.9,2,0,1,0.469,82.9,2,29.12,SUPER_DREAM,95.1
8.89,0,0,99.1,82.5,72.3,1.045,99.9,5,1,1,0.76,51.0,2,29.83,SUPER_DREAM,89.9
7.35,0,0,69.1,64.7,47.7,0.441,98.4,2,0,0,0.663,75.5,3,21.62,SUPER_DREAM,80.6
7.55,0,0,59.5,60.4,76.7,0.984,63.6,2,0,1,0.532,56.1,1,21.67,SUPER_DREAM,66.4
5.92,0,0,44.2,41.8,19.7,-0.824,69.5,1,0,0,0.492,81.9,3,15.51,DREAM,63.1
8.17,0,0,60.4,74.9,67.9,1.142,99.2,4,2,1,0.836,76.8,3,30.47,SUPER_DREAM,95.9
8.23,0,0,55.9,53.5,89.9,1.03,99.8,1,2,2,0.455,80.2,2,29.54,SUPER_DREAM,95.2
7.53,0,2,53.7,81.6,42.7,0.734,99.1,2,6,3,0.701,62.6,2,24.31,SUPER_DREAM,82.8
8.84,0,0,64.1,43.5,65.7,0.08,99.9,3,1,1,0.393,84.9,3,25.79,SUPER_DREAM,89.9
7.23,2,1,65.2,74.9,94.0,2.006,99.0,2,0,0,0.594,40.1,1,23.92,SUPER_DREAM,77.6
8.22,0,1,54.4,64.8,72.2,1.346,98.4,1,2,1,0.547,71.7,3,28.93,SUPER_DREAM,92.1
6.48,0,0,65.8,60.3,33.6,-0.401,92.6,2,1,1,0.514,67.1,3,17.77,DREAM,70.8
7.57,0,0,69.8,63.4,70.3,1.225,96.6,3,2,1,0.661,77.5,3,30.22,SUPER_DREAM,94.8
7.41,0,0,59.3,61.3,43.7,0.156,96.5,1,3,0,0.572,63.9,1,17.67,DREAM,71.2
7.85,0,0,63.5,69.1,31.0,0.067,84.5,3,1,0,0.649,50.2,3,21.97,SUPER_DREAM,72.0
7.19,0,0,50.2,65.5,76.0,0.839,99.8,4,1,1,0.664,48.6,3,28.79,SUPER_DREAM,87.7
7.46,0,0,62.8,52.4,34.6,-0.349,98.2,5,2,0,0.595,64.8,2,19.48,DREAM,74.9
8.51,0,0,83.1,83.1,100.0,1.739,98.5,2,2,0,0.768,61.1,2,38.16,SUPER_DREAM,99.0
7.12,1,3,47.8,38.1,41.6,0.025,98.5,0,1,2,0.327,77.9,1,10.12,CORE,62.0
5.83,0,0,24.9,39.1,73.4,-0.121,94.8,2,0,2,0.569,79.3,1,17.29,DREAM,73.1
9.52,0,3,88.7,91.5,54.7,0.863,98.6,3,6,0,0.834,65.7,3,33.49,SUPER_DREAM,98.6
9.12,0,0,80.1,89.2,92.9,1.792,99.7,4,0,1,0.857,65.4,2,36.05,SUPER_DREAM,99.0
6.18,2,1,33.3,49.4,48.1,0.135,98.9,4,0,1,0.623,81.0,3,13.1,DREAM,67.7
8.36,0,0,59.8,61.4,80.4,1.717,99.9,4,6,0,0.647,61.3,3,37.81,SUPER_DREAM,99.0
7.05,0,0,45.2,65.1,67.0,1.007,96.1,3,3,1,0.565,61.9,3,28.5,SUPER_DREAM,88.7
7.89,2,2,55.2,52.4,50.7,0.958,100.0,3,0,1,0.554,45.2,2,15.63,DREAM,65.1
7.92,0,0,60.4,86.7,36.5,-0.084,94.4,0,0,1,0.643,78.2,2,17.22,DREAM,72.7
7.34,0,0,55.2,54.6,52.2,-0.233,96.0,2,2,0,0.544,63.7,2,19.09,DREAM,73.4
6.74,0,0,44.6,27.6,49.9,-0.721,97.2,4,0,1,0.468,82.1,3,19.8,DREAM,78.6
6.84,0,0,44.3,33.5,38.6,-0.635,91.9,3,0,2,0.5,46.9,3,17.99,DREAM,66.9
6.59,0,0,48.2,48.1,49.1,-0.373,94.9,2,6,2,0.499,57.6,1,18.82,DREAM,71.4
6.68,0,1,53.9,50.5,51.2,-0.181,97.9,1,2,3,0.435,79.2,3,19.08,DREAM,77.0
7.53,0,0,56.5,85.4,38.9,0.561,96.2,1,2,1,0.556,69.9,2,21.24,SUPER_DREAM,78.2
6.81,0,0,67.0,35.4,53.9,-0.548,69.7,2,2,1,0.387,47.3,2,17.68,DREAM,59.8
8.35,1,2,74.6,67.4,60.4,0.32,98.2,4,2,0,0.698,78.8,3,25.2,SUPER_DREAM,87.2
9.24,0,0,58.3,61.8,63.2,0.513,99.0,1,3,1,0.403,45.4,1,22.09,SUPER_DREAM,75.6
6.96,0,0,60.9,44.7,62.7,0.184,98.9,1,1,3,0.413,77.4,2,17.79,DREAM,74.8
7.86,1,1,70.9,85.1,45.4,0.866,95.1,3,2,0,0.817,50.3,2,22.42,SUPER_DREAM,76.0
8.15,0,0,61.3,48.7,54.6,-0.158,98.5,1,2,1,0.435,83.2,3,22.23,SUPER_DREAM,83.2
8.12,0,0,48.2,72.5,63.7,0.646,99.8,1,3,0,0.612,66.7,2,25.26,SUPER_DREAM,85.4
7.68,0,0,61.9,65.0,81.9,1.433,94.5,1,2,2,0.525,70.2,1,26.78,SUPER_DREAM,87.0
8.42,0,0,69.1,67.2,69.5,1.17,99.6,2,3,1,0.571,63.8,2,28.8,SUPER_DREAM,90.6
8.13,0,0,52.8,71.7,72.1,1.525,95.5,2,0,2,0.764,66.3,2,28.14,SUPER_DREAM,88.8
6.24,0,0,30.0,27.4,34.5,-0.776,92.9,4,0,0,0.444,66.2,2,15.68,DREAM,67.3
8.56,0,1,69.5,92.3,66.3,1.373,90.8,2,0,3,0.563,75.6,1,26.06,SUPER_DREAM,85.8
8.58,0,0,68.0,96.3,67.0,1.609,97.7,3,0,0,0.66,64.1,3,31.51,SUPER_DREAM,94.6
6.76,0,0,47.6,50.0,51.4,-0.038,97.3,1,0,0,0.507,86.9,2,17.58,DREAM,75.9
7.64,1,4,60.4,93.0,51.4,0.818,97.6,3,0,0,0.684,54.0,2,20.99,SUPER_DREAM,75.1
8.35,0,0,55.3,61.3,89.3,0.874,98.8,2,6,0,0.505,77.9,2,33.55,SUPER_DREAM,99.0
7.37,0,1,53.5,61.7,46.7,0.403,99.4,1,0,0,0.394,73.5,3,19.58,DREAM,77.1
8.78,0,0,79.2,91.6,39.6,0.585,94.3,3,1,1,0.797,83.5,1,23.79,SUPER_DREAM,84.6
10.0,1,1,80.8,78.6,100.0,2.305,97.4,1,3,2,0.641,66.8,1,35.6,SUPER_DREAM,99.0
6.74,0,0,32.3,29.7,39.9,-1.552,98.0,2,0,2,0.275,69.9,2,14.37,DREAM,67.3
6.08,0,0,40.1,19.3,61.6,-0.279,98.2,3,0,1,0.25,69.8,2,16.25,DREAM,70.5
7.93,0,0,51.5,91.1,85.5,1.631,97.9,3,0,0,0.876,46.8,3,34.03,SUPER_DREAM,95.4
8.39,0,0,72.1,59.9,82.7,1.631,97.0,4,0,0,0.87,70.9,3,34.29,SUPER_DREAM,99.0
7.35,0,1,62.3,53.2,49.6,0.236,97.2,4,6,1,0.656,100.0,2,25.77,SUPER_DREAM,92.1
9.2,0,0,57.1,60.6,80.5,1.199,99.8,3,3,2,0.531,89.1,2,32.73,SUPER_DREAM,99.0
6.13,0,0,55.4,55.7,15.6,-1.048,99.1,4,3,1,0.699,53.3,3,18.89,DREAM,71.9
8.36,0,1,55.3,56.0,100.0,1.74,99.4,0,3,1,0.532,38.0,3,34.58,SUPER_DREAM,95.0
6.93,0,0,73.0,44.4,32.9,-0.905,98.5,2,0,0,0.516,65.8,3,18.35,DREAM,73.3
9.49,0,0,79.3,83.6,74.3,1.372,99.9,0,2,1,0.462,81.2,2,29.96,SUPER_DREAM,96.1
9.79,0,0,68.0,67.8,84.3,1.211,97.1,1,2,1,0.577,64.4,3,32.34,SUPER_DREAM,95.9
6.76,0,0,38.9,46.8,44.1,0.441,99.8,2,3,1,0.411,93.3,3,21.01,SUPER_DREAM,83.6
7.0,0,0,59.1,71.6,37.1,0.486,99.4,4,0,0,0.745,53.3,3,20.92,SUPER_DREAM,75.3
8.55,0,4,65.8,75.0,92.6,2.098,96.9,2,1,0,0.615,68.4,1,34.47,SUPER_DREAM,99.0
7.17,0,0,55.6,55.7,68.2,0.214,99.9,2,0,3,0.57,63.4,3,21.68,SUPER_DREAM,78.8
7.55,0,0,79.9,61.1,61.4,0.822,97.8,2,0,1,0.519,76.0,2,20.29,SUPER_DREAM,78.4
7.63,0,2,52.9,53.5,49.3,0.106,94.8,2,2,2,0.608,77.0,3,20.83,SUPER_DREAM,78.6
5.49,0,0,40.6,63.3,50.0,0.634,98.1,3,0,1,0.623,82.8,2,19.23,DREAM,78.0
7.58,0,0,77.9,47.1,47.7,-0.032,97.5,2,1,1,0.432,63.1,2,17.61,DREAM,71.2
6.84,0,0,56.7,53.2,75.4,0.823,96.9,4,2,1,0.658,83.9,2,27.36,SUPER_DREAM,91.4
7.06,0,0,36.3,54.2,51.7,0.206,99.5,1,0,0,0.468,70.2,3,19.33,DREAM,76.1
9.19,0,0,82.9,90.2,97.4,1.684,98.3,4,0,1,0.919,85.4,2,37.5,SUPER_DREAM,99.0
6.22,0,0,33.2,58.8,37.6,-0.426,99.3,0,6,1,0.401,87.5,3,18.99,DREAM,78.9
8.49,0,0,86.8,68.0,68.2,1.018,99.4,2,2,1,0.703,65.3,3,29.88,SUPER_DREAM,92.7
7.29,1,1,48.1,59.3,74.6,1.265,99.6,5,2,0,0.794,54.9,1,25.21,SUPER_DREAM,82.9
7.29,0,0,93.6,59.8,92.0,1.291,98.2,2,3,1,0.538,68.1,2,28.63,SUPER_DREAM,90.8
8.47,2,3,87.3,36.4,94.7,1.056,96.8,2,0,1,0.44,79.9,3,22.36,SUPER_DREAM,82.3
7.97,0,0,55.2,40.5,76.5,0.123,95.8,3,0,0,0.442,42.4,2,21.11,SUPER_DREAM,72.4
8.23,0,0,67.5,57.0,74.3,1.309,98.9,1,0,2,0.505,57.6,1,23.83,SUPER_DREAM,80.9
8.67,0,0,80.7,62.5,59.9,0.879,84.1,1,1,2,0.563,75.2,3,25.78,SUPER_DREAM,83.2
7.24,0,2,66.8,37.8,57.1,0.166,97.7,1,2,2,0.345,26.2,1,16.33,DREAM,61.8
6.93,0,0,59.6,61.7,31.7,-0.194,67.0,1,0,1,0.426,49.5,2,13.86,DREAM,53.1
6.41,0,0,64.1,45.5,48.6,0.335,94.4,4,0,0,0.463,55.8,2,19.48,DREAM,72.0
6.69,0,2,50.4,45.6,53.2,-0.233,94.3,4,3,2,0.583,63.7,1,20.09,SUPER_DREAM,74.5
10.0,0,0,80.6,67.4,49.7,0.065,93.5,2,1,0,0.534,60.2,3,23.72,SUPER_DREAM,79.6
8.97,1,2,70.5,73.0,73.3,1.479,98.8,3,6,1,0.776,60.5,3,31.75,SUPER_DREAM,94.7
6.11,0,0,56.4,5.5,45.8,-0.717,97.6,1,0,0,0.1,45.0,3,12.22,DREAM,58.6
6.15,0,1,50.8,40.3,37.2,-0.935,98.6,1,2,1,0.448,91.5,2,15.16,DREAM,73.2
8.13,0,3,69.8,65.3,69.0,0.717,99.8,3,3,2,0.641,55.9,3,29.01,SUPER_DREAM,89.5
8.2,0,0,76.6,68.6,39.3,0.557,99.6,2,3,1,0.532,36.5,3,23.91,SUPER_DREAM,77.0
8.2,0,0,42.4,43.3,49.5,-0.025,90.4,1,0,1,0.327,82.0,2,16.83,DREAM,71.6
7.32,0,0,61.9,58.7,71.5,1.053,99.5,3,0,3,0.574,53.4,3,25.23,SUPER_DREAM,82.6
7.46,0,2,62.2,42.5,54.6,-0.361,99.9,5,0,0,0.636,46.8,3,22.69,SUPER_DREAM,77.1
7.96,0,0,84.6,51.2,66.6,0.72,97.4,2,2,1,0.38,75.2,3,26.51,SUPER_DREAM,88.4
7.69,0,0,43.6,69.7,47.5,-0.107,97.7,1,1,3,0.471,57.2,1,18.54,DREAM,71.7
5.16,0,0,55.3,59.9,27.3,-1.077,98.2,2,2,1,0.514,67.5,1,13.71,DREAM,65.8
7.35,0,0,59.4,56.5,11.7,-0.799,98.6,2,0,1,0.513,55.5,2,14.58,DREAM,65.0
6.66,0,0,57.5,36.9,60.2,0.473,88.0,3,0,1,0.495,58.1,3,21.72,SUPER_DREAM,74.2
7.79,0,0,83.0,63.4,91.1,1.423,99.7,4,0,1,0.705,50.1,3,33.03,SUPER_DREAM,95.0
10.0,0,0,91.7,98.1,65.8,1.274,98.6,4,3,0,0.896,46.8,3,34.19,SUPER_DREAM,95.9
8.0,0,0,69.8,71.7,44.1,0.772,98.3,4,2,0,0.761,100.0,1,24.21,SUPER_DREAM,89.9
7.26,0,0,60.5,93.2,60.0,1.106,85.0,2,1,1,0.786,52.6,2,25.5,SUPER_DREAM,78.5
8.61,0,0,65.3,59.7,94.9,1.522,98.9,2,2,1,0.518,43.1,3,35.63,SUPER_DREAM,97.7
8.13,0,1,66.0,68.0,62.5,1.244,96.9,3,0,1,0.665,82.0,3,27.95,SUPER_DREAM,92.1
8.06,0,2,57.0,85.4,39.6,0.29,68.7,3,2,1,0.605,69.0,2,21.91,SUPER_DREAM,70.9
8.27,0,0,67.1,86.7,60.5,0.852,95.8,1,0,0,0.742,65.3,2,22.5,SUPER_DREAM,79.3
9.86,0,0,55.6,56.2,64.8,0.813,97.9,2,2,0,0.557,57.7,1,24.63,SUPER_DREAM,82.0
6.36,0,0,53.7,44.9,29.2,-0.939,97.1,1,2,1,0.494,58.9,3,15.52,DREAM,66.8
8.12,0,0,64.7,85.1,57.0,0.868,96.7,4,0,1,0.771,60.5,1,26.06,SUPER_DREAM,84.6
6.58,0,0,46.8,87.9,27.2,-0.321,92.7,2,0,1,0.781,82.0,3,18.83,DREAM,75.6
8.21,0,0,69.7,75.2,49.5,0.545,97.2,3,0,1,0.554,61.3,3,23.87,SUPER_DREAM,81.2
6.59,0,0,33.7,42.3,45.4,-0.27,82.6,2,0,1,0.275,82.2,3,18.09,DREAM,71.4
7.14,1,2,79.6,39.4,54.6,0.216,98.4,3,6,0,0.437,64.2,3,21.93,SUPER_DREAM,78.9
7.28,0,0,56.5,86.1,26.7,0.279,98.3,1,1,2,0.616,61.9,3,19.42,DREAM,74.2
8.67,0,0,70.0,80.6,76.2,1.564,99.6,3,1,0,0.828,49.7,3,33.91,SUPER_DREAM,96.3
8.61,0,0,59.5,57.8,61.4,0.619,96.5,1,2,3,0.559,97.2,1,22.34,SUPER_DREAM,85.6
6.23,0,2,47.6,40.7,52.7,-0.127,99.3,2,1,3,0.507,65.2,3,18.77,DREAM,74.1
7.66,0,0,78.2,63.6,71.0,1.084,98.5,1,0,1,0.553,65.0,2,22.94,SUPER_DREAM,80.8
6.82,0,0,65.6,57.6,37.0,-0.57,99.4,2,0,1,0.575,92.9,2,17.08,DREAM,76.9
6.22,0,0,57.4,30.8,50.6,-1.07,82.6,3,2,2,0.293,71.2,1,16.81,DREAM,67.1
7.36,0,0,65.2,47.4,38.3,-0.056,92.6,3,2,2,0.624,72.9,3,21.68,SUPER_DREAM,78.5
7.26,0,0,53.3,31.7,76.0,0.615,96.8,1,3,2,0.382,65.9,3,25.79,SUPER_DREAM,85.2
10.0,0,0,67.6,99.6,70.6,1.572,98.1,2,0,0,0.707,53.4,1,32.25,SUPER_DREAM,93.8
8.08,0,0,63.4,59.1,68.3,1.051,98.3,4,0,0,0.691,83.3,2,26.97,SUPER_DREAM,91.1
6.08,0,0,43.0,48.5,34.6,-0.711,98.7,3,3,0,0.475,43.8,3,17.88,DREAM,68.1
6.98,0,0,67.4,71.7,30.4,-0.365,99.5,1,2,0,0.71,50.3,3,19.34,DREAM,72.2
8.72,1,1,75.9,74.0,85.9,1.304,69.1,2,6,0,0.56,53.3,3,31.55,SUPER_DREAM,84.0
9.9,0,0,100.0,82.3,72.7,1.497,84.0,2,1,1,0.703,68.8,2,30.42,SUPER_DREAM,89.6
5.86,0,1,57.9,42.1,4.7,-1.992,94.2,1,1,1,0.37,64.8,2,11.9,CORE,61.1
5.53,0,0,34.8,36.7,0.0,-1.995,83.9,3,0,2,0.433,37.1,2,13.86,DREAM,55.7
9.66,0,0,60.0,98.7,65.1,1.515,98.2,2,0,0,0.983,99.8,1,30.42,SUPER_DREAM,99.0
8.03,0,0,81.9,67.7,86.1,1.075,89.9,1,0,0,0.669,76.4,2,28.34,SUPER_DREAM,89.5
6.64,0,0,67.8,40.5,67.4,0.133,98.5,2,0,1,0.272,57.6,3,18.36,DREAM,71.7
8.19,0,1,50.5,79.7,50.3,-0.059,99.4,3,1,1,0.777,71.5,3,23.72,SUPER_DREAM,83.7
5.0,1,4,53.1,47.2,18.3,-0.826,44.0,2,3,1,0.45,71.7,3,11.47,CORE,46.7
7.6,0,0,65.6,39.9,47.9,-0.472,99.1,1,0,1,0.406,60.0,3,17.53,DREAM,70.9
7.96,0,0,66.5,84.0,36.5,-0.054,97.5,3,0,2,0.785,70.9,1,21.02,SUPER_DREAM,78.5
8.62,0,0,90.5,74.9,51.3,0.149,99.3,1,6,1,0.519,71.1,3,26.86,SUPER_DREAM,88.8
6.48,0,0,66.0,50.3,60.5,0.195,97.4,3,0,1,0.449,81.4,2,19.39,DREAM,77.8
7.69,0,0,69.8,73.7,66.4,0.493,95.6,4,1,0,0.724,66.0,3,27.21,SUPER_DREAM,87.2
6.58,0,0,56.5,39.5,48.9,0.339,99.2,5,3,2,0.567,69.8,3,23.69,SUPER_DREAM,83.2
7.88,0,3,71.2,75.0,35.5,-0.648,44.7,2,0,1,0.661,61.9,2,15.26,DREAM,51.2
6.62,0,0,46.4,42.5,46.2,-0.4,98.0,2,3,0,0.372,58.5,2,18.71,DREAM,72.3
7.15,0,2,55.8,33.0,9.3,-1.527,94.1,4,2,2,0.608,53.5,3,19.27,DREAM,71.0
6.5,1,1,39.2,32.6,58.2,-0.334,98.5,1,0,1,0.331,52.9,1,10.16,CORE,57.1
8.32,0,1,64.2,74.4,69.4,1.135,98.0,0,3,0,0.591,58.0,2,26.6,SUPER_DREAM,85.3
8.54,0,0,66.0,55.8,43.3,-0.325,99.0,2,2,2,0.499,61.5,3,22.62,SUPER_DREAM,79.7
7.34,0,0,50.8,78.3,82.2,1.991,79.8,4,2,1,0.705,80.1,2,35.38,SUPER_DREAM,98.9
7.64,0,0,63.1,75.7,24.4,-0.59,99.0,2,1,2,0.721,59.3,3,21.29,SUPER_DREAM,77.0
6.01,0,0,41.2,59.7,46.6,-0.612,99.3,2,0,2,0.459,60.0,2,15.99,DREAM,68.4
7.27,0,0,63.7,56.7,62.2,0.112,95.7,3,0,0,0.415,60.6,2,19.66,DREAM,73.6
7.54,1,4,41.0,61.6,33.2,-0.155,84.7,2,0,1,0.596,64.3,2,12.36,DREAM,58.9
10.0,0,1,83.6,68.3,84.3,1.36,99.7,1,0,1,0.478,90.5,3,32.42,SUPER_DREAM,99.0
6.38,1,1,50.3,59.1,12.1,-0.731,94.5,2,0,1,0.507,59.3,1,8.39,CORE,54.2
9.21,0,2,73.4,81.6,24.3,0.012,84.5,2,0,0,0.747,73.4,2,20.53,SUPER_DREAM,74.3
8.7,0,0,69.9,78.6,50.1,0.385,99.7,2,0,1,0.596,70.2,2,22.57,SUPER_DREAM,81.6
7.91,0,0,45.1,85.6,48.8,0.53,83.5,3,0,2,0.651,65.9,1,21.88,SUPER_DREAM,74.7
9.53,0,0,84.6,71.4,91.0,1.543,84.9,2,2,3,0.717,50.6,1,31.97,SUPER_DREAM,88.9
8.01,0,0,72.9,61.3,62.3,1.162,98.1,4,0,1,0.665,72.9,3,27.07,SUPER_DREAM,89.1
8.03,0,1,71.2,67.9,63.0,0.956,98.8,2,1,0,0.696,36.1,2,24.39,SUPER_DREAM,77.5
7.54,0,0,72.9,44.9,37.2,0.082,98.0,2,1,1,0.484,49.7,1,15.97,DREAM,65.9
8.95,0,0,76.9,70.8,62.8,1.052,44.3,3,3,0,0.728,56.9,2,27.22,SUPER_DREAM,70.0
8.81,0,0,78.8,78.8,53.9,0.674,95.3,3,2,1,0.744,61.6,2,28.69,SUPER_DREAM,88.7
6.91,0,0,56.0,46.5,25.9,-1.1,94.4,2,3,3,0.458,66.3,3,16.59,DREAM,69.2
6.15,0,0,54.7,61.0,28.1,-0.377,98.0,1,2,0,0.578,85.9,1,15.45,DREAM,72.3
7.38,2,1,39.8,35.0,54.9,-0.173,94.2,2,0,1,0.43,74.5,2,11.72,CORE,62.7
6.72,0,0,41.5,64.6,35.3,-0.175,99.0,0,0,1,0.405,67.5,1,11.88,CORE,63.0
7.53,0,0,79.3,67.1,49.5,0.265,99.6,1,2,0,0.569,60.0,2,19.81,DREAM,74.9
8.96,0,0,45.1,65.6,85.0,0.748,99.9,2,1,1,0.53,60.1,1,29.02,SUPER_DREAM,90.3
7.1,0,0,54.3,40.1,41.2,-0.085,93.4,3,1,3,0.436,48.0,3,18.17,DREAM,67.9
7.55,0,0,74.6,29.0,31.6,-0.987,97.1,2,2,0,0.368,33.4,1,13.97,DREAM,59.1
7.66,1,4,60.5,48.2,67.1,0.052,95.0,0,0,1,0.286,45.9,1,13.04,DREAM,59.4
8.53,0,0,65.5,83.5,72.2,1.481,97.6,1,3,0,0.656,82.6,1,29.23,SUPER_DREAM,94.5
5.13,0,0,37.8,30.6,32.5,-1.17,99.2,2,1,1,0.365,54.3,2,13.39,DREAM,62.9
6.93,0,0,50.1,67.5,59.5,0.803,99.7,3,2,0,0.626,57.1,1,23.45,SUPER_DREAM,80.4
7.83,0,0,63.7,52.5,67.2,0.83,94.7,4,6,0,0.665,80.3,3,32.39,SUPER_DREAM,98.5
8.92,0,0,66.0,83.0,72.6,1.643,93.7,5,2,0,0.846,25.4,3,33.26,SUPER_DREAM,88.6
7.06,0,0,68.9,42.6,92.8,1.086,99.0,4,1,0,0.614,56.2,1,28.27,SUPER_DREAM,88.1
5.54,0,0,57.4,22.4,8.3,-1.928,68.3,2,3,3,0.287,48.5,2,13.19,DREAM,52.2
8.28,0,2,66.2,64.6,53.8,0.219,99.8,3,2,1,0.646,69.4,3,25.74,SUPER_DREAM,86.7
6.9,0,0,37.4,41.6,65.2,0.072,94.3,1,1,2,0.279,73.4,3,19.33,DREAM,75.2
6.29,0,0,41.6,22.6,43.1,-0.761,98.0,1,3,3,0.199,73.6,2,14.23,DREAM,67.8
6.91,0,0,51.9,48.5,61.6,0.255,99.8,1,0,0,0.415,87.6,2,17.69,DREAM,76.9
7.4,0,0,65.0,57.9,56.8,0.114,99.7,1,1,2,0.547,73.3,3,21.48,SUPER_DREAM,80.4
6.93,0,2,42.3,69.0,73.0,0.726,98.6,0,0,2,0.458,68.7,2,22.48,SUPER_DREAM,80.8
5.17,0,2,27.5,45.0,9.0,-1.364,98.0,4,2,1,0.637,100.0,1,14.76,DREAM,74.0
8.59,0,0,77.0,86.5,92.2,1.867,99.6,2,0,2,0.665,33.1,1,30.61,SUPER_DREAM,87.5
9.0,1,2,86.3,84.1,94.1,1.663,99.9,3,2,0,0.796,98.0,2,33.94,SUPER_DREAM,99.0
8.32,1,1,60.7,71.1,43.0,0.462,93.6,4,0,0,0.697,91.1,2,18.96,DREAM,77.9
6.35,1,3,32.5,27.6,52.5,0.16,99.9,5,0,0,0.617,62.8,2,14.97,DREAM,67.5
7.38,0,0,98.2,58.3,52.8,0.537,100.0,4,6,2,0.757,54.4,2,26.48,SUPER_DREAM,85.0
7.59,0,0,70.3,66.9,45.2,-0.023,99.2,3,0,0,0.671,55.1,3,20.29,SUPER_DREAM,74.6
8.26,0,0,64.4,86.2,30.1,0.113,99.5,2,0,3,0.681,60.7,3,20.0,SUPER_DREAM,75.3
8.34,0,1,78.8,76.3,46.8,0.893,98.3,2,0,0,0.533,82.9,2,24.21,SUPER_DREAM,86.4
6.79,0,0,51.4,67.1,59.3,0.267,95.5,3,2,1,0.68,28.0,3,21.72,SUPER_DREAM,70.5
7.69,0,0,72.3,45.1,71.9,0.796,98.7,4,2,1,0.573,95.1,3,28.3,SUPER_DREAM,95.8
8.1,0,0,67.9,59.6,58.4,0.01,97.0,5,3,3,0.786,65.0,1,24.28,SUPER_DREAM,82.6
9.2,0,0,78.1,82.2,90.1,2.353,95.2,3,0,1,0.638,82.7,3,38.91,SUPER_DREAM,99.0
8.37,0,0,67.4,83.4,82.5,1.514,99.6,2,1,1,0.715,46.6,3,32.62,SUPER_DREAM,93.6
8.47,1,2,52.3,66.1,69.4,1.573,43.7,5,2,2,0.797,75.9,2,26.35,SUPER_DREAM,72.2
7.69,0,0,85.2,58.5,44.3,0.517,42.9,5,2,3,0.637,70.8,3,22.7,SUPER_DREAM,64.9
9.15,0,2,65.2,85.3,82.8,1.657,99.2,2,2,0,0.726,73.5,2,34.73,SUPER_DREAM,99.0
8.05,0,0,49.2,47.8,70.4,0.351,97.3,2,2,1,0.396,54.6,3,24.25,SUPER_DREAM,80.5
6.65,0,0,49.0,70.7,57.0,0.681,97.6,3,0,0,0.609,59.3,2,21.77,SUPER_DREAM,77.4
9.14,0,0,64.9,63.3,90.3,1.42,98.9,2,0,2,0.52,46.5,1,29.35,SUPER_DREAM,87.9
8.37,0,0,68.1,40.2,40.9,-0.59,99.8,3,2,2,0.44,76.5,2,20.64,SUPER_DREAM,79.6
7.11,0,0,64.4,53.4,41.2,-0.695,100.0,1,1,2,0.533,85.1,3,19.99,DREAM,80.3
7.07,0,0,67.7,76.6,15.7,-0.652,99.1,2,1,1,0.63,69.2,2,17.82,DREAM,73.3
7.93,0,0,74.0,70.4,73.6,0.782,94.8,2,1,0,0.545,24.8,3,26.53,SUPER_DREAM,77.6
8.11,0,1,62.4,74.7,58.5,0.915,92.0,3,0,1,0.768,85.4,2,27.03,SUPER_DREAM,89.7
7.82,0,0,63.8,61.6,66.6,1.025,44.2,1,2,2,0.573,66.8,2,24.28,SUPER_DREAM,67.1
7.94,0,0,69.3,60.2,33.7,-0.061,97.8,1,0,3,0.547,25.2,1,15.58,DREAM,60.3
9.47,0,0,58.6,57.5,100.0,1.754,84.1,4,2,1,0.752,39.5,2,38.28,SUPER_DREAM,96.9
8.78,0,0,79.6,39.9,48.8,-0.492,96.8,2,0,0,0.415,49.2,3,19.46,DREAM,71.3
7.81,0,0,45.6,63.7,72.7,1.014,95.6,2,2,0,0.578,65.0,2,24.65,SUPER_DREAM,82.8
8.64,0,0,95.8,88.4,70.7,1.628,81.4,3,2,2,0.742,49.7,2,31.59,SUPER_DREAM,87.0
6.46,0,0,44.8,50.9,39.2,-0.483,68.7,2,2,1,0.588,51.7,1,16.16,DREAM,57.9
8.04,0,0,63.2,72.1,56.6,0.676,99.8,3,0,1,0.678,78.7,3,24.3,SUPER_DREAM,86.2
9.59,0,0,71.7,100.0,68.6,1.514,99.1,2,0,0,0.796,82.8,1,29.8,SUPER_DREAM,95.9
7.36,0,1,51.0,60.6,76.6,1.509,98.9,3,0,0,0.573,79.2,3,28.8,SUPER_DREAM,93.5
6.67,0,0,79.0,46.6,45.2,0.045,93.5,2,0,3,0.497,40.5,2,16.37,DREAM,63.4
6.88,0,0,65.1,39.3,24.7,-0.79,93.3,4,0,2,0.521,79.1,3,17.53,DREAM,73.0
6.4,2,1,30.4,73.7,34.9,-0.493,98.0,2,2,1,0.651,57.8,2,10.23,CORE,58.0
6.74,0,0,70.4,56.5,48.2,0.126,97.0,2,6,1,0.489,94.4,2,22.35,SUPER_DREAM,85.2
7.19,0,0,71.2,40.9,67.5,0.296,98.3,5,0,3,0.57,68.9,2,22.18,SUPER_DREAM,80.2
6.05,0,0,42.2,25.2,26.8,-1.242,98.2,3,0,0,0.345,83.2,2,14.55,DREAM,70.4
7.62,0,0,64.9,76.3,46.7,-0.041,84.4,3,3,2,0.828,73.3,2,23.17,SUPER_DREAM,78.6
8.59,0,0,70.7,55.0,68.5,0.329,99.9,1,2,0,0.301,71.5,2,22.29,SUPER_DREAM,81.4
6.6,0,0,74.7,73.6,59.9,0.749,97.4,2,1,2,0.671,59.5,2,21.76,SUPER_DREAM,77.4
9.27,1,3,68.2,38.4,51.6,0.151,81.2,2,6,1,0.476,83.1,1,20.82,SUPER_DREAM,75.7
8.16,0,1,68.4,84.7,72.0,1.178,98.9,1,2,1,0.506,79.0,3,28.91,SUPER_DREAM,93.7
8.73,0,0,67.2,77.9,61.5,0.781,93.4,2,2,2,0.659,60.0,3,28.54,SUPER_DREAM,87.6
6.88,0,0,36.6,52.3,41.7,0.331,94.3,5,2,0,0.745,58.4,1,19.59,DREAM,72.6
8.54,0,0,96.7,66.5,100.0,1.741,98.8,1,0,0,0.465,54.3,1,30.72,SUPER_DREAM,91.7
6.4,0,0,34.8,71.9,38.3,0.046,99.5,1,1,1,0.584,77.3,2,16.7,DREAM,73.1
8.58,0,0,73.4,79.3,81.5,1.497,97.1,1,0,1,0.54,68.5,3,32.51,SUPER_DREAM,97.0
7.79,0,0,42.0,48.0,71.4,0.199,98.6,3,1,0,0.519,69.3,1,21.45,SUPER_DREAM,79.2
8.21,0,0,62.3,41.2,42.3,-0.236,98.4,2,0,1,0.511,59.6,2,18.29,DREAM,71.9
6.31,0,0,53.1,46.9,7.5,-1.535,99.9,2,0,0,0.584,86.9,1,13.04,DREAM,69.1
6.62,1,3,41.3,47.8,59.2,0.221,98.1,3,0,1,0.535,42.7,3,18.63,DREAM,69.0
8.26,0,0,74.6,44.5,44.6,-0.138,99.5,1,0,3,0.27,76.7,3,19.62,DREAM,77.9
6.56,2,3,47.3,46.3,13.7,-0.578,99.0,2,0,0,0.42,79.7,2,6.54,CORE,56.6
8.11,0,2,80.0,56.2,80.8,0.652,98.9,1,2,0,0.308,60.2,1,23.1,SUPER_DREAM,80.2
6.1,0,0,62.3,42.2,19.8,-0.803,98.8,1,1,1,0.332,43.3,1,9.6,CORE,54.3
8.53,0,1,63.3,79.0,53.5,0.946,99.5,1,3,1,0.69,70.7,3,27.48,SUPER_DREAM,89.8
6.24,0,0,48.4,64.6,75.5,0.864,96.2,2,3,2,0.463,82.9,3,27.91,SUPER_DREAM,92.0
8.21,0,0,69.3,78.0,33.6,0.248,93.9,2,0,0,0.649,91.6,3,22.73,SUPER_DREAM,84.4
8.29,0,0,75.3,56.1,41.8,0.37,98.1,0,1,1,0.327,74.9,1,16.49,DREAM,71.9
6.83,0,0,53.5,55.3,38.7,-0.461,83.1,1,2,1,0.591,55.8,2,16.99,DREAM,64.4
8.24,0,0,69.7,66.5,59.6,0.69,98.1,1,1,0,0.558,75.4,1,22.89,SUPER_DREAM,82.7
7.89,0,0,60.9,43.1,43.6,-0.21,98.4,1,3,2,0.43,72.5,3,19.7,DREAM,76.8
7.01,0,0,56.5,57.7,28.2,-0.34,91.5,1,2,2,0.487,69.8,3,15.69,DREAM,67.6
6.49,0,0,65.5,72.4,70.1,1.281,96.7,1,2,1,0.628,51.7,2,25.79,SUPER_DREAM,82.3
5.44,0,0,47.2,35.3,35.0,-0.693,98.9,5,2,1,0.634,74.0,3,18.23,DREAM,74.9
7.98,0,0,73.3,40.5,71.3,0.605,98.0,2,0,0,0.407,72.0,2,22.53,SUPER_DREAM,81.4
5.88,0,0,52.5,40.1,33.1,-0.979,99.8,3,2,2,0.418,100.0,1,15.44,DREAM,75.7
7.7,0,0,60.2,42.8,62.7,0.284,99.8,3,0,0,0.405,66.3,2,20.6,SUPER_DREAM,77.5
7.31,0,0,61.9,67.5,69.5,0.793,98.7,3,0,0,0.793,90.4,2,26.56,SUPER_DREAM,92.0
8.35,0,0,55.4,74.2,47.2,0.031,95.4,3,0,3,0.765,85.9,3,25.88,SUPER_DREAM,88.9
7.27,2,1,72.9,52.6,57.0,0.108,82.9,2,2,1,0.31,65.7,2,12.19,DREAM,58.3
7.24,0,0,24.0,50.0,64.4,0.512,92.8,2,3,1,0.45,83.6,2,23.54,SUPER_DREAM,83.8
8.41,0,0,68.0,64.5,93.7,1.73,99.7,4,0,2,0.725,53.2,3,35.58,SUPER_DREAM,99.0
7.97,0,0,78.4,62.8,95.7,1.245,83.8,1,2,1,0.633,62.1,3,33.11,SUPER_DREAM,92.7
7.95,1,2,48.1,51.6,61.6,0.1,99.0,1,0,1,0.333,57.0,2,14.93,DREAM,66.0
8.12,0,0,71.0,44.8,82.9,1.101,96.9,1,0,1,0.408,62.6,3,26.49,SUPER_DREAM,85.8
5.91,0,0,35.9,56.0,0.0,-1.228,94.7,3,3,3,0.54,34.9,3,16.86,DREAM,63.5
8.43,0,0,64.9,62.4,94.1,1.837,98.5,2,0,0,0.461,92.0,3,33.71,SUPER_DREAM,99.0
8.27,0,0,79.1,68.3,51.2,0.814,95.2,4,0,2,0.826,60.4,1,22.95,SUPER_DREAM,78.9
6.48,0,0,52.2,50.3,38.4,-0.18,95.5,2,0,2,0.395,76.8,2,13.12,DREAM,65.9
7.33,0,0,33.9,60.2,60.9,0.406,96.2,2,0,1,0.619,68.7,2,21.25,SUPER_DREAM,78.0
7.56,0,4,48.9,41.7,52.9,-0.044,99.1,2,0,1,0.284,60.9,3,18.6,DREAM,72.9
7.45,0,0,71.2,33.5,58.0,0.407,89.3,2,0,0,0.315,45.8,3,19.35,DREAM,68.2
7.97,0,0,70.1,54.4,89.2,2.093,96.7,3,1,1,0.607,51.3,3,34.22,SUPER_DREAM,96.3
9.17,0,1,97.7,81.5,68.2,1.313,96.2,2,0,2,0.748,61.5,2,28.42,SUPER_DREAM,88.5
8.79,0,0,93.1,61.5,50.9,0.418,94.6,2,2,2,0.585,57.9,2,22.79,SUPER_DREAM,77.9
6.16,0,1,42.5,37.8,71.5,0.618,89.5,1,3,1,0.403,50.4,3,22.79,SUPER_DREAM,74.9
8.28,0,0,97.9,95.9,73.9,1.642,99.5,2,0,3,0.768,54.7,2,29.1,SUPER_DREAM,89.3
9.06,0,1,75.9,48.8,100.0,1.826,99.7,2,1,3,0.573,71.9,3,35.36,SUPER_DREAM,99.0
8.03,0,0,53.7,52.7,76.9,1.162,92.7,4,0,1,0.637,78.2,3,31.63,SUPER_DREAM,96.1
8.8,2,1,65.4,98.4,46.8,0.977,98.3,4,0,0,0.987,47.5,2,19.58,DREAM,71.6
9.81,0,1,56.1,82.3,94.4,1.882,99.2,2,3,1,0.725,51.8,2,38.07,SUPER_DREAM,99.0
8.73,0,0,91.5,61.1,52.0,-0.174,97.7,0,2,2,0.467,68.2,3,23.97,SUPER_DREAM,82.9
7.87,0,0,82.9,78.0,59.6,1.068,99.9,3,0,1,0.646,62.5,1,23.28,SUPER_DREAM,81.3
8.75,0,0,60.3,72.0,68.6,1.063,99.9,0,0,1,0.429,59.5,3,26.05,SUPER_DREAM,85.3
7.76,1,3,59.9,55.5,29.0,-0.742,99.1,2,0,2,0.465,78.8,1,13.93,DREAM,68.7
7.63,0,0,62.4,61.6,41.9,-0.351,99.6,0,3,1,0.472,67.8,2,16.85,DREAM,71.5
7.21,0,0,45.6,45.1,91.3,1.339,42.5,2,2,3,0.389,40.7,2,27.6,SUPER_DREAM,66.9
9.32,0,0,57.1,63.3,81.1,0.719,94.1,2,0,1,0.539,53.0,2,27.84,SUPER_DREAM,85.2
6.7,0,0,49.5,47.1,42.2,-0.201,97.8,2,0,3,0.444,40.1,1,13.42,DREAM,59.7
9.29,0,0,74.0,63.0,100.0,2.013,92.9,4,0,0,0.794,62.3,3,39.32,SUPER_DREAM,99.0
8.15,0,3,61.8,64.8,55.7,0.631,100.0,2,3,2,0.622,45.1,2,23.91,SUPER_DREAM,78.9
6.06,0,0,48.3,46.6,36.1,-0.602,98.6,2,1,1,0.33,38.6,3,17.24,DREAM,66.0
8.0,0,1,82.2,75.0,78.9,0.992,96.6,2,0,2,0.658,34.2,1,25.21,SUPER_DREAM,77.8
5.29,0,0,34.3,49.0,21.3,-0.706,97.9,0,0,3,0.319,94.8,3,13.06,DREAM,70.1
8.29,0,0,69.9,60.5,51.0,0.601,99.5,3,0,1,0.585,44.5,2,21.59,SUPER_DREAM,74.7
8.57,0,0,79.5,76.3,27.3,-0.326,96.2,3,0,2,0.714,60.3,3,21.73,SUPER_DREAM,77.1
6.95,0,0,61.1,58.3,31.5,-0.236,88.3,2,2,3,0.618,65.9,2,17.42,DREAM,68.7
7.74,0,3,55.0,64.7,40.8,0.492,99.3,2,0,1,0.508,66.8,3,19.65,DREAM,75.9
9.75,1,2,83.7,75.5,84.8,1.658,99.5,2,3,1,0.665,74.3,3,34.27,SUPER_DREAM,99.0
7.04,0,0,62.0,38.1,38.5,-0.701,99.2,3,2,2,0.47,64.2,3,19.8,DREAM,75.6
6.44,0,0,35.8,52.8,81.1,1.301,94.9,3,0,1,0.532,58.2,1,25.04,SUPER_DREAM,81.8
9.23,0,0,92.5,52.6,56.7,0.033,95.9,3,2,2,0.497,68.3,3,24.63,SUPER_DREAM,83.5
9.76,0,2,99.8,78.6,100.0,1.682,89.7,4,0,1,0.73,68.1,1,37.62,SUPER_DREAM,99.0
7.6,1,2,52.4,22.9,60.2,0.008,98.0,2,0,2,0.247,65.8,3,16.01,DREAM,69.2
8.71,0,1,74.5,52.1,84.1,0.943,97.1,0,6,0,0.424,74.6,3,32.02,SUPER_DREAM,97.4
9.08,0,0,83.5,62.6,87.3,1.276,97.8,2,2,1,0.529,55.6,3,33.99,SUPER_DREAM,97.1
6.78,0,0,46.3,65.0,6.5,-1.195,99.1,2,0,2,0.567,62.0,2,14.7,DREAM,66.6
7.07,0,0,61.4,62.4,49.6,0.093,98.0,1,0,1,0.404,45.1,2,17.84,DREAM,68.2
8.95,0,0,76.5,65.7,67.7,1.268,96.4,2,0,1,0.542,61.3,2,26.06,SUPER_DREAM,84.6
9.45,0,0,61.9,89.2,58.0,1.524,91.7,3,0,3,0.823,55.4,3,30.75,SUPER_DREAM,89.8
8.22,0,0,72.7,77.8,71.9,1.752,99.8,3,0,1,0.591,80.8,3,30.2,SUPER_DREAM,96.4
6.63,0,0,38.1,45.7,75.5,1.006,98.8,4,0,0,0.644,43.1,3,25.36,SUPER_DREAM,80.5
9.79,0,2,94.1,63.3,34.3,-0.065,94.0,3,2,1,0.575,57.9,2,22.17,SUPER_DREAM,76.7
7.02,0,1,47.1,49.3,39.6,-0.757,97.2,1,3,1,0.546,57.1,3,19.01,DREAM,72.3
7.23,0,0,55.4,53.2,29.4,-0.612,98.6,2,0,3,0.526,75.1,2,16.66,DREAM,72.4
7.98,0,0,81.2,45.5,62.0,0.917,99.1,2,1,2,0.292,45.9,3,23.29,SUPER_DREAM,77.7
9.31,0,0,84.1,82.5,70.9,1.146,97.5,2,0,1,0.72,65.1,2,29.13,SUPER_DREAM,90.8
8.54,0,1,57.4,72.9,56.6,1.108,98.7,1,0,1,0.545,66.2,3,24.81,SUPER_DREAM,84.2
8.06,1,1,53.4,69.9,74.1,1.136,99.4,1,2,3,0.572,78.9,1,21.89,SUPER_DREAM,82.1
8.11,0,1,58.9,68.1,91.8,0.812,65.6,1,3,1,0.666,52.2,2,30.57,SUPER_DREAM,81.1
7.65,1,1,66.2,69.3,100.0,2.079,99.8,3,0,1,0.722,45.4,3,32.15,SUPER_DREAM,92.6
8.21,0,0,71.4,62.8,50.3,0.644,95.0,1,1,1,0.482,72.1,2,22.97,SUPER_DREAM,81.2
5.0,0,0,24.9,32.8,0.0,-1.858,99.7,1,6,0,0.178,44.1,2,13.75,DREAM,61.6
7.27,0,0,43.7,49.4,62.4,0.729,99.6,1,2,3,0.476,57.2,2,20.53,SUPER_DREAM,75.5
7.87,0,0,67.0,53.3,88.4,0.718,83.5,3,0,2,0.594,61.4,3,29.23,SUPER_DREAM,86.0
6.33,0,1,46.2,63.4,55.7,0.022,98.0,1,0,1,0.596,74.2,1,15.28,DREAM,69.7
8.02,0,0,91.1,34.7,90.2,0.961,83.8,0,3,0,0.231,41.9,3,26.61,SUPER_DREAM,77.9
7.38,0,0,59.2,68.4,49.4,0.494,99.5,2,0,0,0.622,60.6,3,22.68,SUPER_DREAM,79.8
9.53,0,0,100.0,71.2,68.4,1.382,84.7,2,1,1,0.598,65.4,3,31.55,SUPER_DREAM,91.1
9.33,0,3,64.3,67.1,79.0,1.406,98.6,2,0,1,0.597,52.1,3,30.36,SUPER_DREAM,90.6
7.09,0,0,37.0,56.6,44.1,-0.403,98.3,3,1,1,0.455,59.6,3,20.61,SUPER_DREAM,75.8
7.43,0,0,45.9,35.9,66.1,0.267,99.3,0,0,2,0.277,78.3,2,18.9,DREAM,76.9
7.52,0,0,74.5,46.3,72.7,0.786,94.5,0,2,3,0.355,57.4,3,24.01,SUPER_DREAM,79.8
7.1,0,0,77.1,41.2,69.1,-0.164,99.8,1,0,1,0.308,59.5,2,19.07,DREAM,73.6
7.81,0,0,53.8,57.9,68.0,0.683,44.9,4,2,0,0.694,78.3,3,26.91,SUPER_DREAM,74.0
6.77,0,1,47.1,38.2,50.6,-0.319,99.8,1,0,2,0.397,61.7,3,17.92,DREAM,72.1
6.36,0,0,34.5,67.3,55.6,0.318,97.3,5,0,1,0.883,85.1,3,23.28,SUPER_DREAM,85.0
8.28,0,2,46.1,91.3,29.1,0.348,99.2,3,2,0,0.737,40.4,2,22.64,SUPER_DREAM,75.6
8.29,0,0,76.5,37.9,68.3,-0.038,99.9,2,6,0,0.439,60.9,2,25.5,SUPER_DREAM,84.7
6.72,0,0,54.8,56.5,46.5,0.151,98.6,3,3,0,0.682,76.6,2,20.09,SUPER_DREAM,78.4
8.58,1,3,71.0,81.5,71.9,1.453,98.5,2,0,0,0.662,54.2,1,22.27,SUPER_DREAM,77.5
6.91,0,0,37.3,58.6,46.3,0.385,93.9,2,1,3,0.642,61.5,3,19.43,DREAM,72.8
7.88,0,0,83.5,52.4,67.3,0.231,99.8,2,2,1,0.429,83.9,3,24.79,SUPER_DREAM,88.0
8.5,1,1,64.0,65.1,56.7,0.051,97.2,2,2,0,0.581,53.4,3,20.11,SUPER_DREAM,73.3
7.56,0,0,67.0,47.7,76.1,0.821,97.7,1,2,0,0.256,72.2,2,22.98,SUPER_DREAM,82.0
8.1,0,1,48.5,58.2,70.7,0.7,69.0,2,6,1,0.378,76.2,3,30.87,SUPER_DREAM,87.4
7.03,0,0,53.0,35.4,52.1,0.642,99.0,3,0,1,0.304,66.1,2,19.46,DREAM,75.4
7.38,0,0,62.3,54.6,41.1,-0.039,99.7,2,2,2,0.616,65.6,1,16.83,DREAM,71.1
7.37,0,0,62.7,35.1,68.2,0.264,97.2,5,0,1,0.483,49.6,2,22.83,SUPER_DREAM,77.1
6.78,0,1,54.6,46.8,50.1,-0.115,93.2,1,3,3,0.326,76.0,1,16.28,DREAM,70.3
7.41,0,0,65.0,39.0,40.3,-0.878,44.8,4,2,2,0.546,46.2,2,16.0,DREAM,49.3
5.9,1,1,30.4,42.8,34.7,-0.434,69.1,3,1,2,0.42,70.9,1,10.7,CORE,52.7
7.06,1,3,58.0,43.1,61.0,0.17,80.3,3,3,1,0.578,57.2,1,18.7,DREAM,66.7
7.29,0,0,59.2,59.2,62.4,0.532,98.8,4,2,1,0.804,59.1,2,26.48,SUPER_DREAM,85.6
7.32,0,0,61.0,70.6,61.6,0.789,99.2,3,2,1,0.497,62.0,2,24.72,SUPER_DREAM,83.4
7.33,0,0,59.2,77.9,54.7,0.765,97.9,2,3,1,0.707,72.5,2,24.29,SUPER_DREAM,84.4
7.53,0,0,45.0,22.5,73.8,-0.357,99.5,3,0,0,0.172,88.4,2,21.1,SUPER_DREAM,82.7
8.13,0,0,50.5,52.7,84.8,1.35,98.5,1,6,3,0.32,66.7,3,33.04,SUPER_DREAM,98.0
8.56,0,0,44.0,64.9,81.0,0.975,97.8,2,0,2,0.613,54.2,1,26.0,SUPER_DREAM,83.5
6.89,1,4,63.7,57.2,37.0,-0.286,96.1,4,1,0,0.565,43.4,1,15.13,DREAM,62.7
6.28,0,3,57.7,20.9,21.3,-1.057,97.6,1,0,2,0.227,82.4,1,9.58,CORE,61.7
6.45,0,2,59.7,32.2,32.7,-0.342,99.0,0,0,1,0.228,67.6,3,14.11,DREAM,66.8
7.06,2,2,59.3,54.5,84.9,0.628,97.1,2,2,0,0.37,61.5,3,20.48,SUPER_DREAM,75.6
7.21,0,0,31.5,55.5,56.6,0.318,90.4,2,0,1,0.561,65.9,3,21.4,SUPER_DREAM,76.0
6.75,0,0,40.2,54.6,84.3,1.203,98.7,2,3,0,0.526,76.5,1,25.42,SUPER_DREAM,87.3
6.17,1,2,48.8,49.1,36.9,-0.862,85.0,2,0,0,0.467,58.8,1,10.67,CORE,55.1
7.1,0,0,57.6,57.8,45.5,0.263,95.7,2,0,0,0.473,55.0,3,20.04,SUPER_DREAM,73.1
7.8,0,3,60.3,63.5,57.3,0.523,99.6,2,3,1,0.596,45.4,2,23.7,SUPER_DREAM,78.5
8.25,0,0,72.0,66.6,62.4,0.762,99.7,2,2,1,0.483,48.8,2,25.56,SUPER_DREAM,82.3
6.99,0,0,55.0,61.2,34.9,-0.505,99.3,5,2,0,0.647,59.8,2,21.1,SUPER_DREAM,76.9
7.15,1,1,57.9,22.3,30.1,-1.029,94.0,5,0,1,0.481,81.1,3,14.16,DREAM,68.0
6.58,1,3,43.1,69.0,53.0,0.721,96.8,3,2,1,0.745,57.4,3,20.03,SUPER_DREAM,73.9
7.57,0,0,72.4,27.4,74.8,0.329,84.0,1,0,1,0.213,68.9,3,21.44,SUPER_DREAM,74.7
6.67,0,1,46.5,33.2,89.0,0.681,99.9,2,6,0,0.389,81.9,3,28.78,SUPER_DREAM,94.3
8.23,0,0,51.3,62.4,56.0,0.295,98.0,4,2,1,0.693,70.7,1,24.47,SUPER_DREAM,84.3
5.64,0,0,32.1,46.4,26.3,-0.717,97.8,2,3,0,0.478,94.6,2,15.79,DREAM,74.6
7.2,0,1,52.9,12.3,37.6,-1.112,96.6,5,2,1,0.331,66.0,2,18.47,DREAM,73.0
7.93,0,0,76.2,61.8,80.4,1.422,99.0,2,2,2,0.541,62.6,1,26.84,SUPER_DREAM,87.0
7.8,0,0,62.5,71.9,73.3,0.993,99.8,4,2,1,0.74,59.3,3,31.33,SUPER_DREAM,94.0
10.0,0,0,82.8,98.9,69.2,1.189,93.4,0,2,1,0.812,94.9,2,30.56,SUPER_DREAM,97.9
7.98,0,0,49.9,53.1,44.6,0.007,99.7,2,0,0,0.403,83.3,3,19.48,DREAM,79.0
6.5,0,0,59.4,42.2,60.1,0.004,100.0,3,0,1,0.363,43.1,3,20.44,SUPER_DREAM,72.7
7.49,0,0,52.1,48.8,61.8,0.567,82.0,4,0,3,0.822,96.7,2,25.49,SUPER_DREAM,86.4
5.65,0,0,40.3,31.6,46.4,-0.473,99.0,2,2,0,0.366,72.5,1,14.75,DREAM,68.8
7.51,0,3,77.9,43.2,39.2,-0.263,98.5,1,2,1,0.406,66.9,1,15.74,DREAM,69.2
6.68,0,0,57.9,36.1,11.4,-1.741,97.8,4,2,1,0.544,72.8,3,18.11,DREAM,74.1
8.61,0,1,51.5,75.8,52.5,0.634,84.0,2,3,0,0.712,50.6,3,26.54,SUPER_DREAM,79.5
7.0,0,0,33.7,53.8,61.3,0.206,99.9,1,1,3,0.508,68.0,2,19.2,DREAM,75.6
7.47,0,0,58.9,64.1,92.7,1.195,99.4,2,0,1,0.631,60.4,3,31.08,SUPER_DREAM,93.7
6.9,0,0,39.5,53.9,40.1,-0.478,69.6,3,0,0,0.648,59.6,3,18.98,DREAM,64.4
9.51,0,0,87.9,89.5,100.0,2.127,87.4,2,0,1,0.76,79.4,2,38.01,SUPER_DREAM,99.0
7.25,0,0,58.0,67.0,66.9,1.22,97.3,4,0,1,0.795,61.0,2,27.98,SUPER_DREAM,88.0
9.62,0,0,83.1,56.4,55.3,0.116,93.8,2,0,1,0.666,66.5,2,23.67,SUPER_DREAM,80.9
8.5,0,0,61.5,56.5,70.8,0.372,99.9,2,2,1,0.531,69.9,1,23.05,SUPER_DREAM,82.4
8.13,0,0,87.2,61.2,78.1,1.107,99.8,1,0,1,0.527,79.2,2,26.33,SUPER_DREAM,89.6
8.01,0,0,99.2,62.7,17.4,-0.714,96.6,2,0,1,0.513,84.0,3,17.89,DREAM,75.6
8.03,0,0,62.0,54.0,73.0,0.622,94.2,1,6,1,0.425,65.2,1,26.37,SUPER_DREAM,85.2
5.48,0,0,44.0,48.0,51.9,-0.032,99.9,1,6,2,0.425,59.3,2,20.49,SUPER_DREAM,76.0
7.29,1,3,59.1,82.9,59.7,1.243,95.2,1,2,1,0.609,93.6,2,21.5,SUPER_DREAM,83.1
8.53,0,0,67.2,71.4,66.2,1.117,99.0,0,0,0,0.507,26.3,3,25.45,SUPER_DREAM,77.4
7.55,0,0,50.5,59.2,52.4,0.432,84.5,1,3,1,0.502,78.0,2,23.06,SUPER_DREAM,79.4
6.05,0,0,32.5,53.5,33.5,-0.781,99.8,2,1,0,0.616,62.8,3,17.07,DREAM,71.0
7.54,0,2,46.8,31.8,34.3,0.033,97.0,1,0,3,0.214,73.6,1,13.28,DREAM,66.0
9.47,0,0,84.6,79.6,66.3,1.397,98.7,1,2,1,0.651,65.6,1,29.18,SUPER_DREAM,91.4
8.97,1,1,68.5,87.4,65.2,1.358,96.4,5,0,0,0.863,84.2,3,28.53,SUPER_DREAM,93.3
7.53,0,0,29.4,48.8,57.4,-0.15,44.5,2,6,3,0.523,71.3,3,22.14,SUPER_DREAM,64.5
8.65,2,3,76.8,52.9,58.7,0.605,97.7,2,3,0,0.558,43.7,3,17.9,DREAM,67.9
7.2,0,1,56.5,51.6,35.7,-0.548,99.7,1,0,2,0.555,43.0,2,15.87,DREAM,65.0
5.73,0,2,58.4,37.1,47.4,-0.394,44.8,2,1,1,0.346,61.8,3,13.59,DREAM,48.4
6.58,0,0,55.3,34.7,50.7,-0.79,99.7,2,0,1,0.374,74.1,3,18.01,DREAM,74.8
9.32,0,0,60.4,100.0,67.1,1.141,96.7,2,3,1,0.884,84.6,2,33.06,SUPER_DREAM,99.0
7.3,0,0,31.2,48.6,61.7,0.454,97.9,2,0,2,0.513,55.0,3,21.22,SUPER_DREAM,75.7
7.33,0,0,49.7,39.5,44.8,-0.063,99.6,3,0,1,0.258,31.8,3,17.13,DREAM,64.8
7.27,1,2,50.2,53.7,53.4,0.38,99.0,4,0,1,0.561,71.5,2,18.43,DREAM,74.7
9.69,0,0,93.3,94.4,98.9,2.549,97.1,4,0,1,0.946,65.6,2,41.44,SUPER_DREAM,99.0
9.39,0,0,78.8,78.5,66.8,1.055,99.3,1,3,0,0.593,67.1,1,25.07,SUPER_DREAM,85.0
10.0,0,0,98.6,91.8,63.9,1.131,79.9,3,3,1,0.888,48.5,3,34.98,SUPER_DREAM,92.0
7.43,0,0,43.4,44.5,51.5,0.021,95.1,0,0,0,0.395,82.9,1,15.22,DREAM,70.5
7.93,0,0,75.8,83.0,35.6,0.473,98.4,2,0,0,0.684,52.8,2,19.87,DREAM,73.2
5.93,1,1,53.0,48.1,31.2,-0.601,98.0,2,1,1,0.505,69.6,3,12.54,DREAM,64.2
9.22,0,0,53.0,91.1,70.6,1.805,97.9,2,2,1,0.874,69.1,2,33.32,SUPER_DREAM,98.7
6.32,0,0,64.0,49.6,0.0,-1.573,99.4,2,0,0,0.549,73.2,2,13.78,DREAM,67.4
7.84,0,0,64.5,72.8,68.6,0.72,84.1,3,1,0,0.628,53.8,2,25.82,SUPER_DREAM,79.0
6.39,0,0,53.6,33.1,38.4,-0.688,99.7,3,0,0,0.397,51.1,1,13.57,DREAM,62.8
6.95,0,0,44.1,44.6,69.7,0.515,94.8,0,0,1,0.314,77.8,3,19.94,DREAM,77.2
6.68,0,0,67.1,67.3,49.0,0.293,97.4,3,2,1,0.576,73.3,2,20.75,SUPER_DREAM,78.5
6.93,1,1,40.1,73.1,61.4,1.188,99.9,3,1,0,0.777,70.0,2,21.86,SUPER_DREAM,80.4
7.01,0,1,65.1,36.0,70.5,0.577,93.4,1,1,2,0.261,81.9,1,18.53,DREAM,75.3
7.0,0,1,64.8,55.5,46.6,-0.422,84.2,2,2,0,0.5,70.1,2,19.03,DREAM,71.0
8.52,0,0,58.5,62.7,67.2,1.229,96.6,3,2,0,0.704,59.4,3,30.48,SUPER_DREAM,91.7
6.38,0,3,72.6,35.5,13.3,-2.214,94.2,2,0,3,0.332,72.8,1,12.89,DREAM,64.3
7.84,2,1,66.2,65.3,81.4,1.893,97.9,3,1,1,0.61,71.8,1,22.04,SUPER_DREAM,80.5
8.94,0,2,82.2,89.3,69.7,1.29,99.6,2,3,0,0.772,72.1,3,33.43,SUPER_DREAM,99.0
7.04,0,0,37.0,58.7,31.3,-0.443,93.4,5,1,2,0.678,51.8,3,22.39,SUPER_DREAM,75.7
6.81,2,3,78.5,45.4,60.0,0.192,99.3,4,2,0,0.681,50.3,1,14.54,DREAM,64.1
7.35,0,1,43.8,63.0,13.9,-0.706,99.6,1,0,3,0.428,78.2,2,14.43,DREAM,69.6
8.9,2,1,86.3,67.8,64.0,0.778,98.1,2,0,0,0.411,62.8,3,18.59,DREAM,73.0
7.81,0,0,51.2,66.7,75.1,1.048,98.0,2,0,2,0.654,35.9,2,27.0,SUPER_DREAM,81.6
7.02,1,1,47.7,71.7,41.3,0.566,91.8,1,1,0,0.533,44.4,2,14.91,DREAM,61.3
8.13,0,3,75.8,35.4,49.7,-0.133,92.8,2,0,3,0.303,45.2,1,15.75,DREAM,63.1
6.39,0,0,61.2,56.4,34.2,-0.634,98.5,3,3,1,0.606,81.0,3,20.02,SUPER_DREAM,79.1
8.35,0,0,53.2,45.3,29.0,-0.501,95.1,3,1,0,0.531,64.3,3,20.94,SUPER_DREAM,76.3
8.05,1,3,78.6,80.7,74.5,1.506,96.5,4,2,2,0.744,65.5,3,27.5,SUPER_DREAM,87.9
7.26,0,0,70.2,46.0,49.9,-0.247,98.4,0,2,1,0.417,59.7,3,17.75,DREAM,71.0
6.68,0,0,40.5,31.4,40.2,-0.427,93.6,3,1,2,0.469,49.1,3,16.95,DREAM,66.1
6.62,0,0,70.4,57.6,39.7,-0.205,79.3,2,2,1,0.681,76.4,1,18.27,DREAM,69.5
8.19,0,3,49.4,70.2,63.5,0.742,68.1,1,2,2,0.514,74.8,3,26.06,SUPER_DREAM,78.8
8.95,0,0,67.0,59.5,84.2,1.14,97.5,2,0,1,0.549,54.4,2,28.62,SUPER_DREAM,87.8
6.9,0,0,59.7,33.3,46.9,-1.156,44.8,3,0,3,0.432,86.0,2,14.99,DREAM,55.6
8.1,0,0,55.8,61.5,37.7,-0.295,97.5,2,6,1,0.524,76.2,2,21.61,SUPER_DREAM,80.5
5.3,0,1,41.2,16.5,39.0,-0.786,99.4,5,2,0,0.448,52.2,2,17.41,DREAM,69.3
6.96,0,0,57.5,36.7,57.5,-0.05,94.8,2,2,0,0.415,60.7,2,18.5,DREAM,71.4
7.57,0,2,58.4,59.8,59.5,0.096,96.2,2,2,2,0.577,59.5,3,23.65,SUPER_DREAM,80.2
6.6,0,3,61.0,34.1,63.5,0.377,97.6,1,2,2,0.272,69.7,3,19.92,DREAM,76.4
6.57,0,0,48.0,53.2,44.4,-0.193,84.0,0,1,1,0.356,43.6,2,14.47,DREAM,58.0
6.87,0,0,56.4,71.4,67.4,0.583,93.9,2,6,0,0.574,54.4,1,24.25,SUPER_DREAM,79.5
7.92,0,0,78.0,60.1,85.4,1.925,99.6,2,2,0,0.48,76.9,3,32.84,SUPER_DREAM,99.0
7.39,0,0,68.4,58.2,64.2,0.273,95.0,2,3,1,0.522,41.2,3,25.18,SUPER_DREAM,78.7
5.14,0,0,45.8,59.8,13.2,-0.645,94.1,2,1,0,0.66,62.0,2,13.84,DREAM,63.7
5.27,0,2,23.9,16.3,25.9,-1.629,84.7,3,3,1,0.457,46.6,3,15.96,DREAM,61.3
6.93,1,1,60.6,67.9,70.5,1.014,98.9,2,2,1,0.701,78.7,1,21.09,SUPER_DREAM,80.6
8.1,0,0,55.5,79.1,35.3,-0.13,96.4,2,2,0,0.637,70.1,3,23.59,SUPER_DREAM,82.3
5.0,0,0,19.6,42.0,17.9,-1.494,94.8,3,0,1,0.506,43.0,3,13.04,DREAM,58.8
7.05,0,0,54.6,70.6,43.4,0.372,99.8,1,2,1,0.391,49.4,3,20.03,SUPER_DREAM,73.2
7.02,0,0,44.4,56.2,33.7,-0.245,95.4,4,0,1,0.621,65.2,2,18.3,DREAM,72.1
9.13,0,0,85.8,67.2,90.2,1.895,97.3,3,2,1,0.62,30.4,2,33.93,SUPER_DREAM,91.8
7.18,1,2,66.5,69.3,57.9,0.612,99.9,1,2,2,0.695,48.5,1,17.14,DREAM,68.2
8.02,0,2,42.4,79.1,48.5,1.202,44.8,4,0,1,0.814,52.6,2,23.57,SUPER_DREAM,63.3
7.76,0,0,52.6,75.8,69.0,1.165,97.7,4,1,0,0.775,84.3,3,30.53,SUPER_DREAM,97.0
5.26,1,2,20.0,33.4,25.2,-0.904,99.1,3,1,2,0.409,56.3,3,11.43,CORE,60.0
8.45,0,0,63.9,57.9,50.3,-0.241,92.4,2,2,1,0.502,74.9,2,20.74,SUPER_DREAM,77.3
7.84,1,1,68.8,63.9,46.2,-0.02,99.0,5,1,3,0.79,57.9,3,19.22,DREAM,73.3
8.16,0,0,63.7,77.9,70.8,1.337,93.1,1,1,3,0.553,76.2,3,28.63,SUPER_DREAM,90.9
10.0,0,0,77.9,99.3,100.0,2.462,97.6,2,2,1,0.859,41.7,3,41.84,SUPER_DREAM,99.0
5.31,2,2,53.7,27.4,19.9,-1.299,99.9,1,2,3,0.366,54.2,3,6.16,CORE,51.1
9.5,0,0,52.3,83.9,88.8,1.596,69.2,2,6,1,0.716,63.4,3,38.67,SUPER_DREAM,97.9
7.28,1,1,72.7,36.8,80.9,0.699,98.3,4,0,0,0.472,67.7,2,20.61,SUPER_DREAM,77.4
7.92,0,0,57.6,75.9,37.3,0.173,99.7,3,2,0,0.705,69.9,2,22.26,SUPER_DREAM,81.0
7.55,0,0,59.6,47.1,62.0,-0.052,70.0,3,0,1,0.606,67.9,1,19.86,DREAM,67.7
7.13,0,0,50.0,64.5,65.6,0.949,99.8,2,3,1,0.582,72.6,2,26.48,SUPER_DREAM,88.6
6.97,0,0,73.2,35.6,47.0,-0.889,98.5,4,2,3,0.441,64.8,2,18.98,DREAM,74.2
7.96,0,0,49.9,77.0,82.8,1.581,98.0,2,2,1,0.724,67.6,3,32.98,SUPER_DREAM,97.9
5.93,0,0,44.5,44.7,75.8,1.197,44.8,0,0,2,0.256,49.8,2,18.34,DREAM,54.0
8.43,0,0,75.6,56.7,72.3,1.008,97.8,2,6,2,0.499,40.7,2,30.49,SUPER_DREAM,88.3
7.14,0,0,37.1,63.2,46.5,0.362,98.1,2,3,1,0.581,48.2,3,20.84,SUPER_DREAM,73.8
6.36,0,1,37.5,36.7,58.9,-0.27,94.4,1,0,0,0.252,39.7,3,15.16,DREAM,61.5
7.1,0,0,54.3,63.6,65.4,1.266,96.3,4,2,2,0.543,68.4,3,29.79,SUPER_DREAM,92.2
8.98,0,2,64.2,70.0,27.5,0.136,79.3,2,3,1,0.646,79.1,3,22.16,SUPER_DREAM,76.5
7.01,0,0,45.3,28.0,49.1,-0.72,93.2,4,1,2,0.261,50.8,2,18.64,DREAM,69.2
7.99,0,0,60.7,49.2,53.8,-0.044,93.8,2,2,1,0.39,80.1,2,21.75,SUPER_DREAM,80.4
6.8,0,0,60.8,43.7,53.7,0.362,98.7,1,2,0,0.428,71.8,2,19.54,DREAM,76.5
8.43,0,0,65.2,86.9,62.7,1.659,94.3,0,2,0,0.642,56.7,2,26.3,SUPER_DREAM,83.5
8.35,0,0,81.5,79.5,63.7,0.622,93.6,4,2,0,0.784,59.8,2,27.1,SUPER_DREAM,85.2
9.63,0,0,69.4,100.0,65.1,1.151,99.7,0,1,0,0.628,81.7,3,29.4,SUPER_DREAM,95.2
7.41,0,0,44.0,79.6,67.1,1.063,97.8,2,1,2,0.643,30.1,2,26.54,SUPER_DREAM,79.6
8.34,0,0,91.5,59.2,94.8,0.877,69.9,1,3,1,0.521,81.7,2,32.78,SUPER_DREAM,92.0
7.71,1,1,54.2,57.1,42.2,-0.084,94.5,3,3,0,0.569,78.4,3,19.6,DREAM,76.7
9.03,0,0,59.5,68.5,48.2,0.671,99.5,1,2,1,0.441,56.2,2,21.41,SUPER_DREAM,76.8
6.81,0,0,32.2,40.5,47.1,-0.709,94.4,0,1,1,0.213,63.6,2,14.67,DREAM,65.5
8.42,0,0,82.1,41.8,65.5,0.34,94.7,3,2,0,0.438,89.4,2,24.35,SUPER_DREAM,86.9
7.39,0,1,54.8,56.0,74.7,0.687,95.6,2,0,0,0.542,45.4,3,24.88,SUPER_DREAM,79.2
7.53,0,0,57.2,39.8,33.2,-0.215,99.7,2,2,1,0.407,62.3,1,14.21,DREAM,66.1
7.7,0,0,60.1,59.2,47.7,-0.054,42.9,3,2,1,0.495,74.7,3,20.48,SUPER_DREAM,61.9
7.88,0,0,75.9,91.3,20.9,0.407,69.2,3,0,3,0.927,68.1,2,19.8,DREAM,67.4
7.47,0,0,57.6,50.1,79.4,0.704,94.2,2,1,3,0.411,65.8,3,24.06,SUPER_DREAM,81.5
7.84,0,0,91.5,63.9,63.5,0.916,87.3,3,3,1,0.663,92.3,2,27.67,SUPER_DREAM,90.8
9.34,0,1,80.0,90.4,68.7,1.444,44.5,4,3,1,0.797,48.4,3,34.52,SUPER_DREAM,80.6
8.68,0,0,84.6,74.4,45.4,0.31,99.5,2,0,1,0.84,49.0,3,22.49,SUPER_DREAM,77.2
8.56,0,0,80.2,73.2,45.5,0.093,98.2,3,1,0,0.798,27.3,2,21.58,SUPER_DREAM,70.9
7.1,0,0,55.6,48.0,57.6,0.287,97.3,4,1,0,0.514,48.8,1,20.65,SUPER_DREAM,73.4
6.62,0,0,44.2,44.6,24.5,-1.004,86.9,3,1,0,0.499,55.0,1,15.39,DREAM,62.7
8.65,0,0,75.5,56.7,70.7,0.548,97.6,2,6,0,0.435,69.8,1,27.25,SUPER_DREAM,88.7
8.56,0,0,76.8,81.0,100.0,2.563,83.3,5,1,0,0.839,79.4,2,40.5,SUPER_DREAM,99.0
9.22,0,0,70.3,52.0,69.4,0.787,83.9,0,3,1,0.398,50.5,2,26.47,SUPER_DREAM,79.4
6.94,0,0,56.4,64.9,30.9,-0.082,98.2,5,2,0,0.822,62.9,3,21.48,SUPER_DREAM,77.8
7.35,0,0,73.3,36.2,60.0,-0.093,83.2,1,0,0,0.214,85.9,3,18.2,DREAM,72.5
5.8,0,1,67.8,52.2,12.5,-1.136,69.5,2,2,1,0.426,62.2,3,16.34,DREAM,60.5
7.17,0,0,66.9,48.9,82.0,0.863,97.8,4,2,1,0.658,72.8,3,28.7,SUPER_DREAM,91.7
8.7,0,0,94.3,53.4,94.6,1.508,99.5,1,2,0,0.54,81.8,3,34.34,SUPER_DREAM,99.0
7.09,0,0,48.3,61.1,47.1,0.326,98.7,1,0,2,0.426,51.1,2,18.22,DREAM,70.2
8.3,0,0,76.5,79.4,48.5,0.533,99.4,2,0,1,0.752,48.0,2,23.62,SUPER_DREAM,78.8
7.39,0,0,75.0,50.2,46.0,-0.354,94.2,3,2,1,0.432,89.3,2,19.67,DREAM,78.9
7.96,0,0,53.8,72.6,55.2,0.835,98.1,0,0,3,0.484,73.7,3,22.06,SUPER_DREAM,80.9
6.34,0,3,42.5,12.7,48.0,-0.797,69.9,2,3,0,0.117,45.1,3,17.53,DREAM,59.2
7.69,0,1,82.8,41.1,76.0,0.172,45.0,2,1,1,0.376,49.2,1,18.2,DREAM,53.7
5.0,0,0,23.3,48.1,6.3,-1.988,99.7,1,0,0,0.549,62.0,1,9.2,CORE,57.6
7.39,0,1,42.9,53.2,71.9,0.811,99.6,2,2,1,0.488,85.9,3,26.99,SUPER_DREAM,92.1
5.81,0,1,61.4,12.8,45.8,-1.119,99.6,1,1,0,0.127,79.7,2,13.09,DREAM,67.6
8.93,0,0,88.6,63.4,63.0,0.787,97.0,2,0,1,0.519,81.0,3,24.53,SUPER_DREAM,86.2
8.46,1,1,74.7,55.1,46.9,-0.224,98.8,3,0,1,0.542,58.5,3,16.98,DREAM,69.6
8.11,0,0,65.6,61.9,64.5,0.712,98.7,4,0,3,0.609,64.9,2,23.62,SUPER_DREAM,82.0
9.27,0,0,72.5,71.8,57.2,0.539,97.9,2,0,1,0.634,53.0,2,22.41,SUPER_DREAM,77.3
6.56,0,0,53.9,49.6,62.1,0.881,97.4,1,2,3,0.405,58.8,3,21.5,SUPER_DREAM,76.8
9.52,0,0,99.2,78.8,59.0,1.132,85.0,3,2,0,0.695,48.2,3,30.19,SUPER_DREAM,85.4
8.63,0,0,74.1,88.9,78.4,2.033,96.1,4,0,1,0.819,51.9,3,34.86,SUPER_DREAM,97.3
7.34,0,0,84.4,61.7,51.6,0.29,91.1,2,2,1,0.566,54.1,2,18.86,DREAM,69.6
8.85,0,3,62.7,78.7,61.1,1.155,99.7,2,3,2,0.613,62.8,1,25.91,SUPER_DREAM,85.7
6.38,0,2,48.6,61.5,39.7,-0.05,97.9,5,2,0,0.711,71.3,2,19.37,DREAM,75.9
6.69,0,2,47.5,43.2,64.8,0.747,100.0,2,2,3,0.386,90.0,2,22.11,SUPER_DREAM,84.8
6.93,0,1,41.3,33.6,26.7,-1.049,99.9,3,0,0,0.239,59.5,3,15.38,DREAM,67.5
7.02,0,3,53.3,69.1,41.8,-0.283,99.3,2,0,2,0.672,73.8,2,19.11,DREAM,76.4
6.44,0,0,54.4,47.7,28.7,-1.284,96.3,1,0,1,0.247,62.3,2,12.78,DREAM,62.6
8.95,0,0,80.7,75.4,71.6,1.657,97.9,1,2,1,0.446,79.4,1,27.41,SUPER_DREAM,90.9
7.32,0,0,84.2,46.6,40.5,-0.211,98.8,3,2,3,0.578,46.2,3,20.14,SUPER_DREAM,72.4
7.99,0,1,70.5,54.2,29.0,-0.381,98.8,2,6,2,0.411,57.0,2,20.46,SUPER_DREAM,75.1
6.97,0,0,68.5,63.6,29.7,0.108,98.7,2,2,3,0.399,74.9,3,20.4,SUPER_DREAM,78.6
5.6,0,1,41.8,50.4,61.6,-0.139,99.3,0,1,1,0.459,73.7,3,17.25,DREAM,73.3
7.9,0,0,84.1,72.8,64.2,0.775,95.8,4,2,3,0.699,74.0,1,26.42,SUPER_DREAM,87.6
5.5,0,0,68.7,46.6,34.8,-0.596,93.3,4,0,1,0.663,86.1,2,16.97,DREAM,73.5
7.52,1,1,66.6,65.7,50.2,0.544,83.7,2,3,2,0.507,39.0,2,17.97,DREAM,62.9
6.09,0,0,34.0,43.9,37.2,-0.714,83.7,3,0,2,0.356,46.2,3,14.54,DREAM,58.6
9.79,0,0,76.3,80.2,74.7,0.984,94.5,1,0,2,0.596,73.4,2,27.83,SUPER_DREAM,89.4
8.6,0,0,74.4,86.6,77.7,1.2,97.4,2,0,1,0.629,77.2,2,29.66,SUPER_DREAM,94.1
7.72,0,0,67.6,54.6,59.4,0.72,99.7,2,6,2,0.535,74.8,2,24.96,SUPER_DREAM,86.5
8.99,0,1,83.3,79.1,51.8,0.413,93.9,3,2,1,0.788,100.0,3,28.19,SUPER_DREAM,95.1
6.67,0,0,57.2,37.1,49.6,-0.436,94.3,2,0,2,0.454,51.3,1,15.18,DREAM,63.8
8.2,0,0,67.1,55.9,19.1,-0.617,91.3,2,0,0,0.487,70.5,3,19.57,DREAM,74.1
7.82,0,0,55.6,57.7,66.3,0.433,98.9,1,0,1,0.574,63.9,1,20.63,SUPER_DREAM,76.8
7.89,0,1,68.7,50.5,34.3,-0.971,99.9,0,0,1,0.28,74.3,1,13.62,DREAM,67.5
9.0,0,0,97.3,85.2,71.3,0.867,98.9,4,0,2,0.847,70.6,3,31.42,SUPER_DREAM,96.2
8.41,0,0,81.3,48.6,44.4,-0.214,69.2,0,2,1,0.329,57.2,1,15.07,DREAM,57.3
7.92,0,1,70.6,63.5,60.1,0.721,98.2,1,2,1,0.662,70.8,1,21.33,SUPER_DREAM,79.2
5.78,0,0,55.2,40.4,44.8,-0.409,99.5,2,6,1,0.5,66.3,2,17.69,DREAM,72.6
6.54,1,2,46.0,21.6,70.6,0.179,84.9,2,0,2,0.274,66.9,3,16.31,DREAM,66.0
7.47,0,0,53.6,50.9,26.8,-1.16,99.8,2,3,0,0.492,82.0,3,20.4,SUPER_DREAM,80.3
7.7,0,0,53.1,63.3,75.0,0.552,99.3,2,0,2,0.686,100.0,3,26.79,SUPER_DREAM,94.5
6.36,0,0,47.1,50.9,43.6,0.504,99.1,1,0,1,0.356,36.3,3,17.2,DREAM,65.7
10.0,1,3,79.9,82.1,76.9,1.819,96.4,1,0,0,0.472,84.3,2,28.36,SUPER_DREAM,93.1
9.27,1,1,92.2,86.4,89.9,2.156,99.4,1,6,3,0.588,74.6,2,33.78,SUPER_DREAM,99.0
8.26,0,0,61.9,64.4,59.9,0.386,99.9,2,6,1,0.537,53.9,2,26.45,SUPER_DREAM,84.8
7.68,0,0,52.2,59.7,70.1,0.724,97.0,3,3,0,0.707,59.6,3,28.81,SUPER_DREAM,89.0
7.37,0,1,82.0,59.6,35.5,-0.243,95.9,1,0,1,0.56,78.2,3,17.46,DREAM,73.5
6.55,0,0,45.1,60.1,32.2,0.063,98.6,3,3,3,0.597,65.8,1,15.65,DREAM,68.8
7.69,0,1,63.7,50.1,74.2,0.849,94.3,3,2,2,0.568,64.3,2,25.73,SUPER_DREAM,84.0
7.88,0,0,69.3,54.9,86.3,1.346,97.0,1,0,3,0.388,54.7,1,24.88,SUPER_DREAM,81.5
6.23,0,1,33.7,34.2,39.2,-0.691,100.0,3,0,0,0.587,53.6,3,17.08,DREAM,69.2
7.97,0,0,79.5,58.0,10.4,-0.789,94.8,3,2,0,0.683,50.5,1,17.41,DREAM,67.6
7.43,0,0,66.9,76.7,50.6,0.642,96.0,3,3,1,0.721,57.4,2,26.26,SUPER_DREAM,84.0
5.5,0,0,58.7,43.5,31.6,-0.668,98.4,4,3,1,0.539,63.1,3,19.7,DREAM,75.0
6.65,1,3,43.4,32.4,40.7,-0.856,94.3,2,1,2,0.403,70.3,2,12.19,DREAM,62.7
7.15,0,0,57.6,45.2,56.8,0.074,99.9,1,1,1,0.372,52.7,1,16.28,DREAM,67.6
9.68,0,0,82.2,86.7,72.5,1.085,82.7,2,2,1,0.581,76.3,3,33.3,SUPER_DREAM,95.6
8.21,0,0,70.3,52.6,78.6,0.9,97.1,1,2,0,0.551,51.4,2,27.59,SUPER_DREAM,85.4
6.13,0,0,28.9,32.3,17.6,-1.3,94.2,2,0,1,0.439,76.5,1,11.73,CORE,63.1
8.13,0,1,67.7,83.3,84.9,0.991,45.0,4,2,0,0.853,52.0,1,30.54,SUPER_DREAM,74.8
5.9,2,1,26.9,31.3,63.7,-0.033,98.0,2,0,3,0.305,95.3,2,9.01,CORE,63.5
8.79,0,0,77.2,85.1,54.1,0.47,91.3,2,0,3,0.716,74.7,3,25.34,SUPER_DREAM,84.6
7.08,1,4,30.3,70.5,33.5,0.065,97.5,1,0,2,0.342,77.6,3,16.67,DREAM,72.6
7.5,1,1,37.8,47.2,62.4,0.506,84.8,1,2,0,0.302,62.4,2,18.06,DREAM,68.0
9.06,0,2,85.4,62.2,52.3,0.186,99.0,1,0,0,0.637,74.1,3,22.53,SUPER_DREAM,82.1
6.18,0,0,40.3,39.2,30.3,-0.642,99.8,3,3,1,0.495,46.2,1,15.31,DREAM,64.7
6.06,1,2,33.8,26.5,57.6,-0.065,95.1,5,2,2,0.329,50.4,2,15.97,DREAM,65.2
6.96,0,0,69.8,53.2,61.8,0.349,99.2,2,6,3,0.426,60.4,3,27.11,SUPER_DREAM,87.0
8.74,0,0,76.4,68.3,100.0,2.326,97.4,1,0,2,0.384,87.8,2,35.54,SUPER_DREAM,99.0
5.93,0,2,54.8,45.3,39.2,-0.636,99.8,3,2,0,0.434,80.1,3,18.45,DREAM,76.7
5.0,0,0,33.0,49.6,14.0,-0.647,94.7,4,6,3,0.574,31.5,2,16.29,DREAM,61.9
7.1,0,0,88.2,64.6,51.2,0.259,97.7,4,0,0,0.82,50.2,3,22.2,SUPER_DREAM,76.4
8.21,0,1,59.8,72.1,60.8,0.513,96.3,2,0,2,0.688,63.7,3,24.81,SUPER_DREAM,83.0
8.92,0,1,95.1,45.6,69.6,0.394,99.6,2,2,1,0.415,83.8,2,25.02,SUPER_DREAM,88.3
7.09,0,0,55.2,59.2,49.7,-0.156,98.9,2,0,1,0.514,68.7,3,20.41,SUPER_DREAM,77.4
7.15,1,2,36.6,77.7,34.0,0.31,98.1,0,0,1,0.48,26.9,2,11.88,CORE,54.6
8.87,0,0,79.5,30.4,76.5,-0.077,81.8,3,6,2,0.48,47.4,3,30.13,SUPER_DREAM,84.2
5.54,0,0,44.2,45.6,6.2,-0.986,98.0,3,2,1,0.596,75.8,1,12.37,DREAM,65.2
7.17,0,1,44.1,51.7,38.2,-0.602,94.8,3,1,2,0.435,68.1,3,18.94,DREAM,73.6
7.81,0,0,52.0,49.0,56.6,0.428,98.4,2,0,0,0.325,67.0,3,22.04,SUPER_DREAM,79.7
8.09,0,0,65.6,75.3,21.5,-0.344,95.7,3,0,2,0.681,81.7,2,21.09,SUPER_DREAM,80.2
7.04,0,0,59.6,76.4,63.3,1.008,95.9,2,0,3,0.639,59.8,3,24.76,SUPER_DREAM,82.0
7.64,0,0,31.7,69.9,19.7,-0.689,83.2,1,1,1,0.57,75.5,3,19.16,DREAM,72.0
5.0,0,0,47.6,24.8,37.1,-0.787,89.1,4,1,3,0.28,89.6,2,15.73,DREAM,70.9
6.88,0,1,47.8,37.4,24.2,-0.984,99.8,2,0,0,0.325,68.4,3,16.34,DREAM,70.8
8.1,0,1,50.0,66.1,54.9,0.032,98.7,3,3,2,0.636,51.6,3,25.63,SUPER_DREAM,82.6
6.52,0,0,61.5,58.9,52.6,-0.033,97.0,2,1,0,0.47,58.6,3,19.1,DREAM,72.7
7.66,1,1,61.4,53.9,96.5,1.312,99.7,4,0,1,0.686,51.5,3,31.31,SUPER_DREAM,92.4
8.09,0,0,80.5,59.9,64.2,0.398,92.8,2,2,1,0.689,31.4,2,22.49,SUPER_DREAM,71.6
7.22,0,0,62.5,94.0,16.0,0.235,99.1,3,0,1,0.795,53.1,2,17.95,DREAM,70.3
7.79,1,2,62.9,75.8,75.6,1.286,99.1,5,2,1,0.901,74.5,3,31.9,SUPER_DREAM,97.8
6.54,0,0,48.6,63.1,39.3,-0.293,99.5,4,2,1,0.653,65.1,3,21.66,SUPER_DREAM,79.0
7.37,0,0,64.5,35.7,54.7,-0.292,84.3,2,6,3,0.295,85.4,3,22.45,SUPER_DREAM,79.8
8.27,0,0,62.8,56.1,74.3,0.699,98.3,1,0,0,0.396,67.2,3,23.83,SUPER_DREAM,82.6
7.77,0,0,52.5,61.5,18.2,-0.809,98.9,5,0,1,0.792,78.3,3,20.22,SUPER_DREAM,79.0
6.95,1,2,61.9,37.5,48.6,-0.616,94.6,5,0,2,0.511,38.6,3,18.54,DREAM,67.0
7.85,0,0,61.7,83.7,51.8,0.484,96.7,1,0,2,0.61,58.4,3,22.26,SUPER_DREAM,77.8
8.39,0,0,69.3,87.0,87.6,2.099,99.9,2,3,2,0.637,61.0,2,34.72,SUPER_DREAM,99.0
5.35,0,0,51.5,26.3,42.2,-0.651,96.4,2,2,1,0.355,52.6,1,14.1,DREAM,62.9
8.87,0,0,72.4,97.6,42.2,0.673,99.4,1,6,1,0.78,87.9,1,26.56,SUPER_DREAM,91.7
7.23,0,0,57.5,54.5,74.5,0.825,98.6,1,0,1,0.558,36.1,3,23.67,SUPER_DREAM,76.2
8.07,0,0,58.5,100.0,69.9,1.584,99.0,2,3,1,0.868,63.3,3,33.84,SUPER_DREAM,98.8
8.92,0,2,79.3,75.1,44.2,0.264,98.3,5,0,1,0.859,82.0,3,27.06,SUPER_DREAM,91.0
6.09,0,2,50.1,50.1,39.1,-0.171,96.8,0,3,2,0.397,76.5,3,17.49,DREAM,73.5
6.82,0,0,64.0,69.6,65.5,0.989,35.9,4,0,1,0.707,59.3,2,22.0,SUPER_DREAM,59.3
7.28,0,0,50.9,73.0,30.5,-0.595,99.3,4,2,2,0.76,51.5,1,18.32,DREAM,70.6
6.74,0,0,46.9,56.3,70.7,0.705,93.4,4,0,1,0.708,81.4,1,22.3,SUPER_DREAM,81.5
9.51,0,3,89.6,77.6,51.9,0.157,98.7,2,0,0,0.598,57.2,2,22.79,SUPER_DREAM,79.0
6.66,0,4,54.6,55.4,30.6,-0.281,86.3,2,2,2,0.644,52.5,3,18.53,DREAM,67.3
6.99,0,0,44.0,40.5,31.9,-0.504,96.7,2,3,2,0.454,80.0,3,19.54,DREAM,77.6
7.82,2,1,78.9,63.2,83.7,1.091,99.0,4,2,0,0.844,69.6,3,25.68,SUPER_DREAM,86.4
6.28,0,0,27.4,28.5,31.5,-1.02,98.7,2,0,2,0.226,59.7,2,13.97,DREAM,64.8
7.16,0,0,66.1,28.9,30.0,-1.654,84.4,1,0,1,0.168,69.9,2,11.89,CORE,59.1
7.95,0,0,49.3,63.1,68.4,1.107,97.2,1,0,0,0.532,71.7,2,24.53,SUPER_DREAM,84.4
7.23,0,0,80.0,72.2,63.7,1.069,96.3,2,3,1,0.636,64.2,1,23.7,SUPER_DREAM,81.2
7.5,0,0,41.4,70.4,67.0,1.263,93.3,5,0,0,0.756,67.3,2,27.84,SUPER_DREAM,87.8
7.02,0,0,69.0,51.0,44.3,0.297,98.3,2,3,2,0.376,32.6,2,18.09,DREAM,66.2
5.93,0,0,43.4,64.7,40.8,-0.349,97.8,3,2,0,0.612,63.4,3,19.39,DREAM,74.3
7.95,0,0,60.1,54.5,48.7,0.319,98.8,1,2,0,0.459,55.4,3,20.46,SUPER_DREAM,74.8
9.53,0,0,82.5,53.0,100.0,2.003,98.1,4,3,0,0.506,53.0,3,39.47,SUPER_DREAM,99.0
7.62,0,0,68.8,28.3,77.0,-0.072,99.1,2,2,0,0.285,54.7,3,24.26,SUPER_DREAM,81.1
7.85,0,0,52.6,44.8,78.7,0.704,97.3,4,0,1,0.584,57.6,2,25.05,SUPER_DREAM,82.5
8.36,0,0,58.8,78.4,79.6,1.348,45.0,2,0,1,0.732,60.5,2,27.77,SUPER_DREAM,71.9
6.2,0,0,54.8,34.4,48.8,-0.092,99.9,3,0,0,0.398,67.5,2,16.83,DREAM,71.5
9.47,0,0,59.2,85.7,56.3,0.183,97.5,2,1,2,0.655,54.0,2,25.14,SUPER_DREAM,81.9
7.82,0,0,56.2,84.1,70.3,1.835,94.7,1,0,1,0.658,72.8,3,29.07,SUPER_DREAM,91.4
9.4,0,0,100.0,62.9,79.8,1.119,98.0,1,2,1,0.484,76.0,2,28.52,SUPER_DREAM,92.1
6.79,0,0,41.3,56.4,69.3,0.981,92.4,1,0,0,0.338,75.9,2,20.2,SUPER_DREAM,76.6
9.6,0,0,94.8,88.1,94.7,2.087,96.5,2,3,2,0.701,79.0,3,39.29,SUPER_DREAM,99.0
8.45,0,1,62.5,55.9,76.3,1.056,99.1,2,2,1,0.464,56.5,3,28.02,SUPER_DREAM,87.7
8.21,0,0,73.2,84.3,33.2,-0.516,99.8,1,3,1,0.652,60.9,2,20.84,SUPER_DREAM,76.9
7.86,0,0,71.4,57.4,57.7,0.263,94.6,2,0,1,0.463,68.7,1,17.68,DREAM,71.6
7.33,0,0,71.8,50.2,42.9,0.045,94.4,2,2,0,0.428,58.6,3,19.64,DREAM,72.8
8.92,0,0,71.8,100.0,76.6,1.884,83.8,2,3,2,0.805,47.6,1,32.57,SUPER_DREAM,89.0
7.75,0,0,86.4,67.6,50.6,-0.122,99.5,1,0,1,0.584,57.5,2,18.16,DREAM,71.6
5.44,0,0,32.3,47.8,25.3,-0.768,95.5,2,6,1,0.462,89.5,2,17.58,DREAM,75.9
6.37,0,0,51.5,64.1,49.7,0.027,92.5,2,0,0,0.782,53.9,1,17.42,DREAM,67.6
7.4,0,2,61.9,47.2,46.0,-0.448,100.0,1,0,1,0.29,53.1,3,17.57,DREAM,69.9
7.94,0,0,50.9,79.8,62.5,0.515,99.8,2,1,0,0.752,56.8,3,26.42,SUPER_DREAM,85.3
7.54,0,0,56.9,50.9,28.1,-0.454,61.8,1,0,1,0.41,73.4,3,15.68,DREAM,59.4
8.94,0,0,76.3,65.7,57.3,0.868,99.9,4,3,0,0.589,70.2,3,30.47,SUPER_DREAM,94.8
5.45,0,3,34.4,31.2,42.3,0.027,69.3,4,0,2,0.428,75.6,1,14.12,DREAM,59.5
7.76,1,1,91.9,51.6,36.0,-0.831,98.4,3,1,0,0.42,100.0,3,17.23,DREAM,78.2
5.6,0,0,30.9,48.1,54.6,0.331,99.6,2,2,2,0.463,77.3,1,16.62,DREAM,73.0
8.44,0,1,83.5,71.5,83.8,1.694,99.5,2,2,2,0.596,78.5,2,32.37,SUPER_DREAM,99.0
7.5,0,0,70.2,50.6,50.1,-0.159,99.1,2,0,3,0.419,100.0,3,21.84,SUPER_DREAM,86.1
8.06,0,1,65.4,73.1,100.0,1.687,99.4,2,2,3,0.547,72.3,3,36.91,SUPER_DREAM,99.0
6.65,1,1,41.1,44.3,67.2,0.075,96.7,1,0,3,0.451,59.1,2,16.09,DREAM,67.7
9.01,0,0,65.9,69.5,56.0,0.412,43.6,1,2,2,0.534,60.5,2,19.62,DREAM,57.9
8.75,0,1,66.2,71.9,83.4,1.5,94.3,1,3,0,0.58,80.9,3,33.43,SUPER_DREAM,99.0
8.24,0,0,46.0,72.1,65.1,1.304,99.2,3,0,1,0.699,46.2,1,25.95,SUPER_DREAM,82.3
7.46,0,0,47.5,62.5,40.5,0.297,99.9,4,0,0,0.686,35.8,3,21.91,SUPER_DREAM,73.7
8.24,0,0,49.6,60.5,44.6,-0.436,99.9,2,2,1,0.518,52.7,2,20.67,SUPER_DREAM,75.0
6.82,1,1,69.4,61.9,64.8,0.445,97.5,1,0,1,0.615,77.3,2,16.67,DREAM,72.5
8.54,0,0,77.8,65.8,56.7,0.909,94.8,0,0,3,0.64,73.9,1,21.93,SUPER_DREAM,79.8
9.41,0,0,88.6,69.4,76.1,0.953,98.7,2,0,3,0.722,62.6,3,28.56,SUPER_DREAM,89.7
8.78,0,1,79.8,51.0,53.8,0.116,96.3,1,1,0,0.419,81.0,3,21.87,SUPER_DREAM,81.5
6.8,0,0,55.0,63.5,33.1,-0.748,99.1,2,0,1,0.561,74.1,3,17.98,DREAM,74.5
8.0,0,0,82.5,63.1,58.7,0.869,99.2,1,1,1,0.589,70.2,3,24.01,SUPER_DREAM,83.8
6.18,0,0,39.4,45.9,46.1,-0.772,95.9,3,1,1,0.441,64.7,2,17.08,DREAM,70.2
8.23,0,0,68.6,80.2,17.2,-0.875,96.0,2,2,1,0.818,78.4,3,20.16,SUPER_DREAM,78.1
8.1,0,0,74.9,57.4,62.5,0.836,95.8,4,3,3,0.705,76.3,2,26.69,SUPER_DREAM,88.5
5.54,0,0,24.6,16.7,18.1,-1.047,98.3,3,1,2,0.275,60.9,2,13.48,DREAM,64.1
6.32,1,3,85.4,45.5,66.1,0.306,93.9,1,0,0,0.401,77.2,3,16.54,DREAM,71.2
7.29,0,1,58.2,59.5,100.0,1.676,91.6,3,0,1,0.647,55.2,2,32.22,SUPER_DREAM,92.2
7.27,0,0,59.4,51.3,45.8,0.171,98.9,1,2,2,0.385,68.5,2,19.02,DREAM,75.1
6.27,0,0,62.8,64.6,9.2,-0.844,98.0,2,3,1,0.655,71.0,3,19.77,DREAM,76.6
8.03,0,0,76.3,28.5,63.4,-0.139,99.7,1,2,1,0.361,60.0,3,22.86,SUPER_DREAM,80.0
7.88,0,0,64.2,77.3,55.8,0.575,98.4,0,0,3,0.52,67.0,3,20.19,SUPER_DREAM,76.6
7.39,0,0,60.4,67.3,89.1,1.05,94.4,2,3,1,0.553,74.1,1,30.11,SUPER_DREAM,93.3
6.77,0,0,34.6,55.8,76.2,0.974,94.3,1,2,1,0.443,48.8,3,24.45,SUPER_DREAM,78.8
8.75,0,2,65.9,24.6,85.6,0.533,69.7,2,0,3,0.2,67.8,1,23.59,SUPER_DREAM,73.8
9.42,0,0,85.4,96.6,67.5,1.325,69.1,2,2,1,0.663,98.2,2,31.71,SUPER_DREAM,93.2
7.07,0,0,61.0,38.4,62.0,-0.172,93.7,3,0,1,0.414,52.6,3,21.81,SUPER_DREAM,75.0
6.93,1,2,68.9,44.1,52.9,-0.302,98.2,2,1,0,0.352,80.4,2,14.85,DREAM,70.3
8.14,0,0,65.0,62.2,67.0,0.939,99.3,2,0,0,0.697,63.6,2,25.13,SUPER_DREAM,84.4
7.21,0,0,40.4,60.0,23.4,-0.333,96.9,3,0,1,0.563,82.7,3,17.9,DREAM,75.4
7.45,0,0,72.1,65.9,73.5,0.923,43.5,1,2,1,0.558,54.1,3,23.02,SUPER_DREAM,62.3
8.41,0,0,86.4,80.0,67.9,1.008,98.0,3,3,1,0.69,65.1,3,30.16,SUPER_DREAM,92.7
5.5,0,1,50.8,46.9,29.2,-0.942,99.3,3,0,3,0.651,98.2,3,17.96,DREAM,79.4
9.05,0,0,73.5,78.1,62.8,1.227,66.6,5,0,0,0.831,62.4,2,29.64,SUPER_DREAM,81.9
7.68,0,1,74.3,65.3,42.9,0.102,98.0,2,1,0,0.478,74.5,2,20.78,SUPER_DREAM,78.9
7.15,0,3,97.6,38.4,56.5,0.072,96.0,2,3,0,0.442,73.9,2,19.64,DREAM,76.3
7.5,1,2,61.4,47.0,23.5,-0.746,94.7,3,0,2,0.53,34.6,3,14.76,DREAM,59.9
7.56,0,2,44.8,70.7,69.9,0.919,94.0,1,3,3,0.651,71.7,3,27.91,SUPER_DREAM,89.1
5.7,0,0,34.9,49.4,14.4,-1.431,94.8,0,3,2,0.333,46.4,2,13.8,DREAM,60.7
9.24,0,0,85.0,86.8,38.9,0.104,94.5,2,2,2,0.736,74.5,2,23.25,SUPER_DREAM,82.0
7.65,0,0,42.2,51.9,89.5,1.563,99.0,3,0,0,0.423,66.8,2,29.55,SUPER_DREAM,92.3
8.09,0,0,67.9,76.7,46.6,0.215,95.5,1,0,1,0.664,48.3,3,22.09,SUPER_DREAM,75.1
8.65,2,2,76.0,53.9,55.8,0.127,98.4,2,0,2,0.502,47.1,3,13.09,DREAM,60.8
6.48,0,0,68.2,61.3,63.1,0.28,94.2,1,0,1,0.479,63.9,3,20.05,SUPER_DREAM,74.5
8.12,2,2,81.9,60.7,95.8,1.224,97.3,3,3,0,0.586,100.0,3,27.41,SUPER_DREAM,94.9
7.31,1,1,68.4,78.9,25.1,-0.4,100.0,2,0,1,0.65,89.3,1,12.68,DREAM,69.0
8.53,0,3,44.4,47.5,50.2,0.462,99.1,1,0,0,0.461,70.4,3,20.87,SUPER_DREAM,78.6
5.26,0,2,48.7,57.5,12.2,-0.785,98.2,1,1,1,0.389,72.7,1,11.36,CORE,62.9
7.49,0,0,68.4,52.3,71.7,0.54,98.2,1,3,3,0.486,74.0,2,24.6,SUPER_DREAM,85.3
6.94,0,0,57.4,46.0,77.7,1.077,93.1,1,0,0,0.254,57.0,3,23.69,SUPER_DREAM,78.8
8.08,0,0,45.0,66.6,42.5,0.059,99.5,2,2,1,0.433,54.6,3,20.6,SUPER_DREAM,75.1
8.12,0,0,56.8,54.5,87.9,1.633,99.2,5,2,0,0.795,77.8,2,34.85,SUPER_DREAM,99.0
6.82,0,0,39.2,49.0,34.1,0.167,94.6,3,2,3,0.441,56.0,3,20.68,SUPER_DREAM,74.1
6.82,1,1,29.0,39.7,52.8,0.187,92.7,3,3,0,0.466,86.6,3,18.03,DREAM,75.2
7.48,0,2,59.7,47.4,31.9,-0.567,99.3,5,0,1,0.611,44.7,3,18.84,DREAM,70.1
6.61,0,0,41.6,54.6,42.2,0.066,97.9,2,1,0,0.53,51.5,2,15.31,DREAM,65.2
8.53,0,0,100.0,56.2,65.3,0.587,84.4,1,2,2,0.457,86.2,2,22.86,SUPER_DREAM,80.7
7.19,0,0,54.9,43.4,45.7,-0.814,94.1,4,3,0,0.627,60.7,2,21.1,SUPER_DREAM,75.5
5.0,0,0,50.5,10.8,31.9,-1.523,91.9,3,0,1,0.141,63.2,1,8.27,CORE,54.0
7.19,0,0,38.0,47.0,33.1,-0.852,98.6,5,0,0,0.683,74.7,2,18.79,DREAM,75.8
6.46,0,0,43.2,64.4,26.6,-0.618,91.2,3,0,2,0.627,82.4,1,15.61,DREAM,69.9
5.81,0,0,44.2,27.0,42.5,-0.145,93.0,3,3,1,0.247,74.1,2,14.56,DREAM,67.0
6.24,0,0,36.5,33.4,64.0,0.425,68.0,4,3,0,0.431,69.3,3,24.7,SUPER_DREAM,75.4
7.72,0,0,57.1,62.6,57.2,0.602,99.9,3,1,2,0.49,77.0,2,24.5,SUPER_DREAM,86.2
9.06,0,0,73.0,69.5,82.8,1.618,97.2,2,0,2,0.473,71.1,1,30.69,SUPER_DREAM,94.5
7.94,0,0,61.6,93.6,74.0,1.023,92.4,2,0,1,0.74,81.3,2,29.08,SUPER_DREAM,92.4
6.93,0,0,76.6,49.0,63.1,0.592,83.7,3,2,1,0.618,100.0,2,26.09,SUPER_DREAM,88.6
8.1,0,0,70.6,68.8,45.1,0.51,99.7,3,6,1,0.687,72.6,1,25.26,SUPER_DREAM,86.5
7.1,0,3,61.7,66.3,36.2,-0.762,92.5,2,3,1,0.688,52.1,3,21.59,SUPER_DREAM,74.1
6.84,0,0,59.8,63.1,34.6,0.031,99.3,2,2,1,0.568,80.6,1,16.52,DREAM,73.4
6.33,0,0,55.7,47.9,75.7,0.301,93.9,2,1,0,0.579,62.8,2,22.45,SUPER_DREAM,78.2
5.67,0,1,40.7,35.1,42.2,-1.121,84.8,0,6,3,0.362,70.1,2,16.7,DREAM,67.3
7.17,0,0,52.9,82.2,59.4,1.324,99.8,1,3,0,0.56,70.5,3,25.5,SUPER_DREAM,86.5
7.77,0,2,64.7,59.1,64.9,0.327,94.5,1,0,1,0.479,56.3,2,19.23,DREAM,71.7
7.49,0,0,73.8,51.2,31.2,-0.755,98.4,4,2,0,0.541,59.4,1,19.66,DREAM,74.2
7.14,0,0,69.9,44.5,85.6,1.255,98.4,2,1,3,0.42,30.4,3,27.9,SUPER_DREAM,82.1
6.56,0,0,47.7,23.0,52.3,-0.562,83.1,2,2,2,0.414,63.5,2,18.38,DREAM,68.3
8.27,0,0,76.9,77.5,77.2,1.313,93.2,3,6,2,0.671,73.4,2,33.38,SUPER_DREAM,98.3
6.15,0,0,44.2,9.8,7.0,-2.154,98.6,1,0,0,0.1,65.2,3,10.34,CORE,59.9
8.45,0,0,69.9,67.9,80.5,1.377,96.8,1,2,1,0.446,58.1,1,27.27,SUPER_DREAM,86.1
6.5,0,0,44.3,43.6,36.6,-0.599,94.6,4,2,0,0.514,70.7,2,19.11,DREAM,74.4
6.77,0,0,50.5,80.9,22.5,-0.175,99.4,3,3,3,1.0,50.9,1,20.14,SUPER_DREAM,73.6
5.99,0,0,61.0,15.2,19.7,-1.757,99.7,1,0,1,0.284,49.1,3,11.97,CORE,59.7
7.05,0,0,56.6,39.9,26.8,-0.792,98.9,3,2,1,0.23,72.9,1,15.71,DREAM,70.4
8.67,0,0,73.4,68.5,46.0,0.344,69.9,3,0,1,0.657,73.7,3,23.75,SUPER_DREAM,75.3
8.17,0,0,49.3,62.1,64.1,1.234,95.7,3,0,1,0.564,72.7,3,28.72,SUPER_DREAM,91.1
8.68,0,0,68.1,62.7,62.2,0.505,99.5,1,0,2,0.578,60.5,3,25.25,SUPER_DREAM,84.0
8.17,0,1,63.8,63.8,69.1,0.794,98.4,2,1,1,0.472,81.4,3,26.1,SUPER_DREAM,89.3
6.39,0,0,38.9,27.6,71.8,0.278,94.8,3,6,1,0.29,48.1,3,25.67,SUPER_DREAM,80.8
7.24,0,0,57.6,59.6,49.5,0.466,98.4,2,0,1,0.491,60.5,3,19.81,DREAM,74.6
6.74,0,0,47.3,16.7,5.5,-2.329,99.9,1,0,2,0.121,76.2,3,13.21,DREAM,67.2
9.06,0,0,76.6,74.3,69.4,1.1,97.1,1,0,2,0.632,77.9,1,24.82,SUPER_DREAM,86.1
6.28,0,3,49.3,35.7,61.9,-0.682,93.8,2,1,0,0.343,53.4,1,15.16,DREAM,64.1
8.58,0,0,59.4,83.6,66.4,1.085,99.3,2,0,0,0.786,97.1,2,25.74,SUPER_DREAM,92.1
8.58,0,0,66.0,94.0,95.5,2.567,99.4,0,6,1,0.593,63.0,2,40.15,SUPER_DREAM,99.0
9.61,0,0,82.1,76.1,88.5,1.459,98.8,3,2,1,0.782,66.3,3,37.08,SUPER_DREAM,99.0
7.15,1,2,70.7,73.1,17.7,-0.454,98.1,2,3,0,0.539,79.7,3,16.86,DREAM,73.5
8.38,0,0,71.9,62.8,67.6,0.624,99.6,2,2,0,0.609,88.3,3,28.37,SUPER_DREAM,94.8
10.0,0,4,77.1,71.5,90.3,1.382,66.7,3,2,1,0.64,65.9,2,34.52,SUPER_DREAM,90.7
6.92,0,3,59.0,75.6,67.5,1.328,94.6,2,3,1,0.72,82.6,3,28.29,SUPER_DREAM,92.0
5.91,0,0,64.6,47.3,68.7,0.193,100.0,3,3,1,0.316,58.2,2,21.77,SUPER_DREAM,77.9
5.53,0,3,51.3,35.9,47.7,-0.262,98.5,0,0,3,0.189,90.0,2,13.37,DREAM,69.8
8.38,0,0,75.4,76.8,73.5,1.335,99.8,0,3,2,0.631,65.6,1,27.36,SUPER_DREAM,88.6
5.53,0,1,49.0,39.7,43.5,-0.657,97.6,2,1,2,0.381,69.7,1,14.65,DREAM,67.6
7.19,0,0,74.2,53.1,48.3,0.057,44.6,5,0,0,0.536,59.8,1,17.24,DREAM,54.1
8.08,0,0,78.7,45.3,35.6,-0.805,96.6,1,2,1,0.321,68.2,2,17.82,DREAM,72.3
7.8,0,0,69.8,57.1,59.4,0.579,83.7,3,0,0,0.61,54.0,3,24.75,SUPER_DREAM,77.2
8.07,0,1,78.5,72.5,68.4,0.607,68.3,1,1,3,0.502,64.1,3,24.98,SUPER_DREAM,74.9
7.84,0,0,50.5,59.6,37.5,-0.286,99.6,2,3,1,0.63,65.3,2,19.15,DREAM,74.8
9.01,0,0,57.0,86.7,97.0,2.067,99.7,1,0,0,0.754,49.2,3,36.46,SUPER_DREAM,99.0
6.55,0,0,52.4,52.4,61.7,0.735,98.0,4,0,1,0.661,56.4,3,24.58,SUPER_DREAM,81.7
6.86,0,0,54.4,38.1,22.6,-1.019,99.4,2,6,0,0.469,33.5,2,17.43,DREAM,65.6
6.75,0,0,46.0,30.8,70.6,0.52,94.0,1,1,1,0.234,46.4,3,19.51,DREAM,70.0
8.51,0,0,80.0,66.4,61.6,0.844,98.7,3,0,0,0.764,64.8,1,23.42,SUPER_DREAM,81.6
8.59,0,0,48.6,62.2,54.1,0.53,99.5,1,3,0,0.581,79.4,2,25.08,SUPER_DREAM,87.5
8.1,0,0,59.5,68.8,81.6,1.223,81.8,1,3,1,0.531,59.6,2,29.66,SUPER_DREAM,85.9
8.9,0,0,68.2,62.9,70.9,1.191,39.4,1,0,0,0.37,64.5,2,22.88,SUPER_DREAM,62.9
6.3,0,0,28.4,35.7,74.8,0.353,98.9,5,0,2,0.361,82.4,3,23.43,SUPER_DREAM,85.2
9.43,0,0,97.3,93.5,62.9,0.737,80.0,1,3,1,0.794,77.5,1,27.44,SUPER_DREAM,85.2
9.28,1,3,61.4,79.1,45.1,0.372,95.7,5,0,0,0.725,77.3,3,23.76,SUPER_DREAM,83.8
8.41,0,0,62.0,57.7,60.9,0.615,94.6,1,2,1,0.39,66.8,1,21.94,SUPER_DREAM,78.3
9.56,2,3,91.5,80.4,93.9,1.444,99.6,0,0,0,0.601,57.6,1,25.62,SUPER_DREAM,84.1
5.78,0,1,50.5,57.9,17.6,-1.079,68.7,4,2,1,0.541,70.9,3,18.78,DREAM,66.1
7.02,0,0,41.9,56.4,25.3,-0.982,98.5,2,0,0,0.709,84.2,2,15.86,DREAM,72.8
6.79,0,0,61.1,58.0,50.6,0.415,99.2,2,2,0,0.545,92.1,2,19.51,DREAM,80.7
8.39,0,1,72.4,56.8,39.4,0.319,99.2,2,0,0,0.636,100.0,1,18.35,DREAM,80.4
6.44,0,0,77.4,60.3,47.9,0.078,98.9,1,0,1,0.565,87.9,3,17.85,DREAM,77.0
8.43,0,0,74.2,100.0,60.1,1.461,97.7,2,0,3,0.617,65.7,2,27.85,SUPER_DREAM,88.8
9.11,0,0,74.4,64.1,83.2,1.429,84.8,2,0,1,0.628,47.0,2,29.37,SUPER_DREAM,83.8
8.36,0,0,58.4,50.5,40.5,0.189,92.5,1,3,0,0.412,74.0,3,20.65,SUPER_DREAM,77.0
7.91,0,1,55.2,64.5,83.3,1.093,89.8,4,3,0,0.686,81.4,1,31.14,SUPER_DREAM,95.1
6.51,0,0,40.2,58.9,39.9,-0.192,92.1,2,2,1,0.53,26.7,3,17.86,DREAM,62.7
6.67,0,0,68.1,47.1,58.8,0.102,69.6,1,2,0,0.474,42.8,2,18.81,DREAM,60.8
8.97,0,0,75.0,59.0,90.0,1.401,94.8,2,0,0,0.664,58.1,3,31.85,SUPER_DREAM,93.2
8.46,0,0,76.4,66.5,45.7,0.951,98.7,4,0,2,0.61,53.5,3,25.09,SUPER_DREAM,82.1
7.56,0,0,78.7,66.5,71.6,0.986,88.7,2,0,0,0.592,40.9,2,23.88,SUPER_DREAM,74.6
7.14,0,0,28.1,47.8,25.0,-1.049,96.6,2,2,2,0.567,70.7,3,18.96,DREAM,74.7
5.37,2,2,54.1,42.6,4.8,-1.851,43.3,4,0,0,0.522,83.6,1,3.5,MASS,35.6
6.42,0,0,49.9,61.9,77.4,1.437,99.7,3,6,0,0.63,62.2,2,29.7,SUPER_DREAM,91.8
9.7,1,1,87.2,85.1,100.0,1.944,97.5,3,2,2,0.793,40.1,1,33.14,SUPER_DREAM,92.5
6.19,0,0,37.0,42.7,76.6,0.852,96.6,1,6,2,0.528,68.1,2,25.72,SUPER_DREAM,85.5
7.81,0,0,54.0,72.5,52.0,0.307,94.5,3,1,1,0.747,48.4,2,21.25,SUPER_DREAM,73.4
8.71,0,0,77.9,58.8,71.3,0.436,98.1,2,2,0,0.697,49.9,1,24.17,SUPER_DREAM,79.7
6.22,0,0,75.8,30.0,49.1,-0.244,68.6,4,0,1,0.59,79.4,3,19.2,DREAM,68.4
7.8,0,0,75.1,57.1,58.4,0.205,98.1,1,2,0,0.442,83.0,2,20.09,SUPER_DREAM,79.5
8.63,0,0,86.5,63.1,55.2,0.543,94.3,1,6,3,0.525,60.7,2,26.65,SUPER_DREAM,84.8
7.61,1,1,58.8,47.5,40.2,-0.193,98.0,1,0,1,0.557,76.0,2,14.32,DREAM,68.5
10.0,0,1,77.8,100.0,88.8,2.329,99.4,2,0,3,0.729,48.9,2,37.59,SUPER_DREAM,99.0
5.76,0,0,33.3,68.8,15.0,-0.755,98.0,1,0,1,0.603,72.9,2,14.05,DREAM,67.4
8.76,0,0,66.8,66.5,50.5,0.549,95.8,3,6,1,0.707,59.2,3,29.76,SUPER_DREAM,90.2
7.41,0,0,34.5,57.8,61.0,0.209,98.3,4,0,0,0.622,45.1,3,23.64,SUPER_DREAM,77.9
8.45,0,0,60.8,65.3,64.7,0.01,98.6,3,3,2,0.607,51.4,1,23.92,SUPER_DREAM,79.7
8.09,0,0,59.1,79.4,78.9,1.668,97.4,1,0,0,0.597,71.2,1,26.51,SUPER_DREAM,87.6
6.79,0,0,50.8,68.0,38.9,0.076,92.8,2,3,1,0.652,42.8,3,20.68,SUPER_DREAM,70.9
7.85,2,3,65.1,36.5,48.8,-0.49,99.9,5,1,1,0.673,60.8,2,14.66,DREAM,66.6
5.56,0,1,44.9,42.8,39.3,-0.907,97.4,1,0,1,0.419,81.0,3,15.27,DREAM,70.9
8.26,0,0,67.5,47.6,49.5,-0.673,99.0,2,2,1,0.353,57.6,2,18.39,DREAM,71.9
7.93,0,0,57.3,86.8,48.3,0.701,94.3,2,3,2,0.848,41.9,2,24.98,SUPER_DREAM,78.3
8.3,0,0,44.5,72.5,53.5,1.049,92.9,5,1,0,0.903,60.8,3,30.29,SUPER_DREAM,90.5
8.76,0,1,65.7,59.9,66.4,0.648,98.8,1,2,1,0.459,75.2,2,24.32,SUPER_DREAM,85.2
8.0,0,0,53.4,59.7,93.0,1.374,38.1,0,0,1,0.365,45.5,3,26.41,SUPER_DREAM,64.5
7.76,0,0,68.2,56.3,33.4,-0.379,99.3,3,3,0,0.502,82.8,3,20.3,SUPER_DREAM,80.2
6.63,1,1,62.2,55.3,67.9,1.296,97.7,2,0,1,0.593,76.4,3,21.67,SUPER_DREAM,80.7
6.82,0,0,64.4,64.6,60.1,0.819,99.8,3,0,3,0.482,70.3,1,19.33,DREAM,76.2
8.91,0,0,83.1,56.9,100.0,1.358,99.7,1,0,3,0.546,73.7,2,31.58,SUPER_DREAM,97.3
9.18,0,0,75.2,100.0,100.0,2.508,96.0,2,0,0,0.784,66.9,2,38.88,SUPER_DREAM,99.0
7.34,0,0,52.1,78.2,78.8,1.528,95.5,2,1,2,0.69,70.0,2,28.4,SUPER_DREAM,90.0
7.65,0,0,52.5,46.9,73.5,0.325,83.5,2,1,2,0.175,66.1,3,23.48,SUPER_DREAM,77.4
6.6,0,0,33.0,48.7,20.6,-0.68,99.2,4,1,0,0.439,78.2,2,17.21,DREAM,74.1
8.89,0,0,85.8,96.7,50.3,0.699,98.8,5,0,1,0.923,84.4,3,29.49,SUPER_DREAM,95.7
8.33,0,0,66.2,83.9,71.5,0.869,90.9,3,0,2,0.694,52.7,3,28.84,SUPER_DREAM,85.9
9.74,2,1,67.4,77.4,51.3,0.608,99.5,3,3,1,0.782,54.5,2,19.11,DREAM,72.6
6.63,0,0,41.4,59.4,55.7,0.333,99.3,2,3,1,0.56,59.1,3,22.55,SUPER_DREAM,79.2
7.18,0,0,46.4,96.0,12.8,-0.197,96.9,1,0,1,0.887,55.9,2,14.99,DREAM,65.2
7.85,0,0,64.1,62.9,80.0,0.928,94.5,3,1,0,0.661,82.0,2,28.16,SUPER_DREAM,91.7
8.31,0,1,80.9,57.6,58.9,0.232,94.8,1,0,0,0.411,42.5,3,22.84,SUPER_DREAM,75.0
7.36,0,1,54.5,58.4,55.6,0.676,96.7,1,3,2,0.567,73.1,2,23.35,SUPER_DREAM,82.6
6.64,0,0,24.4,51.5,31.2,-0.402,97.9,3,6,0,0.503,85.8,3,21.12,SUPER_DREAM,81.7
8.57,0,0,68.4,61.9,33.7,-0.539,99.5,3,0,2,0.572,56.3,2,18.81,DREAM,72.5
8.39,0,1,67.1,73.5,87.9,1.023,97.2,2,2,0,0.635,87.1,2,31.24,SUPER_DREAM,98.6
6.59,0,0,48.2,30.0,68.1,-0.131,97.4,3,0,1,0.519,82.4,1,18.59,DREAM,76.7
9.09,0,0,68.4,65.7,67.8,0.894,99.7,4,0,1,0.784,59.8,3,30.46,SUPER_DREAM,92.6
8.89,0,2,76.5,83.4,83.6,1.485,93.6,2,2,2,0.785,77.3,3,36.15,SUPER_DREAM,99.0
7.75,0,0,63.3,35.7,50.9,-0.472,97.2,3,1,2,0.586,52.6,3,20.14,SUPER_DREAM,73.2
7.69,0,4,61.6,72.2,62.4,0.641,99.6,1,2,2,0.645,48.5,3,25.09,SUPER_DREAM,81.4
8.21,2,2,72.0,37.1,77.2,0.536,98.8,5,2,1,0.462,58.0,1,17.64,DREAM,70.6
6.65,0,0,46.4,23.9,54.8,-0.141,99.7,1,3,1,0.271,85.3,2,17.81,DREAM,76.7
7.63,1,3,55.5,52.0,80.7,0.961,44.3,4,1,1,0.734,58.1,3,25.01,SUPER_DREAM,66.6
5.23,1,1,53.9,36.6,37.1,-0.636,99.5,4,1,0,0.375,65.6,3,13.21,DREAM,65.0
8.56,0,0,77.4,87.8,68.3,1.236,93.6,3,1,0,0.793,49.9,3,31.29,SUPER_DREAM,90.2
5.88,0,0,53.7,40.5,21.9,-1.183,99.7,3,0,1,0.378,78.0,3,14.56,DREAM,69.8
9.25,0,0,92.3,73.3,67.4,1.258,84.0,2,2,1,0.644,77.5,3,29.71,SUPER_DREAM,90.2
7.24,0,0,63.7,62.7,66.4,0.97,99.4,4,3,0,0.77,54.4,3,28.33,SUPER_DREAM,87.9
7.37,1,1,69.8,43.8,26.4,-0.218,97.3,3,0,0,0.594,30.2,2,12.85,DREAM,56.6
6.91,0,0,35.1,53.0,67.8,0.777,92.6,2,6,1,0.476,59.6,2,27.45,SUPER_DREAM,85.4
7.28,0,0,60.3,38.3,47.3,-0.463,94.8,0,2,0,0.321,71.6,2,15.55,DREAM,68.7
9.16,0,0,74.4,76.9,60.2,0.573,93.9,2,2,0,0.538,64.8,2,25.28,SUPER_DREAM,83.3
5.0,0,2,55.1,28.2,5.2,-1.494,97.3,3,6,1,0.237,66.2,3,17.07,DREAM,70.9
9.0,0,0,86.2,62.8,85.2,1.067,98.1,4,1,0,0.769,70.2,3,37.0,SUPER_DREAM,99.0
7.97,0,0,57.2,65.0,60.4,0.855,98.7,3,0,0,0.393,57.3,3,24.49,SUPER_DREAM,81.9
6.27,0,0,52.2,46.2,68.9,0.262,99.6,1,2,1,0.329,46.2,2,20.18,SUPER_DREAM,72.7
6.42,0,0,51.2,62.0,19.3,-0.576,93.5,2,3,1,0.608,76.1,1,15.73,DREAM,69.5
9.44,0,0,84.9,56.4,67.9,0.348,100.0,2,0,3,0.532,51.7,1,22.19,SUPER_DREAM,77.3
6.56,0,0,38.4,46.1,42.1,-0.082,97.6,3,0,0,0.276,47.0,2,14.4,DREAM,62.7
6.33,0,0,52.6,34.0,27.4,-1.367,98.6,2,0,1,0.4,72.5,2,13.32,DREAM,66.3
8.85,0,0,70.8,84.5,71.3,1.412,65.3,3,0,1,0.703,48.4,1,28.28,SUPER_DREAM,76.4
7.97,1,3,68.1,73.3,66.4,0.898,99.0,2,3,0,0.642,52.7,2,22.52,SUPER_DREAM,77.8
6.57,0,0,42.0,54.4,52.5,0.194,98.5,2,0,1,0.451,88.7,1,16.65,DREAM,75.1
7.84,0,0,56.4,51.4,86.2,0.994,82.3,3,3,1,0.484,88.8,2,29.69,SUPER_DREAM,91.9
6.47,0,0,63.8,58.6,19.2,-0.878,99.9,2,3,1,0.386,82.9,3,17.9,DREAM,76.4
8.81,0,0,60.5,50.5,76.8,0.861,99.9,1,3,2,0.385,76.4,1,24.53,SUPER_DREAM,86.1
8.77,0,0,60.9,47.1,58.6,-0.101,99.5,4,0,2,0.669,82.3,3,26.79,SUPER_DREAM,91.0
8.19,0,0,66.2,47.2,71.0,0.27,99.7,1,2,0,0.356,94.4,2,23.52,SUPER_DREAM,88.0
8.0,0,0,55.7,62.5,68.7,0.705,100.0,3,6,0,0.587,81.4,3,30.86,SUPER_DREAM,97.7
9.54,0,0,69.8,89.4,61.7,1.019,98.0,1,0,1,0.629,68.8,1,26.04,SUPER_DREAM,86.6
7.6,0,0,62.3,16.9,40.0,-1.264,66.8,3,0,1,0.196,78.1,3,17.07,DREAM,64.1
6.3,0,1,29.9,62.8,49.8,0.528,93.7,4,3,2,0.6,58.0,3,24.43,SUPER_DREAM,80.4
8.09,0,0,53.8,65.9,62.6,0.594,93.8,0,2,3,0.479,67.2,3,25.46,SUPER_DREAM,84.0
9.89,0,0,100.0,61.9,79.8,1.063,99.3,5,2,0,0.93,67.9,2,35.89,SUPER_DREAM,99.0
6.48,0,0,55.4,47.7,54.6,-0.304,96.0,0,6,2,0.412,62.9,1,17.08,DREAM,69.9
7.2,0,0,48.1,69.5,64.6,1.45,96.3,0,2,1,0.536,60.3,2,24.26,SUPER_DREAM,81.4
8.06,0,0,70.6,72.0,52.2,1.234,98.0,4,0,1,0.904,84.3,3,29.31,SUPER_DREAM,95.1
7.54,0,0,67.2,73.3,40.2,-0.063,94.4,3,1,0,0.731,50.7,3,20.6,SUPER_DREAM,72.8
6.52,0,0,62.1,27.6,20.5,-0.965,95.2,1,0,0,0.339,67.2,2,11.84,CORE,61.7
8.83,0,0,71.8,66.4,71.6,0.948,99.6,4,0,1,0.722,45.7,2,27.94,SUPER_DREAM,85.6
10.0,0,0,96.7,72.1,59.4,1.204,99.9,3,1,1,0.721,34.9,1,27.54,SUPER_DREAM,82.9
7.82,0,3,38.7,85.0,60.6,1.119,96.8,1,0,3,0.542,82.9,2,24.72,SUPER_DREAM,86.8
6.61,0,0,38.4,56.6,66.2,0.647,93.3,4,3,1,0.611,84.3,1,25.23,SUPER_DREAM,86.9
5.9,0,0,45.9,79.7,29.4,-0.774,94.4,2,0,1,0.633,57.7,3,17.06,DREAM,68.3
7.88,0,1,67.8,55.2,50.0,-0.161,92.8,1,2,3,0.397,65.8,1,16.67,DREAM,68.8
8.81,0,0,62.2,61.8,100.0,1.742,97.1,3,2,1,0.559,60.7,3,37.42,SUPER_DREAM,99.0
8.12,0,0,69.3,62.3,89.6,1.496,96.3,3,2,0,0.731,60.7,2,31.95,SUPER_DREAM,94.3
7.6,0,0,53.5,77.9,42.4,-0.035,99.3,2,2,1,0.636,57.7,2,19.68,DREAM,74.1
6.95,0,0,51.2,46.3,50.9,-0.264,99.9,4,1,0,0.553,71.9,1,19.1,DREAM,76.2
6.4,0,0,61.3,47.1,47.7,0.04,98.6,4,3,3,0.751,59.3,3,21.07,SUPER_DREAM,76.5
8.52,0,1,81.1,70.1,70.9,0.613,66.1,1,0,1,0.612,71.2,2,23.65,SUPER_DREAM,73.5
8.61,0,0,59.1,70.2,100.0,1.944,69.5,4,2,0,0.732,90.0,1,38.04,SUPER_DREAM,99.0
5.9,0,0,31.3,30.8,37.4,-0.392,83.9,2,3,0,0.42,70.8,2,16.51,DREAM,66.9
9.35,1,1,73.6,75.9,81.5,1.578,99.4,2,0,1,0.598,66.9,2,26.88,SUPER_DREAM,88.0
8.23,2,1,67.0,63.0,76.2,1.146,100.0,5,3,1,0.707,56.4,2,24.02,SUPER_DREAM,81.3
9.14,0,0,68.5,75.4,96.1,1.285,90.4,3,2,1,0.679,64.8,3,38.45,SUPER_DREAM,99.0
6.12,0,0,58.7,55.6,55.3,0.025,99.7,2,2,1,0.529,39.9,3,20.09,SUPER_DREAM,71.4
6.1,0,0,50.1,66.7,47.9,0.886,97.1,2,0,0,0.624,88.1,3,20.63,SUPER_DREAM,81.1
7.44,0,0,64.2,45.0,26.2,-0.994,99.1,2,3,0,0.359,50.6,1,15.67,DREAM,66.0
8.15,0,0,51.3,59.2,54.1,0.685,94.3,1,0,1,0.507,36.2,3,22.82,SUPER_DREAM,73.6
9.58,0,0,94.8,68.8,94.7,1.532,94.3,4,1,0,0.77,63.4,3,37.26,SUPER_DREAM,99.0
8.38,0,3,34.9,69.8,70.0,0.913,97.9,3,2,3,0.631,70.3,1,25.87,SUPER_DREAM,86.5
7.33,0,0,68.3,48.1,67.9,0.653,92.7,3,3,0,0.504,84.9,2,25.63,SUPER_DREAM,87.5
6.47,0,0,60.9,49.5,76.6,0.82,97.1,2,0,1,0.376,68.7,2,21.26,SUPER_DREAM,78.3
8.95,0,0,69.3,88.9,51.3,0.931,99.2,1,0,0,0.562,78.9,2,23.35,SUPER_DREAM,84.4
6.54,0,0,65.7,11.6,63.9,-0.596,98.3,4,3,0,0.229,78.9,2,19.93,DREAM,78.5
9.39,0,0,78.2,85.2,71.7,1.015,99.4,2,1,2,0.774,77.5,2,27.34,SUPER_DREAM,90.9
7.29,0,0,58.6,48.7,69.3,0.287,96.4,0,0,1,0.383,48.0,3,20.34,SUPER_DREAM,72.4
9.35,1,1,82.6,84.3,76.5,1.32,98.2,5,0,1,1.0,72.7,2,30.74,SUPER_DREAM,95.2
8.35,0,0,100.0,54.3,100.0,1.517,99.4,4,2,0,0.623,44.2,2,37.16,SUPER_DREAM,99.0
7.45,0,0,75.6,73.7,56.7,0.987,95.4,2,2,0,0.64,94.9,3,27.03,SUPER_DREAM,92.7
7.03,0,0,63.7,65.1,37.8,-0.037,93.3,0,3,1,0.483,75.5,3,18.05,DREAM,73.2
7.23,0,0,46.3,62.4,59.3,0.672,98.6,1,0,2,0.412,55.6,1,18.02,DREAM,70.7
8.07,0,0,67.4,74.9,67.7,1.071,84.9,2,3,0,0.716,70.6,1,28.4,SUPER_DREAM,86.9
7.68,0,1,52.1,49.1,77.7,0.478,95.2,2,3,1,0.494,49.8,1,24.51,SUPER_DREAM,79.4
6.95,1,3,64.3,42.7,56.4,0.053,93.9,3,1,2,0.403,41.7,2,16.24,DREAM,63.6
7.42,0,0,60.9,67.1,98.6,1.839,98.3,3,0,2,0.68,78.2,2,33.18,SUPER_DREAM,99.0
7.69,0,0,48.4,48.8,55.2,0.361,98.8,2,3,0,0.522,50.3,3,23.22,SUPER_DREAM,78.4
5.26,0,1,38.6,53.1,26.3,-0.97,94.1,3,0,1,0.445,62.3,3,15.12,DREAM,65.9
8.1,0,0,55.8,59.6,51.4,-0.379,99.4,3,2,2,0.682,68.1,3,24.68,SUPER_DREAM,84.6
6.52,0,0,52.0,53.8,44.8,-0.027,68.3,3,1,2,0.52,62.3,3,18.88,DREAM,64.4
6.33,0,0,38.0,74.0,45.1,0.441,99.7,5,3,0,0.573,49.6,2,23.44,SUPER_DREAM,78.9
5.74,0,1,42.8,28.3,39.0,-0.818,80.0,4,1,1,0.516,65.9,1,14.62,DREAM,61.5
5.63,0,0,50.3,37.9,33.7,-0.723,99.6,1,1,3,0.432,67.2,1,10.56,CORE,60.9
6.11,0,1,45.5,57.0,27.3,-0.277,97.3,4,3,1,0.549,78.1,2,18.75,DREAM,76.0
6.82,1,1,48.5,63.3,31.0,-0.442,99.3,1,6,2,0.37,100.0,2,17.27,DREAM,78.6
9.75,0,0,84.9,77.6,75.2,1.226,99.5,5,1,0,0.95,35.4,3,34.9,SUPER_DREAM,95.1
7.02,0,1,63.6,45.0,69.8,0.518,98.4,3,1,2,0.446,53.0,1,20.77,SUPER_DREAM,74.7
7.8,2,1,49.7,57.5,83.0,0.773,97.1,2,3,1,0.63,68.3,2,22.92,SUPER_DREAM,81.0
8.04,0,0,68.5,83.7,60.1,0.932,97.4,2,3,0,0.563,80.2,2,27.12,SUPER_DREAM,90.5
7.74,0,0,78.3,56.3,41.0,-0.164,99.5,1,0,1,0.566,70.2,3,17.37,DREAM,72.8
7.51,0,0,67.0,58.8,53.7,0.778,84.2,1,2,0,0.557,81.8,1,20.39,SUPER_DREAM,75.6
6.29,0,0,48.5,38.2,78.1,0.516,95.9,4,0,2,0.55,42.8,3,24.65,SUPER_DREAM,78.4
9.2,0,0,84.6,86.0,93.3,2.081,97.4,2,2,2,0.562,60.2,1,35.1,SUPER_DREAM,99.0
9.59,0,0,86.3,82.6,90.0,2.128,97.5,2,3,1,0.67,86.9,3,39.71,SUPER_DREAM,99.0
5.75,0,0,51.5,24.2,51.3,-0.728,94.4,4,0,1,0.49,52.1,3,17.52,DREAM,67.9
6.47,0,2,25.4,32.6,70.4,0.678,96.9,1,0,1,0.154,21.5,3,19.27,DREAM,65.5
7.29,0,0,39.3,27.2,31.8,-0.474,99.1,3,1,0,0.329,52.7,3,17.45,DREAM,69.4
6.54,0,0,62.4,35.3,36.4,-0.711,99.0,2,3,1,0.399,71.6,3,19.03,DREAM,75.7
8.16,0,0,48.5,75.8,53.4,0.456,99.3,1,2,0,0.498,63.9,2,21.68,SUPER_DREAM,78.7
6.8,0,0,57.8,68.3,57.2,1.069,99.7,4,0,0,0.822,45.7,3,25.47,SUPER_DREAM,81.5
9.98,0,0,80.6,94.4,87.7,2.256,98.9,3,0,3,0.929,54.2,2,37.68,SUPER_DREAM,99.0
8.91,0,0,62.1,80.8,85.5,1.706,100.0,1,2,0,0.645,45.0,2,31.77,SUPER_DREAM,91.9
7.83,0,0,67.5,59.4,49.9,0.613,98.8,2,1,1,0.571,46.8,3,23.12,SUPER_DREAM,77.5
8.73,2,1,74.7,81.9,94.5,2.367,97.4,4,2,2,0.77,51.8,3,33.62,SUPER_DREAM,95.6
8.82,1,1,98.5,76.0,69.5,1.005,93.5,1,2,1,0.639,66.6,3,23.63,SUPER_DREAM,80.8
6.98,0,0,47.3,77.0,61.3,0.953,99.8,2,2,1,0.611,29.2,3,25.28,SUPER_DREAM,77.9
6.7,0,1,69.3,47.3,66.9,0.628,99.3,3,2,0,0.496,85.5,3,26.35,SUPER_DREAM,90.8
7.69,0,1,66.1,78.3,77.3,1.395,98.6,4,3,0,0.749,63.4,3,34.88,SUPER_DREAM,99.0
8.55,0,0,62.5,81.3,74.1,0.93,99.6,3,3,1,0.864,48.4,3,32.79,SUPER_DREAM,94.2
7.75,1,3,72.1,70.6,72.8,0.814,99.8,2,0,1,0.711,50.4,3,24.23,SUPER_DREAM,80.4
5.87,1,1,50.4,11.4,66.7,-0.678,98.8,2,2,0,0.119,55.5,2,12.99,DREAM,62.4
6.72,0,0,52.6,61.9,54.8,0.531,98.3,3,1,1,0.72,65.1,3,23.81,SUPER_DREAM,82.2
7.52,0,0,63.4,55.9,42.1,-0.474,96.6,1,0,2,0.388,67.3,2,16.46,DREAM,69.9
7.52,0,0,53.0,51.5,65.7,0.558,87.8,2,2,0,0.629,62.1,1,22.69,SUPER_DREAM,76.6
9.77,0,0,72.8,61.7,81.6,1.731,97.0,3,1,0,0.738,53.7,1,33.47,SUPER_DREAM,95.6
6.08,1,1,54.9,41.8,0.0,-1.237,99.5,3,2,0,0.648,64.8,2,13.07,DREAM,64.6
8.16,0,0,63.9,65.2,71.2,0.388,82.2,1,0,1,0.54,33.9,2,21.98,SUPER_DREAM,68.1
9.24,0,1,76.4,58.4,78.0,0.623,98.5,2,0,2,0.506,46.8,2,27.69,SUPER_DREAM,85.0
10.0,0,1,88.4,64.4,100.0,1.555,98.8,2,0,0,0.546,54.9,2,35.16,SUPER_DREAM,99.0
7.16,0,0,59.7,60.5,37.4,-0.52,94.5,3,2,2,0.634,44.9,2,19.7,DREAM,70.2
8.14,0,0,49.3,76.8,35.6,-0.394,92.6,3,3,1,0.636,61.7,2,21.83,SUPER_DREAM,76.5
8.23,0,0,82.7,68.2,66.8,0.863,92.7,1,2,1,0.344,44.9,2,24.91,SUPER_DREAM,78.3
7.82,0,0,64.6,77.1,65.6,1.222,100.0,0,2,0,0.508,90.7,2,25.73,SUPER_DREAM,91.0
7.49,0,0,57.5,56.2,56.6,0.608,96.0,3,0,1,0.577,43.1,2,22.48,SUPER_DREAM,74.9
8.08,0,0,71.0,63.1,62.3,0.49,96.8,4,1,3,0.726,87.7,1,23.9,SUPER_DREAM,86.4
5.0,0,0,37.8,17.2,5.8,-2.065,99.3,3,1,3,0.332,34.9,2,11.84,CORE,56.5
8.35,2,2,77.7,45.0,62.7,0.388,99.3,2,0,1,0.446,95.1,1,11.38,CORE,67.8
7.74,0,0,68.8,86.1,51.6,0.737,99.9,5,2,1,0.996,73.8,2,27.25,SUPER_DREAM,90.1
7.36,0,0,67.2,71.7,72.6,1.355,99.9,2,0,0,0.552,76.9,2,24.87,SUPER_DREAM,86.8
9.85,0,0,99.7,63.9,90.0,1.608,97.8,2,2,3,0.513,44.5,1,32.7,SUPER_DREAM,92.7
6.86,0,1,64.2,52.6,42.3,-0.292,99.6,0,1,2,0.537,60.2,2,16.38,DREAM,69.2
7.16,0,0,54.6,52.3,81.9,0.447,94.9,4,6,1,0.352,61.1,3,30.92,SUPER_DREAM,92.2
9.79,0,0,69.4,78.9,77.6,1.856,91.3,2,0,2,0.762,63.5,3,35.06,SUPER_DREAM,98.5
6.68,0,3,71.9,42.8,55.3,-0.192,99.1,2,0,0,0.465,84.1,3,18.29,DREAM,77.0
6.99,0,0,52.1,57.3,45.9,0.131,99.0,0,6,0,0.401,75.4,1,17.49,DREAM,73.9
7.44,0,0,53.7,68.3,83.6,0.799,84.2,2,0,2,0.67,62.5,3,28.72,SUPER_DREAM,85.6
8.52,0,0,49.4,74.4,68.9,1.051,99.8,0,2,1,0.578,80.0,3,28.81,SUPER_DREAM,94.0
7.83,0,1,67.3,59.4,61.0,0.55,94.9,2,0,1,0.419,82.7,3,23.48,SUPER_DREAM,84.2
6.18,0,0,48.6,40.8,36.6,-0.542,93.8,5,2,1,0.507,56.5,3,21.57,SUPER_DREAM,75.4
7.01,0,0,37.0,65.3,52.7,1.291,94.3,1,2,0,0.478,56.0,1,21.32,SUPER_DREAM,75.0
6.93,0,0,59.8,57.7,69.8,0.559,95.0,2,2,1,0.354,97.4,3,25.37,SUPER_DREAM,90.3
7.52,1,4,54.2,58.7,70.4,1.032,81.7,1,0,1,0.47,61.4,2,19.23,DREAM,68.8
8.07,0,0,98.0,63.3,62.3,0.792,98.0,3,3,0,0.674,55.4,3,26.93,SUPER_DREAM,85.4
8.06,0,0,58.8,68.5,92.3,1.437,96.1,2,1,1,0.693,62.7,3,33.05,SUPER_DREAM,96.5
5.65,1,2,36.2,30.6,48.5,-0.193,83.6,1,1,1,0.28,81.1,3,13.48,DREAM,63.8
8.77,0,0,62.2,83.0,62.4,0.981,99.6,4,1,3,0.761,75.8,3,30.56,SUPER_DREAM,96.0
7.88,0,3,79.1,46.6,34.7,-0.265,97.7,3,6,0,0.524,63.1,2,21.93,SUPER_DREAM,78.5
9.12,0,3,71.8,69.6,67.0,1.49,94.9,5,3,1,0.781,74.2,2,32.49,SUPER_DREAM,97.5
8.09,0,2,57.2,72.5,69.5,1.081,100.0,0,0,3,0.571,68.8,3,26.03,SUPER_DREAM,87.1
8.81,0,0,81.6,56.1,81.5,0.982,99.4,2,2,0,0.509,62.9,3,29.53,SUPER_DREAM,91.6
8.11,0,0,49.6,42.2,86.8,1.265,99.4,5,1,2,0.667,60.5,2,31.9,SUPER_DREAM,95.1
9.08,0,1,83.3,75.8,54.3,1.062,99.8,3,3,0,0.689,67.2,2,28.02,SUPER_DREAM,90.1
8.17,0,4,88.1,41.2,55.2,-0.286,99.5,3,0,2,0.571,58.8,3,21.4,SUPER_DREAM,77.3
7.49,0,0,66.7,39.2,33.7,-0.84,94.0,2,0,1,0.409,66.1,3,17.81,DREAM,71.1
10.0,2,1,92.7,95.6,60.9,1.442,94.4,3,1,3,0.801,64.3,3,24.87,SUPER_DREAM,82.6
8.58,0,0,81.2,66.5,56.6,0.489,96.1,3,2,0,0.619,43.2,1,23.17,SUPER_DREAM,76.1
8.23,0,0,87.8,83.5,70.4,0.996,94.2,1,0,1,0.703,57.1,3,25.77,SUPER_DREAM,82.6
6.2,0,0,61.5,26.3,53.2,-0.215,84.7,3,0,1,0.262,61.1,1,14.11,DREAM,61.2
6.18,0,1,52.1,41.7,22.1,-0.801,99.9,3,2,2,0.462,92.9,1,15.26,DREAM,74.0
7.92,0,0,75.1,67.7,45.5,0.119,99.8,0,0,0,0.56,62.6,3,19.82,DREAM,75.5
7.76,0,0,52.0,44.0,26.1,-0.82,80.1,1,0,0,0.409,69.1,2,16.0,DREAM,64.5
6.92,0,4,63.6,65.6,52.0,0.198,94.7,2,2,1,0.487,97.3,2,21.32,SUPER_DREAM,83.4
7.76,0,0,50.5,67.5,44.9,-0.133,98.3,4,3,1,0.737,41.3,2,22.41,SUPER_DREAM,75.1
9.35,0,0,74.1,55.3,100.0,1.457,99.5,3,2,1,0.46,42.0,2,33.63,SUPER_DREAM,94.3
8.36,0,0,31.7,66.5,72.8,1.035,85.0,3,1,0,0.66,53.3,3,30.25,SUPER_DREAM,86.6
6.34,0,0,53.3,50.2,38.1,-0.797,94.8,3,0,2,0.642,60.0,1,14.47,DREAM,64.6
7.48,0,0,52.0,49.0,43.2,-0.352,97.5,2,3,1,0.469,61.5,3,19.51,DREAM,74.1
6.71,1,3,65.5,28.1,18.7,-1.351,99.6,4,0,0,0.346,57.3,3,14.35,DREAM,65.3
7.17,0,0,61.4,57.8,26.5,-0.192,99.5,1,0,0,0.449,46.5,1,12.95,DREAM,60.7
7.15,0,1,69.9,84.6,39.5,0.284,99.1,3,0,0,0.787,79.6,2,21.12,SUPER_DREAM,80.8
7.07,0,0,42.7,47.4,37.3,-0.806,97.9,1,2,1,0.479,58.2,2,16.73,DREAM,68.9
6.22,0,0,59.7,65.4,21.6,-0.606,98.7,0,1,1,0.544,82.8,1,12.59,DREAM,67.2
7.46,0,0,84.9,46.5,61.3,0.1,94.2,1,3,1,0.299,49.7,3,21.22,SUPER_DREAM,73.6
6.98,0,0,64.0,54.8,58.1,0.504,98.9,2,0,3,0.478,94.4,3,21.38,SUPER_DREAM,84.2
5.0,0,0,44.5,40.8,16.7,-1.283,99.6,3,3,0,0.497,40.0,1,14.85,DREAM,62.6
9.86,0,0,85.6,83.3,100.0,1.353,98.5,2,1,2,0.655,64.8,3,36.42,SUPER_DREAM,99.0
8.8,0,0,66.7,67.6,39.1,1.134,98.8,1,0,2,0.573,50.0,3,22.78,SUPER_DREAM,77.6
7.19,0,0,66.0,64.2,52.3,0.395,96.9,5,2,0,0.642,65.5,3,24.75,SUPER_DREAM,83.4
7.62,0,0,43.1,85.3,52.5,0.808,79.5,1,2,3,0.678,50.3,1,22.11,SUPER_DREAM,70.8
6.31,0,0,43.1,48.6,30.8,-1.065,96.4,5,1,3,0.723,32.8,3,19.09,DREAM,67.3
9.47,0,2,58.4,71.9,66.0,0.479,99.0,4,0,1,0.748,53.3,2,26.86,SUPER_DREAM,85.1
9.69,0,0,73.4,78.9,81.1,1.484,99.5,2,3,1,0.686,88.9,3,36.35,SUPER_DREAM,99.0
7.77,0,0,70.4,95.8,54.2,1.143,95.1,1,0,2,0.798,50.0,2,25.53,SUPER_DREAM,81.1
8.73,0,3,78.3,72.9,62.7,1.048,99.0,3,6,1,0.655,72.6,2,30.41,SUPER_DREAM,94.9
7.79,0,1,63.5,52.4,35.1,-0.327,97.1,3,2,2,0.597,65.1,2,18.31,DREAM,72.7
6.13,0,0,48.3,26.4,9.4,-2.045,90.9,2,2,0,0.302,58.2,3,14.75,DREAM,63.5
7.15,0,0,33.8,28.1,45.6,-1.323,98.3,1,0,0,0.184,95.7,3,17.14,DREAM,77.2
7.75,0,0,58.0,65.3,50.7,0.297,98.7,3,1,0,0.709,60.3,3,23.35,SUPER_DREAM,80.6
7.1,0,0,47.8,62.3,46.7,-0.015,97.6,2,1,1,0.668,67.5,1,17.99,DREAM,72.8
7.36,2,1,50.7,50.4,51.4,-0.33,94.6,1,0,2,0.505,66.3,2,9.7,CORE,57.8
7.5,0,1,67.2,57.3,45.6,0.262,93.7,4,0,1,0.713,88.6,3,24.99,SUPER_DREAM,87.5
7.51,0,0,49.8,41.2,51.3,-0.609,99.3,4,0,1,0.569,42.5,1,18.38,DREAM,68.9
7.66,0,4,54.3,61.1,41.5,0.153,94.6,2,0,1,0.577,98.7,1,17.13,DREAM,76.7
6.43,0,0,24.3,52.5,69.6,0.216,43.1,1,0,0,0.42,87.8,3,17.98,DREAM,60.5
6.81,0,0,49.6,42.4,32.3,-0.641,98.3,2,0,2,0.364,71.0,2,15.04,DREAM,68.7
6.19,1,1,33.8,66.7,32.6,0.092,97.1,2,2,1,0.422,74.3,3,15.59,DREAM,70.0
8.68,0,0,72.7,58.7,56.1,0.255,80.9,1,2,3,0.346,61.6,2,20.38,SUPER_DREAM,70.5
5.28,2,1,26.4,37.1,15.1,-0.799,99.5,4,3,1,0.501,67.3,3,10.38,CORE,60.6
8.87,0,3,74.9,84.4,71.9,1.92,97.0,5,0,1,0.789,71.3,2,33.95,SUPER_DREAM,99.0
9.12,0,0,74.5,74.3,72.7,1.237,44.1,2,2,3,0.673,51.4,3,29.39,SUPER_DREAM,72.5
7.27,0,0,77.7,52.3,43.9,0.027,98.0,3,2,0,0.686,87.8,3,22.6,SUPER_DREAM,84.6
5.0,0,0,41.0,10.0,19.9,-1.385,91.2,1,2,0,0.1,68.4,2,11.4,CORE,60.0
7.2,0,0,34.9,73.2,38.5,0.282,94.4,2,1,1,0.555,67.1,1,14.87,DREAM,66.5
7.53,0,0,45.1,55.4,62.6,0.618,98.2,1,2,1,0.623,52.0,2,22.63,SUPER_DREAM,77.6
6.49,0,0,50.5,53.9,79.9,0.816,98.7,1,0,1,0.504,82.5,2,20.92,SUPER_DREAM,81.0
7.03,0,1,44.2,61.8,33.7,-0.761,96.9,2,0,0,0.544,64.3,3,17.89,DREAM,71.7
9.28,0,0,42.2,68.3,83.5,0.954,97.6,3,0,3,0.616,57.1,2,31.23,SUPER_DREAM,92.8
8.33,0,0,84.5,63.9,65.8,1.466,97.1,2,0,2,0.614,48.7,2,25.87,SUPER_DREAM,82.0
6.58,0,0,59.5,66.1,56.0,0.6,99.3,2,2,0,0.661,62.6,2,20.97,SUPER_DREAM,77.3
5.84,2,1,49.7,23.6,47.7,-0.672,97.6,1,2,0,0.124,47.5,1,5.86,MASS,48.5
7.24,0,0,50.1,84.4,55.6,1.235,98.1,3,2,2,0.89,70.2,2,26.99,SUPER_DREAM,88.5
7.37,0,0,63.8,45.6,52.7,-0.233,98.8,2,0,1,0.471,76.6,2,18.26,DREAM,75.4
8.15,0,1,58.0,48.1,54.9,0.285,99.0,1,2,1,0.472,59.1,3,24.1,SUPER_DREAM,81.7
7.01,0,0,57.6,54.0,35.4,-0.336,84.2,1,0,0,0.52,68.5,3,15.51,DREAM,64.8
8.16,0,0,55.6,95.7,61.2,1.388,100.0,1,0,0,0.755,83.3,3,27.33,SUPER_DREAM,92.2
9.73,1,2,100.0,55.3,58.6,0.263,99.6,2,2,1,0.542,62.4,2,21.48,SUPER_DREAM,78.2
8.5,0,0,51.1,66.5,56.3,0.229,44.9,1,2,1,0.567,63.4,2,21.38,SUPER_DREAM,61.8
7.55,1,4,75.3,64.7,75.5,0.812,96.2,3,2,0,0.604,65.1,3,24.45,SUPER_DREAM,82.6
7.4,0,0,59.5,56.9,55.6,0.069,96.1,4,0,3,0.69,58.4,3,22.32,SUPER_DREAM,77.7
7.21,0,0,51.2,59.6,67.6,0.719,96.3,1,3,0,0.457,59.7,1,22.03,SUPER_DREAM,77.5
8.9,1,2,76.0,62.8,98.2,1.237,96.6,2,3,2,0.56,53.5,3,32.22,SUPER_DREAM,93.4
6.91,0,0,62.9,42.6,44.7,-0.68,99.5,2,1,1,0.543,71.4,3,19.46,DREAM,76.6
7.65,0,1,77.9,57.1,60.5,0.498,98.6,5,6,2,0.697,63.9,3,30.33,SUPER_DREAM,92.9
7.66,0,1,65.3,43.4,51.4,-0.127,95.2,1,0,3,0.397,74.0,1,16.21,DREAM,70.4
7.05,1,2,44.8,51.9,34.9,-0.356,97.1,3,1,0,0.529,80.3,3,14.9,DREAM,70.0
6.09,0,4,46.6,36.6,20.9,-1.155,100.0,2,3,1,0.347,49.2,3,16.32,DREAM,67.0
7.96,0,0,86.4,55.9,75.6,1.643,98.8,2,1,0,0.666,52.4,2,28.24,SUPER_DREAM,87.2
7.53,0,1,76.5,62.3,59.2,0.56,100.0,1,1,2,0.379,75.4,3,23.28,SUPER_DREAM,83.9
8.15,0,0,77.4,39.2,96.0,1.051,99.3,1,0,2,0.338,61.2,2,29.98,SUPER_DREAM,92.0
7.01,0,0,64.7,48.9,66.7,0.509,93.9,1,0,1,0.306,66.2,1,18.93,DREAM,72.9
8.94,0,1,82.8,100.0,59.2,1.581,95.5,1,0,1,0.86,66.3,1,25.76,SUPER_DREAM,84.8
6.64,0,0,65.3,32.8,59.8,-0.067,97.9,1,2,0,0.285,50.8,2,17.68,DREAM,69.0
9.48,0,0,74.4,97.3,73.3,1.851,99.1,3,0,1,0.824,72.6,3,34.58,SUPER_DREAM,99.0
5.68,0,0,25.5,38.2,55.0,0.034,93.7,3,0,1,0.301,68.7,3,17.28,DREAM,70.6
8.08,0,0,66.6,55.4,53.2,0.117,96.6,2,1,0,0.634,49.9,3,21.64,SUPER_DREAM,75.0
8.12,0,3,56.4,45.9,43.5,-0.244,99.3,0,2,1,0.215,62.5,2,16.37,DREAM,69.6
6.72,0,0,39.6,50.9,31.4,-0.06,98.1,1,2,3,0.455,63.4,3,16.23,DREAM,69.2
8.07,0,0,57.0,84.1,48.4,0.707,99.4,3,3,1,0.843,76.2,2,25.18,SUPER_DREAM,87.0
9.01,2,2,100.0,68.6,58.0,0.316,98.7,1,1,0,0.714,82.6,1,15.66,DREAM,72.2
5.16,0,0,38.2,30.6,16.6,-1.484,85.0,4,0,1,0.41,64.9,3,14.1,DREAM,62.0
8.15,0,0,70.9,78.8,78.3,0.79,96.2,4,2,3,0.723,39.8,2,30.07,SUPER_DREAM,86.9
5.0,0,0,20.3,34.8,57.3,-0.043,99.9,1,0,2,0.269,75.9,2,12.78,DREAM,66.4
6.54,0,0,28.3,24.9,19.5,-1.023,99.5,4,2,0,0.367,98.0,2,17.15,DREAM,78.0
9.39,0,0,69.1,79.7,100.0,1.692,99.2,2,1,2,0.527,75.8,2,35.57,SUPER_DREAM,99.0
6.96,0,1,71.9,72.7,39.9,0.197,98.0,2,1,2,0.76,60.9,3,19.51,DREAM,74.1
6.31,0,0,52.1,43.9,47.0,0.082,97.5,4,0,3,0.514,71.0,1,17.81,DREAM,73.1
7.38,2,3,66.0,17.8,23.8,-1.102,99.8,2,0,2,0.232,77.0,2,6.89,CORE,56.8
9.87,0,1,92.6,89.1,92.9,2.453,99.9,3,1,0,0.854,66.7,2,39.2,SUPER_DREAM,99.0
5.59,0,0,33.8,33.7,0.0,-2.387,96.8,3,0,1,0.526,84.7,1,11.49,CORE,65.1
6.44,0,0,66.1,20.3,48.0,-0.504,97.5,3,6,2,0.229,48.0,1,17.53,DREAM,68.1
9.25,0,0,69.9,53.2,80.6,0.53,96.4,3,3,3,0.581,58.9,3,31.77,SUPER_DREAM,93.7
9.64,0,0,98.3,94.7,84.2,1.62,97.7,1,2,0,0.626,71.9,3,33.86,SUPER_DREAM,99.0
7.49,0,2,65.2,47.1,41.6,-0.064,82.2,1,3,1,0.416,75.5,2,16.71,DREAM,67.6
6.24,0,0,25.9,30.9,49.7,-0.342,99.0,4,2,1,0.48,56.8,2,18.58,DREAM,72.0
9.91,0,0,75.1,83.5,90.9,2.114,98.2,1,0,1,0.606,58.2,3,34.5,SUPER_DREAM,98.6
9.35,0,0,57.1,68.9,73.5,0.803,91.7,2,2,1,0.621,55.0,3,28.36,SUPER_DREAM,85.8
8.35,0,0,82.4,68.2,77.3,1.624,99.6,2,0,1,0.618,53.8,1,27.93,SUPER_DREAM,87.2
6.71,0,0,51.8,45.9,43.8,-0.062,93.9,1,2,3,0.375,72.8,2,16.67,DREAM,70.5
7.55,0,0,33.7,41.2,65.1,0.543,97.3,1,0,2,0.332,64.4,1,18.53,DREAM,73.0
7.42,0,0,63.7,49.5,51.8,-0.279,98.5,1,3,2,0.297,84.5,3,19.74,DREAM,79.3
7.96,0,0,58.2,68.8,64.5,1.161,97.7,2,2,1,0.514,48.6,3,28.59,SUPER_DREAM,86.7
9.2,0,0,59.2,76.7,85.7,1.511,99.3,4,0,2,0.728,62.6,3,35.98,SUPER_DREAM,99.0
8.57,0,1,90.8,68.1,60.6,0.498,99.9,2,3,0,0.516,76.0,1,22.74,SUPER_DREAM,83.1
6.41,0,0,50.4,72.7,19.8,-0.266,94.9,3,3,0,0.643,70.2,3,20.11,SUPER_DREAM,76.0
9.11,0,0,72.6,85.5,79.3,1.765,94.3,2,3,3,0.712,48.5,2,33.22,SUPER_DREAM,93.4
7.94,0,0,59.7,74.3,81.7,1.185,94.2,4,2,1,0.767,82.3,2,32.04,SUPER_DREAM,98.1
8.36,0,0,50.4,64.6,70.7,1.528,99.5,3,2,0,0.677,66.4,2,30.82,SUPER_DREAM,94.5
9.21,1,3,61.5,79.4,81.3,2.071,99.7,1,0,3,0.629,93.8,2,28.3,SUPER_DREAM,95.8
6.38,0,0,64.2,39.1,40.8,-0.313,100.0,2,0,3,0.403,63.0,2,15.64,DREAM,68.7
7.56,0,0,54.9,69.1,69.0,1.081,99.5,3,0,2,0.706,82.4,3,26.26,SUPER_DREAM,90.1
7.02,1,2,55.4,50.6,45.8,-0.013,99.2,3,0,0,0.461,59.6,2,13.52,DREAM,64.2
5.88,0,1,19.2,42.7,27.3,-1.29,99.4,4,0,0,0.473,61.5,3,16.2,DREAM,69.1
7.98,0,0,49.0,65.0,80.7,1.255,91.8,1,2,1,0.485,72.4,3,29.18,SUPER_DREAM,90.7
10.0,0,0,92.3,84.7,75.5,1.488,82.2,5,0,1,0.837,39.5,3,35.32,SUPER_DREAM,91.4
5.58,2,1,45.3,77.5,47.9,0.314,99.8,1,0,3,0.462,34.7,3,10.36,CORE,54.2
7.56,0,0,81.7,48.9,75.7,0.655,97.6,1,2,3,0.448,54.8,3,25.63,SUPER_DREAM,83.0
8.3,0,1,84.2,56.9,74.9,0.169,98.5,2,0,3,0.438,45.5,1,22.2,SUPER_DREAM,75.7
7.74,1,1,59.6,69.8,35.3,-0.373,84.7,1,0,0,0.694,31.2,2,14.01,DREAM,55.0
7.48,2,1,65.4,48.9,55.2,0.41,97.3,3,1,2,0.536,76.1,2,13.27,DREAM,66.5
6.17,0,0,42.9,38.8,35.4,-0.142,99.8,4,0,2,0.391,53.1,3,17.12,DREAM,69.1
7.86,1,1,88.2,46.2,50.3,-0.349,99.6,4,6,1,0.617,59.8,1,19.29,DREAM,74.0
6.77,0,0,66.5,56.3,48.8,0.145,99.7,2,2,0,0.517,67.1,1,18.39,DREAM,74.0
5.19,2,1,38.9,39.2,41.1,-0.153,79.4,2,1,2,0.417,72.6,1,6.82,CORE,49.7
8.91,0,0,76.5,68.6,63.7,0.628,97.6,5,0,0,0.741,69.2,3,29.87,SUPER_DREAM,92.9
8.65,0,0,88.9,80.2,65.8,1.28,98.9,2,0,3,0.607,68.0,2,28.62,SUPER_DREAM,91.0
7.66,0,0,68.5,33.2,52.5,-0.27,96.5,4,2,0,0.356,72.0,3,22.9,SUPER_DREAM,81.5
7.85,0,0,82.2,51.5,80.2,1.292,99.5,4,6,1,0.498,57.5,3,35.15,SUPER_DREAM,99.0
8.78,0,0,46.5,69.2,65.8,0.472,94.6,1,1,3,0.435,54.3,3,24.28,SUPER_DREAM,79.7
7.85,0,2,69.0,44.9,36.9,-0.825,82.6,0,2,3,0.286,30.2,3,16.98,DREAM,59.1
8.59,0,0,64.8,45.1,39.8,-0.321,83.4,2,0,2,0.431,74.6,1,17.32,DREAM,68.8
7.27,0,1,78.8,50.7,58.8,0.307,66.8,4,2,2,0.471,54.7,2,22.64,SUPER_DREAM,68.7
9.04,0,0,94.0,84.2,59.8,0.962,97.9,3,0,3,0.842,94.8,3,28.56,SUPER_DREAM,95.9
7.95,0,0,64.9,80.4,72.5,1.456,95.6,2,0,3,0.694,76.1,1,25.6,SUPER_DREAM,86.6
7.81,0,0,81.6,53.3,34.8,-0.669,91.5,1,1,1,0.627,79.3,3,17.51,DREAM,72.5
6.2,0,0,68.4,53.5,29.7,-0.949,99.6,1,0,2,0.402,75.6,2,13.94,DREAM,68.2
7.92,0,2,65.0,71.0,36.0,-0.149,99.5,5,2,1,0.976,73.0,2,22.77,SUPER_DREAM,82.4
6.68,0,0,81.5,65.6,53.0,0.287,99.9,2,3,1,0.639,72.1,3,23.64,SUPER_DREAM,83.8
6.9,0,0,53.6,46.0,59.5,0.118,69.5,2,0,2,0.285,73.5,2,18.68,DREAM,66.7
6.7,0,0,49.5,23.6,51.5,-0.102,99.2,4,0,2,0.31,67.6,3,18.89,DREAM,74.8
6.43,0,3,59.7,46.7,22.6,-0.658,99.9,4,0,2,0.592,55.8,3,17.81,DREAM,70.8
9.94,0,0,80.1,70.1,70.8,1.187,99.2,2,0,0,0.471,47.3,3,30.38,SUPER_DREAM,89.9
9.06,0,0,76.7,64.6,78.0,1.198,92.0,2,2,1,0.5,71.3,3,32.37,SUPER_DREAM,95.8
9.71,0,0,99.0,77.6,51.2,0.457,91.3,3,0,1,0.596,84.4,1,21.56,SUPER_DREAM,80.2
6.25,0,0,47.8,39.1,35.7,-0.904,100.0,2,2,1,0.565,63.1,3,18.27,DREAM,73.1
7.68,0,0,41.4,61.4,84.4,0.903,100.0,2,2,1,0.638,67.3,2,28.99,SUPER_DREAM,91.8
6.18,1,2,51.2,52.8,35.9,-0.576,99.7,0,0,2,0.342,45.2,3,10.7,CORE,56.8
6.83,0,0,45.0,45.0,20.2,-1.006,95.9,3,2,0,0.616,58.2,1,16.01,DREAM,67.1
6.59,0,0,61.3,53.0,33.1,-0.791,83.7,5,3,0,0.772,46.6,2,20.31,SUPER_DREAM,68.3
8.96,0,0,83.0,73.8,61.2,0.863,91.9,5,0,3,0.921,47.6,3,27.69,SUPER_DREAM,83.2
7.16,0,0,74.3,66.9,89.5,1.465,95.6,2,2,3,0.544,66.5,2,29.83,SUPER_DREAM,91.7
8.78,0,0,83.6,68.9,100.0,1.759,95.6,2,2,0,0.577,64.1,3,35.66,SUPER_DREAM,99.0
8.26,0,4,80.7,64.8,77.3,1.464,99.7,1,2,1,0.426,76.8,3,28.43,SUPER_DREAM,92.7
10.0,1,1,77.0,79.8,78.8,0.722,98.7,2,0,0,0.669,76.5,2,27.11,SUPER_DREAM,90.1
5.97,0,2,54.4,38.4,58.3,-0.098,84.9,2,3,2,0.324,51.9,3,19.0,DREAM,67.5
8.99,0,1,98.5,62.9,52.4,-0.376,99.7,3,1,1,0.534,36.0,3,23.77,SUPER_DREAM,76.7
8.86,0,0,65.3,60.1,90.7,1.495,98.3,0,1,1,0.511,50.8,2,29.89,SUPER_DREAM,89.5
6.53,0,0,71.9,57.7,60.1,0.684,99.2,2,2,1,0.578,54.3,3,24.47,SUPER_DREAM,81.4
8.71,0,0,65.5,55.6,66.8,0.21,94.0,2,3,1,0.439,73.3,3,26.51,SUPER_DREAM,87.0
7.97,0,0,54.5,58.2,81.1,0.731,90.6,1,3,0,0.543,74.2,3,28.4,SUPER_DREAM,89.3
7.35,0,0,62.1,70.1,45.1,-0.254,98.2,1,3,2,0.575,64.3,3,22.57,SUPER_DREAM,79.9
6.69,0,0,60.5,43.7,22.6,-0.93,97.2,2,0,2,0.401,76.1,1,12.33,DREAM,64.9
6.81,0,0,64.0,61.5,64.3,0.557,97.8,2,0,2,0.678,100.0,2,22.55,SUPER_DREAM,86.9
9.85,1,2,72.0,75.1,81.7,1.371,98.5,2,1,3,0.67,63.2,3,30.57,SUPER_DREAM,93.1
7.6,0,1,66.2,43.9,67.0,0.279,96.9,2,0,2,0.569,61.5,3,21.5,SUPER_DREAM,77.2
8.46,1,3,61.4,45.7,99.3,1.102,87.9,1,2,0,0.425,52.4,1,26.71,SUPER_DREAM,81.4
6.73,0,0,34.4,67.4,32.8,0.171,93.2,1,0,0,0.584,69.8,2,17.25,DREAM,70.7
6.74,0,0,41.3,33.2,43.3,-0.454,66.9,0,1,2,0.147,82.1,3,14.1,DREAM,60.0
8.79,0,0,63.9,82.2,98.7,1.75,98.7,1,2,0,0.591,57.5,3,36.66,SUPER_DREAM,99.0
6.12,0,0,52.4,28.3,50.4,-0.632,99.6,3,1,1,0.494,59.1,3,19.47,DREAM,74.2
7.14,0,0,70.3,72.0,38.1,-0.178,99.9,0,0,0,0.597,57.2,3,15.75,DREAM,67.7
7.64,0,0,43.7,89.9,39.5,0.904,99.5,0,3,3,0.601,47.7,2,22.43,SUPER_DREAM,76.8
7.72,0,0,66.4,36.3,48.2,-0.115,99.2,1,2,1,0.206,67.0,2,16.22,DREAM,70.2
7.4,0,0,44.9,41.2,40.5,-0.497,99.7,2,2,0,0.542,67.5,2,17.92,DREAM,73.3
8.04,0,0,72.9,74.2,65.7,1.467,99.5,2,2,3,0.725,64.4,3,29.43,SUPER_DREAM,91.8
8.36,0,0,61.1,74.2,66.8,1.422,99.8,1,1,1,0.488,92.6,3,27.23,SUPER_DREAM,93.8
8.41,0,0,56.5,78.4,70.9,1.126,83.5,1,0,0,0.517,71.0,1,23.49,SUPER_DREAM,78.4
6.52,0,0,59.8,38.6,28.1,-1.009,69.7,4,0,2,0.657,48.3,2,16.03,DREAM,57.3
7.29,0,0,50.8,83.0,51.2,0.586,97.3,4,3,0,0.78,74.5,3,28.6,SUPER_DREAM,91.7
8.91,0,0,70.4,74.7,35.0,-0.243,94.2,3,0,2,0.664,59.9,3,22.68,SUPER_DREAM,78.0
8.58,0,0,44.2,52.4,70.6,1.187,97.8,1,2,1,0.372,60.1,3,25.97,SUPER_DREAM,84.6
6.09,0,1,57.3,38.4,59.2,-0.256,95.7,2,0,0,0.418,62.4,2,16.92,DREAM,69.4
7.99,1,1,74.7,46.0,35.2,-0.264,99.8,3,2,2,0.39,60.7,3,17.04,DREAM,70.5
5.42,0,0,39.3,56.9,38.8,0.01,61.0,1,0,1,0.478,69.0,1,10.75,CORE,50.0
7.65,0,0,43.2,49.9,45.8,-0.218,97.9,2,2,1,0.357,96.7,3,20.51,SUPER_DREAM,82.9
9.69,0,0,96.4,88.5,95.7,2.683,99.9,3,3,2,0.687,59.5,3,42.0,SUPER_DREAM,99.0
6.56,0,0,42.6,40.5,46.5,-0.761,99.2,2,2,0,0.295,66.3,3,16.96,DREAM,71.3
6.68,0,0,46.4,39.9,52.5,-0.152,95.7,2,2,1,0.293,68.5,1,15.64,DREAM,68.5
8.44,0,0,97.1,41.1,67.5,0.199,98.2,2,1,3,0.465,57.3,1,19.81,DREAM,73.9
5.9,0,0,35.6,48.3,59.7,0.547,99.3,3,2,1,0.576,59.0,3,21.8,SUPER_DREAM,77.9
6.9,0,0,62.9,69.1,54.1,0.612,94.4,3,0,1,0.651,79.9,3,23.59,SUPER_DREAM,83.6
8.26,0,1,74.3,53.0,51.4,-0.417,96.9,3,0,0,0.5,57.3,1,18.58,DREAM,71.5
6.9,0,0,58.7,29.3,49.6,-0.054,97.3,2,2,1,0.436,51.7,3,19.47,DREAM,72.0
7.34,0,1,61.8,67.0,46.4,0.379,95.6,3,3,1,0.705,91.7,3,22.85,SUPER_DREAM,85.1
8.42,0,0,73.7,44.6,68.9,0.149,97.1,5,1,0,0.518,46.9,1,23.32,SUPER_DREAM,77.4
8.06,0,0,68.9,80.8,54.2,0.637,99.3,3,2,0,0.773,78.3,1,24.17,SUPER_DREAM,85.7
7.89,1,3,63.3,49.2,47.5,-0.48,98.2,2,2,1,0.488,62.0,2,14.68,DREAM,66.3
7.23,1,3,75.4,39.1,55.3,-0.111,96.3,3,6,0,0.511,46.8,3,20.27,SUPER_DREAM,72.0
8.01,0,0,49.3,66.6,62.1,0.739,99.6,2,2,1,0.806,59.3,1,23.82,SUPER_DREAM,81.4
7.46,0,0,71.9,42.6,73.7,0.463,94.6,4,2,2,0.473,61.6,3,27.17,SUPER_DREAM,86.0
8.1,0,0,75.9,54.2,54.8,0.093,99.7,3,0,0,0.604,40.5,3,22.38,SUPER_DREAM,75.3
7.05,0,0,63.9,57.5,14.0,-1.413,99.6,3,0,2,0.702,71.4,2,14.88,DREAM,69.0
7.4,0,1,72.4,22.4,47.2,-0.534,69.8,3,0,1,0.474,69.9,1,15.19,DREAM,60.2
6.51,0,3,49.0,69.6,13.9,-1.269,96.4,1,3,3,0.562,59.8,3,16.47,DREAM,68.3
7.56,0,0,38.2,58.8,63.2,0.582,96.6,2,1,3,0.427,72.1,3,23.98,SUPER_DREAM,83.4
6.71,0,0,51.2,30.7,15.4,-1.965,84.7,1,1,2,0.131,68.1,3,13.5,DREAM,61.5
6.37,0,0,36.9,30.9,23.7,-1.156,97.6,2,6,1,0.402,84.4,1,15.96,DREAM,72.7
7.88,0,0,55.1,75.6,53.1,0.603,98.0,3,3,3,0.737,48.8,2,28.04,SUPER_DREAM,85.9
7.83,0,2,48.4,69.6,86.8,1.617,99.4,2,2,3,0.617,60.6,2,30.44,SUPER_DREAM,92.7
8.46,0,2,63.9,87.5,47.2,0.925,99.5,0,0,1,0.635,80.0,2,22.13,SUPER_DREAM,82.7
7.13,0,0,49.1,43.8,50.7,0.213,99.4,2,0,1,0.505,73.1,2,18.53,DREAM,75.3
8.05,0,0,37.0,67.7,72.0,0.532,97.4,1,0,0,0.578,30.5,3,24.67,SUPER_DREAM,76.4
8.21,0,0,75.5,71.2,90.2,1.613,94.2,3,2,0,0.71,40.0,1,32.41,SUPER_DREAM,90.3
8.09,0,0,92.5,73.7,76.1,1.86,84.3,3,1,1,0.649,65.0,2,31.16,SUPER_DREAM,90.2
6.69,1,1,59.2,64.4,65.0,0.773,100.0,3,0,1,0.714,89.6,2,19.82,DREAM,80.9
7.76,0,0,60.2,50.4,73.7,0.47,90.2,0,2,1,0.306,58.5,2,22.2,SUPER_DREAM,75.8
8.0,0,0,64.3,61.4,39.2,-0.118,97.2,0,0,0,0.507,74.7,3,17.48,DREAM,73.2
7.61,0,0,56.0,50.1,62.8,0.271,98.7,4,2,2,0.56,66.2,3,24.82,SUPER_DREAM,84.2
5.3,1,1,39.1,32.6,43.9,-0.883,64.3,1,2,1,0.335,73.7,2,8.84,CORE,48.8
7.78,0,0,62.3,70.3,41.1,0.4,99.3,3,2,1,0.813,81.1,3,25.22,SUPER_DREAM,88.0
10.0,0,2,74.9,61.8,74.6,1.149,97.8,3,6,1,0.666,79.2,3,37.22,SUPER_DREAM,99.0
7.2,0,2,77.2,69.8,37.0,-0.395,99.3,2,1,1,0.722,78.6,2,18.28,DREAM,76.0
6.8,1,3,35.1,33.8,60.5,-0.036,99.2,2,0,0,0.327,55.8,2,13.47,DREAM,63.4
8.01,0,0,73.7,58.8,59.9,0.303,96.3,1,0,1,0.479,62.7,1,20.16,SUPER_DREAM,75.0
7.94,0,0,63.2,79.8,54.5,0.252,96.9,4,1,1,0.77,72.8,2,25.53,SUPER_DREAM,86.2
8.91,0,0,96.9,77.6,48.9,0.094,94.3,2,3,2,0.531,72.2,3,26.0,SUPER_DREAM,86.1
6.22,0,0,51.3,48.1,38.4,-0.766,99.8,1,3,0,0.482,73.9,3,18.28,DREAM,75.2
8.4,0,0,64.7,50.9,55.6,0.17,99.1,2,6,0,0.522,38.5,2,23.96,SUPER_DREAM,77.4
8.25,0,0,64.5,51.1,68.4,0.436,97.1,1,1,1,0.458,83.0,1,20.93,SUPER_DREAM,80.6
7.44,0,0,59.9,70.1,33.8,-0.374,99.8,3,2,2,0.769,39.5,3,21.63,SUPER_DREAM,73.9
7.97,0,2,51.0,54.5,63.9,0.388,67.8,2,2,2,0.41,53.7,2,22.99,SUPER_DREAM,69.4
8.73,0,0,63.1,64.1,61.9,0.863,80.6,1,1,1,0.399,67.9,3,24.5,SUPER_DREAM,78.6
8.56,0,0,49.2,82.7,45.2,0.617,99.6,1,0,1,0.738,64.6,3,24.5,SUPER_DREAM,83.6
6.34,1,1,37.4,30.1,17.2,-1.081,96.0,1,0,0,0.265,86.3,2,9.68,CORE,62.2
8.5,0,1,71.1,72.3,45.8,0.253,94.9,1,1,2,0.583,47.4,2,21.11,SUPER_DREAM,73.1
7.53,1,2,63.9,58.4,51.6,0.698,97.8,2,0,0,0.412,59.5,3,19.55,DREAM,73.8
7.68,0,1,38.0,59.4,59.3,0.574,96.9,3,3,2,0.714,35.5,1,23.72,SUPER_DREAM,75.7
7.68,1,2,60.2,52.2,62.0,0.259,98.8,1,2,3,0.479,67.0,2,18.0,DREAM,73.0
7.43,0,0,66.1,48.7,59.8,0.294,94.5,1,2,3,0.355,61.9,2,20.13,SUPER_DREAM,74.3
8.91,0,0,72.2,57.9,58.3,0.032,94.8,2,0,2,0.692,46.4,2,21.34,SUPER_DREAM,73.3
7.51,0,0,52.5,64.3,74.1,0.919,100.0,2,2,0,0.461,84.6,3,27.89,SUPER_DREAM,93.4
6.37,0,0,43.7,35.7,33.5,-0.653,98.4,3,2,1,0.404,81.2,1,14.22,DREAM,69.5
7.17,0,0,50.2,67.4,59.1,0.805,99.1,4,1,0,0.791,66.1,2,24.96,SUPER_DREAM,84.5
7.8,0,0,55.3,57.6,55.6,0.197,83.8,2,2,0,0.616,82.1,1,19.58,DREAM,74.2
8.95,0,0,76.6,58.7,79.2,1.869,98.5,1,3,0,0.351,63.6,3,31.62,SUPER_DREAM,95.0
8.26,0,0,95.3,62.6,60.3,0.509,98.5,1,2,1,0.475,75.7,1,22.68,SUPER_DREAM,82.5
6.66,0,0,42.7,42.6,52.1,-0.591,99.5,1,1,1,0.418,77.9,3,19.27,DREAM,77.6
10.0,0,2,81.2,99.1,84.9,2.393,92.7,3,0,3,0.992,49.0,3,38.35,SUPER_DREAM,99.0
7.89,0,0,63.3,56.6,74.3,1.045,100.0,3,1,1,0.688,71.5,3,29.8,SUPER_DREAM,94.0
9.0,0,1,66.8,70.2,58.3,0.722,100.0,1,3,1,0.607,67.5,1,23.69,SUPER_DREAM,83.0
7.43,0,0,72.5,76.5,22.3,-0.439,98.7,3,3,1,0.723,49.6,3,21.14,SUPER_DREAM,74.8
8.19,1,2,38.4,72.2,45.7,0.433,98.4,4,0,2,0.731,45.8,2,20.42,SUPER_DREAM,72.7
8.52,0,2,63.9,92.0,86.5,2.422,94.4,4,2,3,0.924,72.5,3,38.8,SUPER_DREAM,99.0
8.94,0,0,84.2,91.0,69.5,1.465,68.4,1,0,1,0.811,60.8,3,28.24,SUPER_DREAM,79.7
8.76,0,0,69.1,59.0,71.8,0.393,98.5,1,2,0,0.456,43.0,2,23.78,SUPER_DREAM,77.8
8.56,0,0,60.7,83.0,48.7,-0.413,99.1,1,3,0,0.619,73.7,1,20.57,SUPER_DREAM,78.8
7.25,0,4,62.8,76.1,53.2,0.735,97.9,2,2,2,0.745,79.0,3,24.88,SUPER_DREAM,86.6
6.97,0,2,65.6,73.1,30.2,-0.426,93.7,2,1,1,0.717,47.4,2,15.99,DREAM,64.2
7.97,0,2,67.2,76.5,44.8,0.344,98.7,4,0,2,0.735,65.0,2,22.88,SUPER_DREAM,80.7
8.63,0,0,61.6,83.4,61.3,0.764,96.9,1,0,2,0.539,87.8,3,27.41,SUPER_DREAM,92.3
7.36,0,0,64.0,51.7,61.3,0.107,84.4,2,3,1,0.345,51.3,1,19.95,DREAM,68.8
8.77,2,2,67.9,59.8,80.2,0.872,92.1,3,3,2,0.609,90.6,2,23.8,SUPER_DREAM,85.4
9.2,0,0,85.9,71.2,85.8,1.296,92.9,1,3,2,0.47,60.1,1,30.75,SUPER_DREAM,91.2
6.59,0,0,68.7,24.2,15.5,-1.317,98.0,1,0,1,0.301,63.9,3,13.21,DREAM,64.2
6.68,0,0,20.5,67.3,45.0,0.369,90.5,3,2,0,0.514,44.1,3,21.69,SUPER_DREAM,72.1
7.45,1,2,60.8,52.9,50.8,-0.28,99.5,3,0,1,0.68,44.6,2,15.61,DREAM,64.8
7.94,0,0,43.6,80.4,32.7,-0.233,99.1,5,0,1,0.836,55.2,1,20.32,SUPER_DREAM,74.6
7.02,0,0,84.5,35.0,49.6,-0.199,94.8,3,1,3,0.361,78.3,3,19.25,DREAM,76.2
9.09,0,0,70.3,90.1,69.5,1.704,42.4,3,1,1,0.768,100.0,3,30.17,SUPER_DREAM,83.0
8.07,0,1,74.6,56.8,71.0,1.077,81.3,3,0,1,0.508,100.0,2,28.18,SUPER_DREAM,91.4
7.64,0,0,61.0,41.1,58.2,-0.233,94.0,1,0,1,0.469,63.2,3,19.86,DREAM,73.9
6.02,0,0,35.6,64.0,27.4,-0.102,99.1,3,2,0,0.682,59.7,2,16.76,DREAM,69.6
6.15,0,0,35.5,58.2,55.5,-0.204,97.9,4,0,1,0.655,50.2,3,20.93,SUPER_DREAM,74.3
7.91,1,1,83.1,65.0,19.9,-0.664,94.8,2,0,0,0.479,81.7,2,12.5,DREAM,65.6
5.25,0,4,49.0,33.3,26.9,-0.882,99.3,2,1,0,0.348,54.1,1,11.18,CORE,59.2
8.71,2,1,95.5,77.0,37.8,-0.449,99.1,2,0,1,0.597,61.4,3,14.96,DREAM,66.9
7.43,0,0,59.9,59.4,37.7,0.447,93.5,5,2,1,0.505,72.5,1,21.96,SUPER_DREAM,79.2
10.0,0,2,88.5,73.9,94.4,2.21,83.7,1,3,2,0.522,71.8,3,39.57,SUPER_DREAM,99.0
10.0,0,0,81.8,79.2,62.1,1.141,99.5,3,0,2,0.783,55.8,2,28.73,SUPER_DREAM,88.9
7.4,0,0,55.6,83.9,28.2,-0.267,93.4,3,6,0,0.733,63.6,3,25.79,SUPER_DREAM,83.7
7.48,0,0,47.3,94.7,97.7,2.304,94.8,3,0,0,0.831,56.2,3,37.11,SUPER_DREAM,99.0
8.7,0,0,73.0,92.5,44.9,0.934,69.9,2,0,1,0.851,52.5,2,24.57,SUPER_DREAM,72.4
9.47,0,1,70.3,85.9,100.0,1.881,97.7,4,2,1,0.91,49.6,2,39.58,SUPER_DREAM,99.0
5.8,0,0,48.3,34.1,31.5,-0.929,98.0,1,2,1,0.455,42.9,3,15.14,DREAM,63.2
5.63,0,0,43.4,25.8,23.2,-1.015,89.8,1,1,1,0.1,70.4,3,13.87,DREAM,64.2
6.92,0,0,57.6,40.8,58.2,-0.386,92.9,2,0,0,0.338,61.4,2,18.01,DREAM,70.2
8.24,0,0,87.5,57.9,88.0,1.396,83.0,0,2,1,0.478,48.0,3,31.04,SUPER_DREAM,86.2
8.15,0,0,66.0,94.7,42.1,0.132,82.1,2,6,1,0.818,46.6,3,27.93,SUPER_DREAM,80.5
8.78,0,0,81.8,96.8,61.1,0.988,99.4,1,6,1,0.746,46.3,2,29.89,SUPER_DREAM,88.9
6.28,0,0,72.4,54.5,55.6,0.107,98.2,3,2,1,0.513,55.8,1,17.48,DREAM,69.8
5.05,0,0,51.2,17.1,30.8,-1.079,93.5,2,2,0,0.258,81.9,2,10.96,CORE,62.7
8.54,0,0,84.3,81.5,87.4,1.54,68.8,3,3,0,0.764,54.8,3,35.11,SUPER_DREAM,90.1
6.69,0,1,48.2,45.2,54.5,0.079,99.8,1,2,1,0.229,73.4,1,16.08,DREAM,71.4
5.38,0,0,41.6,5.0,62.1,-0.743,99.3,1,6,0,0.112,88.4,3,17.41,DREAM,76.5
7.76,0,2,46.8,64.4,61.3,0.468,99.3,1,3,0,0.469,67.5,2,23.25,SUPER_DREAM,82.1
8.47,0,3,75.7,56.4,70.7,1.123,97.4,1,2,0,0.522,53.5,3,28.07,SUPER_DREAM,86.7
7.47,0,1,63.0,45.8,60.4,-0.117,89.9,1,0,1,0.408,63.7,2,16.56,DREAM,67.3
7.1,0,0,56.2,49.6,47.6,0.147,99.5,1,2,2,0.563,64.3,3,20.72,SUPER_DREAM,77.2
7.42,0,0,71.6,49.7,69.4,0.574,99.8,2,3,0,0.468,90.9,3,25.91,SUPER_DREAM,91.3
7.19,1,4,42.4,53.6,55.6,0.067,64.9,1,0,0,0.348,39.0,2,11.47,CORE,46.4
6.12,0,0,65.8,41.1,52.6,-0.465,97.6,2,0,1,0.209,81.7,1,12.49,DREAM,66.5
6.81,0,0,64.0,23.7,63.8,-0.457,90.6,1,0,1,0.151,38.9,3,16.87,DREAM,63.1
8.17,0,0,65.9,86.2,70.8,1.126,99.7,4,6,1,0.874,77.2,3,35.61,SUPER_DREAM,99.0
7.95,0,0,62.8,48.7,69.5,0.514,96.8,1,2,0,0.452,58.9,3,24.58,SUPER_DREAM,81.8
7.78,0,3,68.6,47.3,40.2,-0.166,96.6,2,0,1,0.403,92.4,1,16.91,DREAM,75.7
6.51,0,0,68.3,42.0,33.2,-0.756,99.7,2,0,0,0.379,75.1,1,13.1,DREAM,66.8
7.4,0,0,60.2,54.9,69.0,0.597,99.6,3,2,1,0.57,73.6,3,26.05,SUPER_DREAM,88.0
5.21,0,0,38.8,52.7,53.1,0.121,94.3,2,2,2,0.519,50.9,3,18.25,DREAM,68.9
7.8,0,0,63.2,64.5,23.6,-0.357,99.5,2,0,2,0.653,92.1,3,20.22,SUPER_DREAM,82.0
9.17,0,0,98.1,83.8,64.8,1.315,92.6,3,6,1,0.72,100.0,3,34.47,SUPER_DREAM,99.0
5.98,0,0,40.4,44.6,37.2,-0.909,94.1,2,2,2,0.373,95.2,3,17.76,DREAM,76.9
6.96,2,1,54.2,54.8,32.6,-0.51,97.1,1,2,3,0.605,50.0,2,9.71,CORE,55.3
7.96,0,0,82.2,66.9,45.7,0.579,81.7,2,3,0,0.731,62.2,3,25.82,SUPER_DREAM,80.0
8.98,0,1,76.5,46.7,81.3,0.478,99.0,5,0,0,0.585,47.2,3,30.02,SUPER_DREAM,89.2
7.11,0,0,69.7,49.7,78.7,0.878,97.7,2,2,2,0.559,55.9,2,24.84,SUPER_DREAM,81.9
6.84,0,0,42.4,66.5,10.5,-0.907,99.8,2,2,2,0.762,69.3,1,16.11,DREAM,70.6
5.43,0,0,36.9,90.0,27.1,-0.056,99.0,1,6,1,0.795,75.9,1,18.76,DREAM,76.2
7.71,0,0,80.0,43.0,65.9,0.814,93.2,3,0,3,0.42,73.0,2,23.29,SUPER_DREAM,81.4
9.85,1,1,75.3,89.2,97.2,2.212,99.6,1,2,0,0.693,39.2,1,33.77,SUPER_DREAM,94.0
7.91,2,1,62.2,54.0,65.6,1.001,99.0,1,2,1,0.298,64.5,3,16.97,DREAM,70.9
7.58,0,0,63.8,87.0,87.6,1.87,81.9,2,3,0,0.652,72.8,3,35.07,SUPER_DREAM,97.6
7.95,0,0,52.7,43.5,61.0,0.338,92.8,2,3,0,0.424,79.2,3,24.49,SUPER_DREAM,84.5
7.59,1,1,55.9,67.2,79.7,1.061,98.0,5,0,0,0.788,71.4,3,28.48,SUPER_DREAM,91.2
6.71,0,0,53.4,29.1,33.8,-1.074,96.2,1,0,1,0.208,72.3,2,13.73,DREAM,66.2
8.51,0,0,70.6,64.1,68.1,0.948,99.9,2,0,1,0.349,61.4,3,26.09,SUPER_DREAM,85.8
7.85,1,3,78.8,60.9,37.4,-0.034,97.1,1,1,0,0.501,69.1,2,13.83,DREAM,66.0
7.62,0,0,79.7,73.8,72.6,1.335,80.7,3,3,1,0.755,100.0,2,30.78,SUPER_DREAM,95.5
6.53,1,4,40.0,31.7,41.2,-0.518,100.0,2,0,1,0.403,83.1,1,9.02,CORE,61.6
9.03,0,0,76.7,83.7,79.8,1.168,98.4,2,1,0,0.689,70.5,2,30.21,SUPER_DREAM,94.0
8.33,0,1,76.4,66.9,59.3,0.376,99.1,2,3,0,0.578,75.9,3,26.77,SUPER_DREAM,89.5
6.99,0,0,73.1,55.7,59.5,0.653,99.9,2,3,0,0.53,66.1,2,23.27,SUPER_DREAM,82.0
8.7,0,0,80.6,84.1,76.6,0.893,83.9,2,2,1,0.742,66.1,2,29.09,SUPER_DREAM,86.9
7.05,0,0,59.0,34.6,31.7,-0.768,97.9,2,3,1,0.355,79.3,2,16.42,DREAM,72.6
6.74,0,0,60.4,60.5,29.0,-0.453,95.0,2,0,1,0.358,56.0,3,15.72,DREAM,65.9
6.76,0,0,60.7,41.4,45.7,-0.046,98.1,2,0,0,0.522,63.1,3,17.06,DREAM,70.5
5.65,0,0,30.4,52.5,44.7,0.016,96.1,3,0,3,0.51,44.4,3,17.24,DREAM,66.5
8.12,0,0,68.5,69.0,96.0,1.559,99.7,2,1,1,0.505,76.6,3,35.29,SUPER_DREAM,99.0
5.59,1,1,58.4,33.5,37.5,-0.918,94.5,4,1,2,0.443,81.0,3,15.24,DREAM,70.0
6.25,0,0,45.0,35.5,58.1,-0.204,93.0,1,0,0,0.317,74.0,3,16.17,DREAM,69.6
5.32,0,0,39.7,45.0,0.0,-1.426,95.6,1,0,1,0.326,61.5,1,9.35,CORE,56.6
7.51,0,0,57.1,75.2,91.3,1.052,99.5,2,0,1,0.603,64.3,3,30.79,SUPER_DREAM,94.0
7.43,0,0,31.6,49.3,65.1,0.487,98.1,1,0,2,0.379,67.2,2,20.29,SUPER_DREAM,76.7
7.24,0,0,57.7,38.8,51.0,-0.459,84.1,2,3,1,0.42,81.4,2,18.74,DREAM,72.7
6.45,0,0,53.2,55.7,39.5,-0.144,98.7,1,6,1,0.386,80.5,2,18.68,DREAM,76.9
6.31,0,1,42.0,24.1,20.8,-1.29,96.1,4,0,0,0.436,43.5,3,15.88,DREAM,64.0
8.11,0,0,52.3,45.9,47.5,-0.653,97.3,2,0,3,0.331,51.8,2,17.31,DREAM,68.4
6.99,0,0,44.4,37.1,83.3,0.673,99.5,2,3,0,0.54,71.5,2,26.35,SUPER_DREAM,88.1
7.95,0,2,73.7,56.6,42.6,-0.044,84.2,3,0,0,0.662,44.9,1,16.67,DREAM,62.0
6.63,0,1,74.9,29.2,26.4,-1.099,99.3,1,3,1,0.242,78.8,3,15.82,DREAM,71.9
7.8,0,0,79.6,33.6,46.0,-0.485,97.0,4,0,1,0.502,60.9,2,17.72,DREAM,70.8
9.03,1,1,59.2,58.5,51.8,-0.142,98.7,2,1,0,0.436,75.6,1,16.65,DREAM,72.5
8.24,0,0,77.7,74.7,64.2,0.6,94.0,1,2,2,0.628,65.5,3,25.84,SUPER_DREAM,84.4
7.15,0,1,48.5,35.8,70.4,-0.087,96.6,3,0,1,0.498,63.5,2,20.82,SUPER_DREAM,76.4
7.88,0,0,56.8,56.9,48.6,0.263,94.5,2,0,1,0.54,48.7,3,20.4,SUPER_DREAM,72.1
7.34,0,0,52.8,82.9,28.3,-0.027,96.9,2,3,3,0.773,56.8,3,21.86,SUPER_DREAM,76.9
7.61,0,4,69.6,58.0,61.6,0.491,98.6,4,6,1,0.645,63.3,1,28.09,SUPER_DREAM,89.0
7.24,0,0,68.9,59.5,50.9,-0.296,99.4,4,2,2,0.648,62.8,3,22.81,SUPER_DREAM,80.4
7.42,0,0,58.0,43.4,72.1,0.52,99.1,4,3,1,0.491,75.9,2,26.75,SUPER_DREAM,89.5
7.83,0,0,62.4,91.5,50.8,1.044,92.8,2,3,1,0.805,55.4,3,27.13,SUPER_DREAM,84.1
6.51,0,0,55.6,39.0,38.4,-1.12,93.7,3,0,0,0.386,64.6,3,16.92,DREAM,69.2
6.48,0,0,56.6,43.1,40.1,-0.595,92.5,1,0,2,0.395,87.6,1,13.5,DREAM,67.8
6.07,0,0,59.8,60.2,39.5,-0.582,98.7,3,0,3,0.626,77.3,3,18.64,DREAM,76.1
5.84,0,0,28.0,36.7,28.0,-1.052,84.1,2,0,0,0.484,66.6,3,15.35,DREAM,64.1
6.26,0,0,47.9,44.5,30.1,-0.975,96.8,2,2,2,0.478,43.1,3,17.69,DREAM,67.2
7.78,0,0,49.9,56.6,25.0,-0.504,96.2,4,0,1,0.496,44.4,2,18.43,DREAM,68.5
6.62,0,0,50.6,43.9,34.2,-0.543,99.9,3,0,0,0.435,74.6,3,18.2,DREAM,75.2
8.16,0,0,63.9,70.0,75.9,1.563,99.3,5,0,3,0.735,76.1,2,31.52,SUPER_DREAM,97.6
7.64,0,2,60.8,66.8,72.0,0.978,93.6,2,0,0,0.529,35.8,2,23.63,SUPER_DREAM,74.6
5.43,0,0,29.7,25.8,21.7,-1.231,99.2,1,0,0,0.318,75.5,3,12.9,DREAM,66.4
8.32,0,0,50.4,55.8,88.2,1.096,96.9,4,0,2,0.454,56.6,2,29.59,SUPER_DREAM,89.7
8.49,2,1,44.8,59.9,66.4,0.358,99.8,2,3,1,0.653,58.9,2,19.2,DREAM,73.7
6.51,0,1,48.5,27.0,19.0,-1.14,96.8,4,2,1,0.509,78.3,1,14.09,DREAM,68.2
8.06,0,0,60.5,41.4,32.0,-0.339,98.1,3,3,2,0.485,76.0,1,18.15,DREAM,74.9
6.66,0,2,43.5,52.4,66.8,0.764,94.3,4,3,0,0.635,63.5,1,23.59,SUPER_DREAM,80.3
7.71,0,0,77.9,72.9,50.8,0.521,99.2,3,3,0,0.696,75.3,3,26.54,SUPER_DREAM,89.0
6.21,0,2,36.8,55.5,17.7,-1.153,99.6,3,0,3,0.581,59.5,3,15.97,DREAM,68.4
5.63,0,0,58.3,5.0,0.0,-2.058,99.4,1,3,0,0.185,53.2,2,10.96,CORE,58.7
7.18,0,0,76.3,50.5,44.0,0.005,97.5,5,1,1,0.636,83.9,3,22.39,SUPER_DREAM,83.3
7.46,0,0,36.2,41.7,61.9,0.797,99.1,1,0,0,0.4,84.9,1,20.01,SUPER_DREAM,80.0
7.16,2,1,57.7,55.8,38.4,-0.579,97.7,0,2,2,0.321,55.3,3,10.64,CORE,58.1
6.3,0,0,43.2,38.4,21.6,-0.824,68.6,2,0,3,0.432,57.0,3,14.87,DREAM,56.7
7.16,0,0,21.7,62.0,41.0,0.137,99.7,3,0,0,0.593,78.4,3,20.4,SUPER_DREAM,79.6
7.9,0,0,46.6,61.6,82.1,1.093,98.6,3,0,1,0.645,54.6,2,27.39,SUPER_DREAM,86.2
7.55,2,2,69.8,31.5,30.5,-0.545,97.2,2,1,2,0.271,77.0,2,8.0,CORE,57.9
7.8,1,1,87.2,47.3,47.1,-0.022,99.3,3,3,2,0.547,49.6,1,16.2,DREAM,66.7
6.86,0,0,64.5,50.6,69.1,0.305,97.9,3,0,1,0.53,60.7,3,21.75,SUPER_DREAM,77.8
8.89,0,0,77.8,74.0,80.6,1.362,99.6,2,2,0,0.763,79.7,2,31.83,SUPER_DREAM,98.9
6.31,0,0,47.8,24.7,43.9,-0.974,99.7,2,0,1,0.314,50.5,2,13.96,DREAM,63.3
8.14,0,0,86.6,43.0,51.0,-0.252,99.1,2,0,2,0.46,56.2,1,15.65,DREAM,67.1
8.9,1,2,99.8,73.7,72.4,1.355,99.0,4,0,3,0.72,70.6,3,28.26,SUPER_DREAM,90.9
8.13,0,0,59.2,44.8,52.9,0.278,97.1,4,3,1,0.578,38.0,2,23.47,SUPER_DREAM,75.9
7.38,0,0,34.8,32.8,38.1,-0.636,83.8,0,6,0,0.267,66.1,3,21.41,SUPER_DREAM,74.0
7.02,0,0,30.0,46.0,29.8,-0.912,94.8,1,0,0,0.353,82.4,2,14.38,DREAM,68.9
8.74,0,0,88.3,64.3,84.0,1.42,93.0,0,6,3,0.416,78.0,3,34.58,SUPER_DREAM,99.0
6.03,0,0,44.8,29.1,36.3,-0.611,98.7,2,2,1,0.259,64.3,3,16.47,DREAM,69.9
6.53,0,0,52.5,37.0,49.1,-0.88,99.2,2,0,2,0.373,65.3,1,14.42,DREAM,66.9
7.16,0,0,35.1,54.0,53.7,0.225,96.8,2,1,1,0.446,87.4,2,20.54,SUPER_DREAM,80.7
8.96,0,0,65.6,63.5,80.5,1.127,99.7,3,3,2,0.648,85.6,1,29.4,SUPER_DREAM,96.0
8.02,0,0,61.6,64.2,56.6,0.769,90.1,2,1,0,0.506,63.6,2,22.94,SUPER_DREAM,78.0
6.54,0,0,52.8,41.6,34.8,-0.511,99.2,1,1,1,0.341,55.6,2,14.38,DREAM,64.8
7.26,0,0,52.8,57.2,37.4,-0.088,93.8,2,1,3,0.445,77.9,2,16.68,DREAM,71.5
6.92,0,1,41.8,63.5,22.6,-0.696,89.7,0,0,1,0.536,82.0,3,15.69,DREAM,69.5
6.82,0,0,43.8,61.8,26.6,-0.465,82.1,3,0,0,0.614,85.7,3,18.69,DREAM,72.9
8.68,0,0,86.3,88.5,62.5,1.429,94.8,2,2,0,0.741,73.8,2,29.08,SUPER_DREAM,91.7
6.09,2,1,48.8,53.7,9.2,-1.168,98.3,2,2,0,0.544,59.7,2,7.23,CORE,53.5
9.37,0,0,86.0,81.4,52.6,0.757,99.3,2,2,3,0.832,40.0,1,24.15,SUPER_DREAM,78.0
8.51,0,0,59.3,62.6,85.9,0.867,98.6,2,2,0,0.564,94.1,3,31.38,SUPER_DREAM,99.0
8.8,0,0,37.6,66.4,74.6,1.046,97.3,2,0,2,0.465,89.0,2,27.6,SUPER_DREAM,93.0
7.09,0,0,49.6,40.7,42.0,-1.031,98.6,1,0,0,0.44,53.5,3,16.57,DREAM,67.9
7.44,0,0,49.0,56.8,95.1,1.335,99.9,2,3,0,0.409,67.9,2,31.7,SUPER_DREAM,96.4
6.02,0,0,49.4,51.0,7.6,-1.232,83.5,1,1,2,0.377,61.7,2,12.53,DREAM,58.3
7.02,0,1,94.7,42.1,66.8,0.577,100.0,2,2,2,0.51,66.0,3,23.21,SUPER_DREAM,81.9
8.14,0,2,74.8,64.1,60.7,0.303,99.1,3,0,0,0.602,59.0,2,22.46,SUPER_DREAM,79.0
9.03,0,0,100.0,64.8,87.4,1.531,98.7,2,0,0,0.528,75.4,3,31.93,SUPER_DREAM,97.9
6.38,0,0,55.6,48.1,43.5,0.21,67.9,3,0,1,0.539,48.0,2,14.1,DREAM,53.5
7.2,0,0,49.4,46.5,17.7,-1.232,98.6,1,2,0,0.386,59.1,2,15.14,DREAM,66.6
7.43,0,0,63.5,46.4,55.9,-0.358,99.7,0,2,3,0.269,78.1,3,19.11,DREAM,77.4
6.06,0,0,67.0,32.2,43.8,-0.455,94.6,1,2,1,0.356,35.4,1,13.96,DREAM,58.7
8.25,0,2,89.5,72.8,24.6,-0.665,92.9,1,3,1,0.668,69.6,1,18.92,DREAM,73.3
6.8,0,0,46.1,48.5,81.6,0.673,99.2,2,0,0,0.57,56.8,2,24.18,SUPER_DREAM,81.4
7.39,0,2,61.9,50.2,59.2,0.558,88.2,2,0,0,0.516,89.2,2,20.18,SUPER_DREAM,78.0
7.1,1,1,38.9,56.8,62.3,1.069,95.7,3,0,1,0.521,69.9,3,22.28,SUPER_DREAM,79.8
6.73,0,1,62.2,43.2,24.8,-1.191,99.7,3,1,0,0.382,53.2,3,17.19,DREAM,69.2
7.59,0,0,79.6,74.3,68.5,0.821,97.9,3,3,1,0.515,86.8,2,27.2,SUPER_DREAM,92.1
7.36,0,0,59.1,42.4,73.0,0.404,93.4,2,3,2,0.499,65.3,3,24.94,SUPER_DREAM,82.6
7.19,0,0,48.9,51.5,55.9,0.041,99.6,1,2,0,0.436,67.0,3,19.9,DREAM,76.4
6.8,0,0,57.3,30.1,46.4,0.075,84.5,2,2,1,0.297,78.3,2,16.95,DREAM,69.3
7.95,0,0,69.5,57.6,44.3,-0.177,98.3,1,3,2,0.309,55.9,3,19.57,DREAM,73.3
9.42,0,0,80.2,55.1,74.1,0.71,99.2,2,2,1,0.411,86.7,3,29.42,SUPER_DREAM,96.1
7.75,0,0,64.7,70.7,48.8,0.865,96.4,3,0,3,0.534,73.7,3,23.98,SUPER_DREAM,83.6
8.7,0,0,69.9,81.4,79.6,1.69,99.8,2,2,0,0.805,55.4,2,32.96,SUPER_DREAM,95.9
6.07,2,1,57.7,52.8,22.6,-0.473,95.1,0,2,1,0.42,58.5,2,6.23,CORE,50.6
7.77,0,0,71.6,60.9,68.4,0.5,81.3,4,2,0,0.562,46.2,3,25.67,SUPER_DREAM,76.4
6.39,0,0,37.1,33.0,26.6,-1.201,92.3,1,0,3,0.422,69.6,2,12.47,DREAM,62.4
5.98,0,0,32.6,29.5,32.0,-1.262,99.4,4,0,0,0.389,62.3,3,15.21,DREAM,67.6
6.79,0,3,49.8,71.1,57.5,0.888,97.5,3,1,1,0.705,69.7,3,24.62,SUPER_DREAM,84.2
8.91,0,0,83.0,93.1,59.3,1.508,98.8,2,0,2,0.8,39.5,3,28.21,SUPER_DREAM,84.6
8.65,0,0,73.2,71.8,80.4,1.17,68.0,1,1,3,0.555,57.1,3,31.47,SUPER_DREAM,84.3
7.87,0,0,56.0,54.3,69.4,0.558,84.3,4,0,3,0.596,50.3,3,25.83,SUPER_DREAM,78.4
5.91,0,2,47.3,59.2,31.1,-0.479,96.4,3,1,1,0.597,72.4,1,15.67,DREAM,69.5
7.38,0,1,54.9,46.5,74.5,0.202,99.9,1,0,1,0.363,56.0,1,18.59,DREAM,72.2
7.93,0,0,74.9,65.5,61.6,0.454,42.6,2,3,1,0.598,72.1,2,22.29,SUPER_DREAM,64.4
7.79,0,0,66.9,79.7,78.4,1.676,96.5,2,0,1,0.701,57.0,3,30.07,SUPER_DREAM,90.5
5.57,0,0,36.9,24.6,64.1,-0.347,67.9,1,1,1,0.19,89.4,2,14.82,DREAM,63.0
6.62,0,0,54.0,59.4,40.1,-0.08,99.6,1,0,2,0.564,65.8,2,14.95,DREAM,67.9
7.53,0,0,76.1,65.1,67.0,0.419,99.3,1,0,1,0.449,78.7,3,23.23,SUPER_DREAM,84.3
8.19,1,1,60.1,64.5,51.8,0.302,98.6,0,2,2,0.483,63.3,3,18.28,DREAM,72.7
5.18,1,3,41.7,18.1,8.6,-2.048,99.2,1,0,0,0.16,78.8,3,8.34,CORE,59.4
7.42,0,0,58.4,46.5,50.5,-0.42,95.0,1,2,1,0.316,53.4,3,19.02,DREAM,70.9
7.76,0,0,67.7,64.4,33.6,0.032,99.9,1,0,1,0.488,64.4,2,16.34,DREAM,70.1
8.53,0,0,62.5,49.0,50.5,0.249,97.1,1,1,0,0.35,58.0,3,20.99,SUPER_DREAM,75.7
8.36,0,1,69.9,68.8,76.0,0.865,84.8,4,2,0,0.774,93.0,3,32.74,SUPER_DREAM,98.6
8.24,0,1,80.7,73.2,54.6,0.539,94.7,2,3,0,0.625,47.2,2,24.47,SUPER_DREAM,78.6
6.72,0,0,41.0,62.7,58.4,0.52,98.8,2,1,3,0.669,96.1,2,23.04,SUPER_DREAM,87.3
5.5,0,0,24.1,15.9,36.4,-1.634,97.2,2,3,3,0.155,44.4,3,17.21,DREAM,66.7
7.17,0,0,41.2,72.3,84.3,1.056,99.7,0,3,0,0.33,76.0,1,26.24,SUPER_DREAM,88.9
8.7,0,0,58.0,94.5,78.9,2.141,94.8,4,0,1,0.933,55.7,3,36.45,SUPER_DREAM,99.0
9.13,0,2,83.5,81.2,94.6,1.644,99.9,2,3,1,0.826,68.8,3,36.56,SUPER_DREAM,99.0
8.38,0,0,51.9,52.7,72.8,1.115,99.9,2,2,1,0.528,62.4,3,29.95,SUPER_DREAM,92.4
8.07,1,1,62.1,59.2,67.5,0.305,99.9,4,0,0,0.579,52.5,3,23.21,SUPER_DREAM,79.2
8.02,0,0,72.6,62.5,82.2,1.413,99.8,3,3,3,0.536,66.2,2,32.7,SUPER_DREAM,97.7
6.99,2,1,59.9,55.7,60.9,0.347,98.7,2,0,3,0.672,58.7,3,15.55,DREAM,67.3
7.46,0,0,54.9,57.3,58.3,0.343,96.9,4,1,0,0.611,73.6,2,22.34,SUPER_DREAM,81.0
9.44,0,1,81.7,82.7,81.9,2.169,99.3,4,1,1,0.738,49.9,2,34.95,SUPER_DREAM,98.0
6.56,0,0,51.9,45.9,53.4,-0.354,97.3,5,2,0,0.717,72.1,1,19.34,DREAM,75.8
9.38,0,0,76.1,81.9,65.4,1.278,97.0,1,2,1,0.621,78.0,1,27.34,SUPER_DREAM,90.3
7.25,0,0,54.9,48.3,39.1,-0.196,95.2,5,0,2,0.476,63.4,3,19.8,DREAM,74.2
9.06,0,0,100.0,69.9,99.4,2.885,84.7,2,0,1,0.776,45.2,3,40.26,SUPER_DREAM,99.0
6.05,0,0,55.2,33.5,71.2,-0.017,99.7,3,0,1,0.461,91.0,2,19.01,DREAM,79.8
8.24,0,0,97.2,92.5,47.2,0.579,99.7,1,0,3,0.587,72.0,3,22.87,SUPER_DREAM,82.4
6.79,1,3,46.9,70.2,34.4,0.181,99.1,1,3,2,0.663,54.2,3,16.84,DREAM,68.6
6.04,0,0,44.4,49.2,58.1,0.167,98.7,1,2,0,0.321,72.4,3,18.81,DREAM,75.4
7.84,0,1,47.4,79.8,68.7,1.018,68.8,2,1,1,0.59,39.9,2,24.78,SUPER_DREAM,69.9
8.71,0,4,62.4,82.0,81.7,1.878,99.4,1,0,2,0.563,82.6,2,29.08,SUPER_DREAM,94.8
6.67,0,0,74.5,50.9,61.2,0.274,98.1,1,1,0,0.572,96.9,2,20.66,SUPER_DREAM,83.2
5.95,0,0,38.2,19.4,32.1,-1.417,99.2,5,0,0,0.599,77.4,3,16.69,DREAM,73.0
7.5,0,0,83.0,53.8,60.9,0.622,99.1,3,2,2,0.513,50.0,3,24.59,SUPER_DREAM,80.7
7.5,0,0,45.1,52.9,59.6,0.457,99.8,2,0,0,0.626,35.2,3,21.64,SUPER_DREAM,73.0
8.2,0,0,54.4,49.4,48.0,-0.167,83.2,3,1,1,0.343,85.5,2,18.36,DREAM,72.7
8.64,2,3,67.4,49.3,74.4,0.61,97.9,2,2,1,0.538,62.8,1,18.07,DREAM,72.0
7.53,0,0,59.6,64.8,77.7,0.852,97.2,1,6,2,0.623,59.1,2,30.32,SUPER_DREAM,91.5
9.64,0,0,92.5,85.6,74.7,1.67,95.3,2,0,2,0.84,82.5,1,31.32,SUPER_DREAM,97.3
7.85,0,0,68.9,45.0,61.9,0.149,82.1,3,0,3,0.501,56.1,3,22.08,SUPER_DREAM,72.7
7.22,0,2,52.2,44.0,55.3,-0.191,99.5,1,6,0,0.413,76.4,2,22.58,SUPER_DREAM,82.8
5.83,0,0,41.7,55.4,29.8,-0.884,84.5,2,1,1,0.45,65.4,1,11.68,CORE,57.9
7.31,0,0,54.3,43.1,64.9,0.428,95.1,2,2,1,0.424,68.7,3,24.23,SUPER_DREAM,82.6
7.23,0,0,46.3,56.9,39.5,-0.329,41.9,2,2,3,0.505,89.4,1,14.42,DREAM,54.5
8.66,0,0,60.9,67.6,92.9,1.033,82.0,1,0,0,0.515,57.7,2,30.19,SUPER_DREAM,86.4
8.11,0,3,78.4,71.3,73.6,0.772,97.5,3,0,0,0.77,56.3,1,25.28,SUPER_DREAM,82.6
6.3,0,1,26.1,32.3,23.8,-1.21,94.4,2,0,0,0.364,62.0,3,13.39,DREAM,63.0
7.79,0,0,82.3,61.9,89.0,1.348,96.2,3,2,1,0.749,47.0,3,33.42,SUPER_DREAM,94.0
8.34,0,0,64.3,69.1,68.1,0.851,99.7,4,3,1,0.743,79.0,3,31.23,SUPER_DREAM,97.8
9.28,0,0,68.5,80.3,63.4,0.892,99.1,4,2,1,0.977,77.1,3,32.5,SUPER_DREAM,99.0
8.58,0,0,79.6,70.4,87.8,1.1,99.1,3,1,0,0.771,64.9,1,29.59,SUPER_DREAM,92.0
8.44,0,0,87.2,72.6,75.1,0.945,98.4,1,0,2,0.561,51.1,3,26.03,SUPER_DREAM,83.1
7.67,0,0,75.1,90.0,25.1,0.408,98.8,3,1,1,0.824,23.8,2,21.3,SUPER_DREAM,69.9
8.03,0,0,71.3,99.2,51.9,1.35,98.8,2,3,1,0.747,52.5,2,27.5,SUPER_DREAM,86.0
8.97,0,3,87.8,64.8,77.7,1.3,68.4,3,3,1,0.646,61.5,3,33.71,SUPER_DREAM,89.0
6.13,0,0,25.7,10.0,0.0,-2.153,98.9,4,0,2,0.232,36.5,1,11.0,CORE,55.3
7.22,1,2,50.9,62.7,53.1,0.619,99.4,2,0,0,0.665,100.0,1,17.04,DREAM,78.2
6.75,0,0,41.6,51.9,48.8,-0.334,97.8,2,2,3,0.456,71.2,2,19.89,DREAM,76.7
8.02,0,0,79.9,78.0,39.9,0.268,96.9,1,1,0,0.635,73.2,1,18.73,DREAM,74.9
8.95,1,1,69.9,77.5,77.3,1.033,98.7,2,2,3,0.48,62.8,3,26.53,SUPER_DREAM,86.4
6.94,0,0,64.6,52.2,48.5,-0.333,92.9,2,1,2,0.464,76.1,3,18.83,DREAM,74.5
5.0,0,0,41.4,45.8,3.6,-1.367,98.5,2,0,1,0.411,60.5,3,12.5,DREAM,62.5
7.15,0,0,46.1,71.4,67.3,1.231,99.9,2,0,0,0.693,62.6,1,23.45,SUPER_DREAM,81.6
8.6,0,0,64.0,50.2,83.3,0.947,98.9,3,0,3,0.573,86.1,2,29.98,SUPER_DREAM,96.9
8.19,2,2,82.4,53.7,58.1,0.811,100.0,2,0,0,0.577,81.5,1,14.28,DREAM,70.1
8.07,0,1,56.4,62.3,58.3,0.558,97.8,5,0,2,0.772,64.8,3,28.27,SUPER_DREAM,89.4
7.29,0,0,59.4,56.6,65.6,0.366,98.6,3,0,2,0.675,95.3,3,26.12,SUPER_DREAM,92.2
6.19,0,0,37.5,40.0,35.7,-0.956,99.7,5,0,0,0.613,63.8,2,17.68,DREAM,72.1
8.17,0,0,62.9,70.9,28.2,0.071,98.4,3,0,3,0.566,57.4,3,21.02,SUPER_DREAM,76.0
6.68,0,0,51.3,62.5,54.0,0.406,95.4,2,0,1,0.55,66.9,1,17.32,DREAM,70.9
10.0,0,0,75.6,100.0,70.4,1.814,99.2,2,1,1,0.817,69.5,3,36.19,SUPER_DREAM,99.0
8.23,0,0,55.8,73.6,56.7,-0.124,91.9,3,3,3,0.434,47.1,2,22.82,SUPER_DREAM,75.0
6.96,0,0,58.0,39.6,74.8,0.61,88.6,3,0,1,0.376,72.3,2,23.81,SUPER_DREAM,80.7
6.93,0,0,44.1,49.1,45.7,-0.299,96.9,3,0,1,0.687,96.7,2,17.79,DREAM,78.1
7.5,0,0,50.2,56.4,55.0,-0.14,96.6,3,0,1,0.553,79.3,2,20.73,SUPER_DREAM,79.4
7.34,0,0,47.1,62.9,62.2,0.606,98.9,4,3,1,0.672,75.0,3,28.76,SUPER_DREAM,92.6
8.83,0,0,72.4,77.5,80.0,1.78,84.0,1,0,0,0.429,72.2,1,28.83,SUPER_DREAM,87.7
7.81,0,3,74.4,89.6,42.1,1.235,88.8,2,0,0,0.639,50.0,3,23.94,SUPER_DREAM,76.6
6.8,0,2,71.0,43.3,45.5,-0.198,84.1,2,3,0,0.462,50.1,3,19.41,DREAM,67.6
9.68,0,0,73.1,86.9,81.8,1.479,99.8,1,0,0,0.631,67.4,2,32.44,SUPER_DREAM,97.5
7.65,0,0,87.3,92.2,61.7,0.965,94.7,5,6,2,0.856,58.6,2,31.76,SUPER_DREAM,93.0
8.45,0,1,57.4,59.7,71.6,1.13,92.5,3,3,0,0.702,43.3,1,27.27,SUPER_DREAM,81.9
6.93,2,2,67.3,53.3,94.7,1.109,99.0,2,2,1,0.437,59.7,1,22.01,SUPER_DREAM,78.3
8.0,1,1,56.3,49.8,39.8,-0.123,44.6,2,2,1,0.364,71.8,3,14.76,DREAM,52.3
7.94,0,0,54.0,63.5,77.9,1.197,91.6,3,0,3,0.628,73.7,3,29.49,SUPER_DREAM,91.4
5.52,0,4,31.3,24.8,52.6,-0.372,68.7,0,2,1,0.108,52.5,3,16.04,DREAM,57.8
9.82,0,0,82.5,97.6,91.7,1.733,93.3,2,0,2,0.738,64.3,3,36.41,SUPER_DREAM,99.0
9.02,1,1,82.2,76.3,61.5,0.764,94.7,2,1,1,0.649,71.2,2,21.95,SUPER_DREAM,79.2
7.16,1,2,64.7,40.7,80.9,0.304,69.6,4,0,0,0.473,46.0,2,20.59,SUPER_DREAM,64.4
6.39,0,0,37.5,57.0,2.2,-1.47,99.7,3,0,0,0.446,53.4,1,12.95,DREAM,62.2
7.98,0,2,52.9,65.3,48.5,0.536,93.6,2,1,1,0.622,64.8,1,19.56,DREAM,73.6
7.7,0,0,51.0,73.0,78.4,1.682,97.0,4,1,0,0.82,51.4,3,33.55,SUPER_DREAM,95.3
7.99,1,3,63.6,46.8,54.2,0.128,97.4,4,0,1,0.548,60.1,2,17.68,DREAM,70.7
7.81,0,0,60.6,66.1,87.5,1.274,94.4,2,1,1,0.632,100.0,2,30.44,SUPER_DREAM,99.0
8.16,0,3,55.2,75.6,35.7,0.558,96.2,1,2,2,0.559,42.4,2,20.55,SUPER_DREAM,71.6
9.19,0,0,80.2,70.2,55.3,0.387,94.8,3,1,0,0.518,86.4,3,25.48,SUPER_DREAM,88.2
8.22,0,1,94.4,47.8,54.1,-0.26,99.8,2,1,1,0.527,70.1,3,21.09,SUPER_DREAM,79.1
6.45,0,0,43.4,45.3,49.9,0.111,96.2,2,2,0,0.429,46.6,1,14.73,DREAM,62.7
9.1,0,0,70.8,92.3,70.2,1.589,99.4,0,3,2,0.658,75.2,2,31.43,SUPER_DREAM,97.3
9.4,0,0,85.8,94.2,69.0,1.292,97.5,2,1,1,0.771,65.6,2,30.25,SUPER_DREAM,92.8
10.0,0,1,78.3,79.0,100.0,2.11,100.0,2,3,1,0.658,83.1,1,39.59,SUPER_DREAM,99.0
6.36,0,0,56.7,27.0,68.6,0.232,99.8,3,0,2,0.381,74.9,3,20.48,SUPER_DREAM,79.1
7.87,0,0,55.0,55.5,51.9,0.23,98.1,0,0,1,0.401,67.9,3,20.21,SUPER_DREAM,76.7
5.31,0,0,60.1,26.8,0.0,-1.825,99.6,2,2,0,0.409,60.4,3,12.4,DREAM,62.6
8.21,0,3,71.2,71.5,24.7,-0.481,99.9,3,0,2,0.716,82.5,2,20.39,SUPER_DREAM,80.5
7.0,0,0,47.5,50.5,53.3,0.266,98.7,0,3,1,0.448,59.1,3,20.21,SUPER_DREAM,75.1
9.72,0,0,75.1,71.3,93.4,1.734,99.2,3,0,2,0.8,44.0,2,34.04,SUPER_DREAM,95.3
6.75,0,0,46.3,64.7,47.1,0.065,96.8,1,2,1,0.384,36.6,3,16.23,DREAM,63.4
5.74,0,0,58.9,40.1,32.6,-0.792,91.6,3,2,0,0.563,46.5,3,17.74,DREAM,66.3
7.08,0,0,40.6,59.0,35.5,-0.285,98.1,2,0,1,0.585,77.0,1,16.27,DREAM,72.0
5.43,0,0,31.3,10.5,41.9,-1.465,99.3,2,2,0,0.233,59.6,3,14.87,DREAM,66.5
8.43,0,2,62.5,33.7,96.3,0.874,98.8,2,2,2,0.435,53.4,3,31.97,SUPER_DREAM,93.6
5.33,0,1,38.1,13.5,0.0,-2.211,42.6,1,6,1,0.133,58.5,1,9.82,CORE,40.8
7.63,0,0,58.1,52.2,55.2,-0.206,99.9,1,1,0,0.474,77.4,2,19.01,DREAM,77.1
5.31,0,0,20.2,41.5,11.3,-1.516,99.2,4,1,1,0.446,74.5,3,16.81,DREAM,72.7
7.25,0,0,52.7,21.9,25.1,-0.592,96.5,2,3,2,0.161,67.4,2,14.3,DREAM,66.3
9.41,0,0,77.9,100.0,57.6,0.888,99.0,5,0,2,1.0,56.0,3,31.59,SUPER_DREAM,93.5
8.0,0,1,57.4,65.4,67.8,0.726,98.0,4,0,1,0.692,59.1,2,26.56,SUPER_DREAM,85.5
6.65,0,0,59.7,67.2,52.1,0.157,99.8,4,0,0,0.71,63.0,3,21.67,SUPER_DREAM,78.7
7.57,0,0,71.7,45.8,82.1,0.844,92.0,2,6,1,0.377,51.6,1,27.79,SUPER_DREAM,84.2
7.62,0,0,60.3,65.9,56.6,0.271,99.8,1,0,2,0.552,63.3,2,18.63,DREAM,73.7
8.12,1,2,69.0,65.5,30.8,-0.339,96.0,4,2,1,0.664,50.8,3,19.23,DREAM,71.0
6.1,0,0,20.0,53.5,33.9,-0.629,99.8,1,1,1,0.431,70.5,2,13.86,DREAM,67.1
8.25,0,0,62.5,62.5,39.1,0.238,95.6,2,0,1,0.519,72.2,3,20.33,SUPER_DREAM,77.0
5.0,0,0,47.1,36.6,3.3,-1.645,99.1,4,3,2,0.432,81.8,3,17.28,DREAM,74.9
6.91,2,1,49.0,66.4,58.3,0.277,83.0,2,1,1,0.568,68.9,2,12.16,DREAM,59.0
7.06,1,2,46.8,43.6,53.3,0.221,96.3,1,2,0,0.46,68.4,3,15.78,DREAM,68.9
8.3,0,0,95.3,69.7,75.1,0.86,100.0,2,0,0,0.57,52.5,2,26.58,SUPER_DREAM,84.8
7.62,0,0,83.1,32.4,50.1,-0.818,99.4,5,0,0,0.517,64.3,1,18.41,DREAM,73.4
6.05,0,2,51.1,51.4,51.9,0.084,95.2,5,2,3,0.639,49.7,1,18.61,DREAM,69.5
6.52,0,0,63.8,74.0,35.8,0.626,99.0,3,0,2,0.647,39.4,2,19.29,DREAM,69.7
7.82,0,0,36.5,43.6,78.9,0.191,97.5,4,1,2,0.643,61.0,1,23.32,SUPER_DREAM,80.3
7.51,0,0,50.7,56.4,61.4,0.069,44.7,0,0,1,0.286,57.4,3,15.92,DREAM,51.4
6.96,0,0,49.0,63.9,44.8,0.349,97.7,1,3,1,0.501,74.2,2,19.67,DREAM,76.9
7.07,0,0,52.9,53.2,53.7,-0.018,44.8,2,2,0,0.425,50.6,3,18.39,DREAM,54.2
8.37,0,1,62.8,69.3,65.1,1.022,97.5,0,2,1,0.531,100.0,3,26.21,SUPER_DREAM,92.9
7.03,0,0,24.7,46.9,78.1,0.529,99.2,2,0,2,0.459,57.8,2,22.38,SUPER_DREAM,78.6
7.5,0,0,64.7,51.5,59.5,0.357,83.7,1,1,0,0.515,63.9,3,22.91,SUPER_DREAM,76.1
9.99,0,1,91.4,83.6,84.8,2.241,99.6,2,0,0,0.764,56.5,3,36.57,SUPER_DREAM,99.0
6.03,0,0,64.6,42.0,33.1,-1.026,98.0,0,0,0,0.3,76.7,3,12.46,DREAM,65.5
5.56,0,0,31.2,19.7,46.9,-0.392,99.2,1,0,0,0.257,61.8,3,13.67,DREAM,64.9
8.46,0,0,59.2,67.2,79.3,1.426,69.0,4,3,2,0.777,50.3,3,32.42,SUPER_DREAM,84.8
6.85,0,2,21.4,72.3,42.3,-0.23,97.9,1,6,1,0.493,37.5,3,23.36,SUPER_DREAM,75.8
7.25,0,2,54.0,48.9,31.2,-0.419,94.6,1,2,1,0.464,73.6,3,17.01,DREAM,71.5
6.74,1,3,63.2,31.8,29.7,-0.952,96.2,1,1,2,0.307,74.7,1,9.05,CORE,58.9
7.31,1,2,50.8,53.3,49.5,0.078,97.3,3,1,2,0.593,70.1,3,18.18,DREAM,73.5
9.36,0,0,100.0,67.9,100.0,1.96,98.3,2,0,2,0.563,61.8,3,36.32,SUPER_DREAM,99.0
8.48,0,0,66.7,49.6,62.3,0.255,84.7,2,3,1,0.399,60.2,3,26.16,SUPER_DREAM,81.1
8.55,1,1,72.2,71.0,56.9,0.647,97.7,0,2,0,0.414,76.7,3,22.58,SUPER_DREAM,82.3
6.04,0,0,29.1,31.5,5.8,-1.623,100.0,2,2,0,0.1,63.5,3,13.54,DREAM,65.3
6.33,0,0,51.8,35.9,68.2,0.49,96.7,1,3,1,0.255,81.9,2,21.32,SUPER_DREAM,80.9
5.0,0,0,11.2,32.1,35.2,-1.258,99.3,2,3,0,0.54,63.5,1,12.4,DREAM,63.2
6.71,0,0,60.4,27.3,59.8,0.229,99.8,2,0,3,0.377,63.0,2,18.67,DREAM,73.6
8.65,0,2,80.2,45.8,86.1,0.653,99.6,4,1,1,0.586,70.6,1,29.33,SUPER_DREAM,92.9
8.17,0,0,83.0,74.2,60.1,1.015,93.4,1,6,2,0.657,85.9,2,29.46,SUPER_DREAM,94.3
7.36,0,0,46.3,28.9,54.8,-0.254,97.0,3,2,2,0.361,82.7,3,19.78,DREAM,78.6
7.58,0,4,62.7,44.7,82.7,0.49,44.5,0,3,2,0.281,64.3,2,21.61,SUPER_DREAM,62.2
6.84,0,0,60.2,25.1,50.3,-0.33,93.4,2,0,2,0.272,59.4,2,14.86,DREAM,64.7
7.83,0,0,68.6,54.3,69.5,0.386,99.7,1,0,0,0.381,46.9,3,21.83,SUPER_DREAM,75.7
8.44,0,0,59.0,73.9,82.0,1.757,82.4,4,0,2,0.705,75.4,1,32.27,SUPER_DREAM,93.6
5.82,1,1,14.5,40.6,46.4,-0.508,97.9,1,0,0,0.343,38.2,1,6.53,CORE,47.9
7.93,0,1,68.5,95.7,57.8,0.701,96.6,2,3,3,0.795,90.6,2,27.4,SUPER_DREAM,92.7
8.63,0,1,69.4,85.1,67.9,1.699,94.0,1,1,2,0.762,77.6,3,31.28,SUPER_DREAM,95.9
7.14,0,1,49.6,40.5,64.7,0.307,99.0,2,6,0,0.486,53.8,3,25.07,SUPER_DREAM,82.2
8.37,0,0,77.9,50.3,79.4,1.149,98.0,2,0,3,0.353,83.5,2,27.15,SUPER_DREAM,91.4
10.0,0,2,84.5,100.0,100.0,2.245,99.0,0,0,0,0.676,73.2,3,39.28,SUPER_DREAM,99.0
7.49,0,2,44.0,72.2,64.7,0.319,99.9,3,0,1,0.597,72.0,3,24.29,SUPER_DREAM,84.9
8.03,0,0,42.1,71.6,72.1,1.599,97.4,3,0,1,0.473,61.0,3,30.41,SUPER_DREAM,92.1
6.79,0,0,39.3,50.7,38.4,-0.335,98.0,1,2,3,0.422,73.3,2,15.99,DREAM,70.7
7.8,1,3,91.7,64.6,48.1,0.384,98.9,2,0,3,0.619,43.7,2,17.36,DREAM,67.4
8.11,1,2,74.7,43.4,76.3,0.855,99.3,2,0,1,0.43,65.9,2,21.21,SUPER_DREAM,78.3
7.81,0,2,65.4,63.2,48.4,0.116,84.2,3,2,1,0.657,54.8,3,23.0,SUPER_DREAM,74.6
6.48,0,2,47.6,47.3,42.4,-0.216,97.3,3,0,0,0.484,60.7,1,14.74,DREAM,65.9
7.83,0,0,60.3,48.4,83.7,1.459,97.4,1,0,1,0.317,54.7,2,24.84,SUPER_DREAM,81.5
9.21,0,0,91.1,68.8,97.5,1.789,96.6,3,1,0,0.632,55.4,2,35.67,SUPER_DREAM,99.0
8.09,0,0,60.0,85.2,67.6,1.514,92.1,1,2,1,0.766,84.3,2,27.7,SUPER_DREAM,90.7
8.66,0,0,78.5,68.5,63.6,0.179,97.2,1,3,1,0.569,43.5,2,24.09,SUPER_DREAM,78.0
7.34,1,1,54.2,84.7,50.9,1.057,99.4,3,2,2,0.651,71.1,1,21.05,SUPER_DREAM,79.1
8.42,0,0,92.5,43.3,81.7,0.361,99.8,1,3,0,0.374,48.0,2,25.93,SUPER_DREAM,82.8
7.91,0,0,73.0,54.7,59.2,0.673,92.1,1,0,1,0.545,84.8,2,20.81,SUPER_DREAM,79.3
6.55,0,0,65.5,25.4,33.6,-0.866,99.8,2,0,0,0.359,71.4,2,13.59,DREAM,66.9
7.95,0,0,57.5,45.5,82.3,0.85,92.0,3,3,1,0.602,43.9,3,30.51,SUPER_DREAM,87.2
6.51,0,0,62.8,35.0,46.4,-0.438,95.8,1,3,1,0.186,70.0,3,18.0,DREAM,72.8
6.9,0,0,50.3,55.4,37.5,-0.345,98.5,2,2,1,0.518,54.6,3,20.52,SUPER_DREAM,74.7
7.81,0,0,64.4,64.6,67.3,0.566,44.1,1,1,1,0.485,68.4,3,22.88,SUPER_DREAM,65.1
7.93,0,0,83.9,52.7,77.6,0.82,93.5,2,0,2,0.536,45.1,3,26.44,SUPER_DREAM,81.1
6.29,0,3,35.4,13.0,22.4,-0.906,97.3,3,0,1,0.203,83.5,3,14.42,DREAM,69.9
8.76,0,0,75.0,92.0,66.5,1.727,92.2,2,0,0,0.695,35.0,2,28.26,SUPER_DREAM,81.8
8.23,0,0,72.5,61.5,59.3,0.248,99.8,3,0,1,0.61,52.9,2,22.32,SUPER_DREAM,77.7
6.82,0,0,59.5,34.4,55.0,-0.08,91.7,2,2,1,0.287,48.8,3,19.78,DREAM,70.2
5.91,0,0,38.7,43.8,47.3,-0.176,97.9,2,0,0,0.448,70.7,3,16.12,DREAM,70.4
7.44,0,0,84.4,59.7,44.4,-0.018,99.9,2,0,0,0.375,57.6,3,19.1,DREAM,73.3
7.11,0,1,40.6,48.7,23.4,-1.124,69.2,3,6,0,0.615,62.2,1,19.18,DREAM,65.2
7.72,0,1,79.8,62.0,76.3,1.163,93.6,2,1,0,0.332,55.4,3,29.02,SUPER_DREAM,87.5
7.2,0,0,71.6,38.0,31.2,-0.548,69.6,4,0,0,0.579,44.5,3,18.66,DREAM,60.9
5.39,0,0,61.7,44.9,34.6,-0.814,99.7,4,2,0,0.508,61.6,3,18.42,DREAM,72.9
7.17,0,3,37.7,39.9,48.7,0.347,100.0,3,3,0,0.344,45.5,1,17.99,DREAM,69.1
7.26,1,1,47.2,46.4,55.1,0.538,95.1,5,0,2,0.639,37.5,2,19.96,DREAM,69.3
8.3,0,0,85.9,75.4,94.3,2.0,99.9,2,3,1,0.718,74.4,3,38.14,SUPER_DREAM,99.0
6.83,0,0,30.8,67.0,100.0,1.471,99.1,0,0,1,0.562,46.4,3,31.45,SUPER_DREAM,91.4
9.45,0,0,60.2,100.0,49.0,1.089,99.5,2,2,0,0.91,86.9,1,27.14,SUPER_DREAM,92.5
5.5,0,0,34.1,50.3,48.7,0.05,97.3,1,0,3,0.343,86.3,3,15.88,DREAM,72.9
9.04,0,0,77.7,69.9,70.7,1.173,97.5,2,1,1,0.626,78.3,2,27.23,SUPER_DREAM,90.3
7.35,0,0,77.6,34.3,72.1,0.826,96.7,2,1,1,0.218,48.0,2,23.84,SUPER_DREAM,78.3
8.55,0,0,68.2,88.7,84.8,1.764,98.1,1,2,2,0.687,96.8,2,33.5,SUPER_DREAM,99.0
7.69,0,0,54.6,78.8,82.6,2.168,98.2,2,2,1,0.698,29.7,1,32.16,SUPER_DREAM,89.0
8.85,1,1,77.3,63.0,76.4,1.173,99.0,2,3,3,0.531,51.8,3,27.3,SUPER_DREAM,85.5
7.17,0,1,62.4,66.8,35.1,-0.199,43.0,1,0,0,0.381,77.5,1,12.61,DREAM,49.4
6.39,0,0,54.2,40.7,58.4,0.785,99.8,1,2,1,0.297,76.3,2,20.51,SUPER_DREAM,79.4
9.16,0,1,74.5,96.8,77.1,1.997,97.7,3,0,0,1.0,54.1,1,32.73,SUPER_DREAM,94.7
7.48,0,0,36.3,50.0,50.5,-0.121,99.8,2,1,2,0.501,53.2,3,19.79,DREAM,73.6
7.84,0,1,52.4,89.0,50.6,0.821,91.0,3,1,0,0.764,61.8,3,25.89,SUPER_DREAM,82.8
8.96,0,0,91.6,84.5,90.6,2.1,98.6,4,0,1,0.819,63.7,3,37.71,SUPER_DREAM,99.0
6.46,0,0,51.9,71.3,71.4,1.023,68.5,3,0,0,0.71,58.0,2,27.01,SUPER_DREAM,77.2
8.26,0,0,63.7,59.3,42.5,0.003,98.2,2,3,1,0.411,89.9,3,22.02,SUPER_DREAM,84.1
6.95,0,0,67.9,57.1,59.6,0.186,97.0,3,0,0,0.46,54.7,1,16.57,DREAM,67.7
7.45,0,2,46.0,43.4,47.8,-0.704,98.7,1,0,3,0.305,87.0,2,16.42,DREAM,74.4
7.68,0,0,59.1,71.3,30.7,-0.12,93.9,3,2,0,0.638,71.1,1,18.76,DREAM,73.6
5.95,0,0,46.2,53.0,39.1,-0.226,99.3,2,0,1,0.635,80.3,2,15.33,DREAM,71.4
6.74,0,0,47.1,82.7,30.9,0.241,99.7,3,0,1,0.765,42.6,2,17.95,DREAM,68.3
9.09,0,0,77.1,81.7,45.6,0.33,99.6,3,1,2,0.711,80.4,3,25.7,SUPER_DREAM,88.8
8.57,0,0,68.5,79.5,53.8,0.302,100.0,2,0,2,0.681,79.9,1,20.13,SUPER_DREAM,79.5
7.53,0,0,43.5,51.3,36.9,-0.658,40.9,2,3,3,0.317,55.0,2,17.6,DREAM,52.6
7.87,2,1,65.9,69.1,47.8,0.632,97.1,1,3,0,0.472,77.7,3,17.1,DREAM,73.2
7.28,1,2,41.8,49.7,28.5,-0.852,99.5,2,1,0,0.408,42.8,1,10.94,CORE,56.6
9.09,0,3,77.9,76.6,67.0,0.91,100.0,2,0,1,0.575,57.9,1,25.66,SUPER_DREAM,84.3
7.38,0,0,75.3,58.6,40.7,-0.2,98.6,2,1,1,0.629,82.5,3,22.64,SUPER_DREAM,83.8
7.86,1,1,60.2,56.5,66.0,0.424,98.9,2,0,1,0.568,62.3,1,16.89,DREAM,70.3
8.86,0,0,59.5,73.3,82.0,1.219,97.0,2,0,2,0.537,61.0,3,30.93,SUPER_DREAM,92.9
6.74,0,0,50.9,43.9,50.6,-0.364,99.0,2,0,0,0.326,86.1,3,18.9,DREAM,78.4
9.31,0,0,68.2,72.1,72.5,1.539,81.0,3,2,0,0.584,35.7,3,33.08,SUPER_DREAM,86.6
5.92,1,4,51.3,55.2,31.3,-0.255,99.8,2,0,2,0.491,62.3,1,10.09,CORE,59.2
9.39,1,1,77.2,80.8,62.6,1.369,94.1,0,1,2,0.581,64.0,2,23.94,SUPER_DREAM,80.9
7.19,0,3,77.4,58.9,36.6,0.213,64.6,0,0,2,0.446,53.0,1,12.86,DREAM,51.4
7.33,0,1,72.3,35.3,65.7,-0.53,100.0,2,1,0,0.286,85.6,2,20.81,SUPER_DREAM,81.8
5.52,1,2,38.4,41.7,0.0,-1.564,99.0,3,0,3,0.457,51.3,1,7.5,CORE,52.5
7.1,0,1,64.6,60.5,48.7,-0.003,94.4,0,3,1,0.419,51.5,1,16.6,DREAM,66.3
6.46,0,0,44.8,40.4,36.7,-0.257,98.5,2,1,2,0.499,27.9,1,14.01,DREAM,58.5
6.93,0,0,54.7,80.4,59.0,0.655,99.3,4,0,0,0.865,81.7,3,25.44,SUPER_DREAM,88.5
7.45,0,0,55.2,24.9,28.7,-1.456,95.9,0,0,1,0.1,60.1,3,13.87,DREAM,63.9
8.65,0,0,80.7,81.2,69.1,0.765,94.5,1,0,1,0.477,60.1,2,25.19,SUPER_DREAM,82.3
7.83,0,0,80.5,71.1,65.1,0.784,96.2,4,1,3,0.729,61.8,3,26.42,SUPER_DREAM,85.3
7.94,0,0,74.0,69.9,26.0,-0.048,99.0,1,0,1,0.498,82.9,1,16.58,DREAM,73.9
6.39,0,0,60.0,47.8,22.4,-0.795,90.8,2,1,2,0.378,89.2,1,12.72,DREAM,66.3
6.63,2,3,62.4,55.7,42.9,-0.46,82.3,2,0,1,0.449,39.0,3,10.45,CORE,49.9
9.58,1,2,87.4,92.5,89.2,2.672,99.1,1,2,0,0.754,58.1,3,37.03,SUPER_DREAM,99.0
6.79,0,0,39.2,39.5,49.8,-0.021,99.8,0,1,1,0.156,48.0,2,14.9,DREAM,64.4
9.42,0,0,99.6,82.8,88.2,2.034,97.8,2,3,1,0.848,61.6,2,37.92,SUPER_DREAM,99.0
7.33,0,0,80.0,53.1,33.6,-0.046,97.4,3,3,2,0.494,63.6,2,20.4,SUPER_DREAM,75.9
7.6,0,0,58.2,43.3,27.6,-1.297,94.7,1,6,1,0.414,39.2,3,19.87,DREAM,69.4
8.78,2,1,68.3,81.6,71.8,1.014,98.4,3,0,2,0.698,70.5,3,22.08,SUPER_DREAM,80.4
9.0,0,0,82.3,66.1,50.9,0.594,86.3,2,2,1,0.461,58.3,2,24.12,SUPER_DREAM,77.7
7.48,0,0,66.4,36.3,39.2,-0.843,94.2,2,1,0,0.362,76.7,2,17.49,DREAM,72.8
7.17,0,2,54.3,46.4,67.9,0.38,99.3,3,1,2,0.404,65.5,3,24.72,SUPER_DREAM,84.1
7.54,1,1,45.4,46.7,58.9,0.177,95.3,1,3,3,0.399,39.3,3,18.88,DREAM,67.9
7.97,0,0,68.4,77.1,50.4,0.172,84.8,2,0,1,0.658,74.2,2,20.52,SUPER_DREAM,74.5
8.58,0,1,77.4,71.5,55.4,0.484,94.6,2,1,1,0.565,44.9,2,23.77,SUPER_DREAM,77.0
7.6,0,0,69.8,78.0,67.4,1.357,67.0,2,2,1,0.678,46.5,1,23.56,SUPER_DREAM,68.7
8.28,0,0,72.0,56.8,68.2,0.9,99.0,2,0,0,0.6,60.2,3,27.21,SUPER_DREAM,87.1
9.4,0,0,75.8,90.7,56.0,1.326,99.8,3,3,1,0.806,60.7,1,28.38,SUPER_DREAM,89.4
8.02,0,0,77.1,100.0,26.2,0.588,85.0,3,0,1,0.822,38.7,3,22.4,SUPER_DREAM,70.6
7.94,0,0,65.2,67.4,94.2,1.794,94.1,2,2,0,0.623,62.8,2,35.77,SUPER_DREAM,99.0
5.93,0,0,38.7,52.3,14.1,-0.932,92.6,4,3,1,0.641,63.7,2,17.75,DREAM,70.1
5.0,0,0,32.8,39.7,34.5,-0.595,98.7,5,2,0,0.555,63.1,2,16.66,DREAM,70.0
8.03,2,1,44.3,43.4,88.5,0.835,82.3,2,3,1,0.534,39.7,3,22.29,SUPER_DREAM,69.8
7.5,0,0,57.8,65.7,57.6,0.232,97.8,2,0,0,0.556,67.2,3,22.37,SUPER_DREAM,80.0
7.03,0,0,63.6,56.7,38.6,-0.416,98.3,3,1,2,0.696,74.3,2,19.58,DREAM,77.0
7.87,0,1,67.8,57.9,33.7,-0.427,78.1,1,2,1,0.413,44.8,2,16.99,DREAM,60.7
7.53,0,0,78.6,45.5,29.5,-0.902,97.4,2,2,2,0.506,48.9,3,16.8,DREAM,67.0
8.84,0,3,70.2,82.0,77.9,1.599,95.1,2,0,1,0.676,76.8,3,33.45,SUPER_DREAM,99.0
7.69,0,0,67.8,46.0,83.5,0.985,99.4,5,2,0,0.644,88.7,1,29.16,SUPER_DREAM,96.2
6.78,0,0,62.3,79.4,39.2,0.358,97.5,5,0,0,0.694,62.5,1,19.49,DREAM,74.2
8.69,0,0,100.0,72.2,59.3,0.827,83.2,3,0,2,0.859,58.3,3,27.31,SUPER_DREAM,82.1
7.36,0,0,60.3,38.8,65.9,0.612,94.8,2,1,1,0.417,68.0,1,19.53,DREAM,74.6
8.18,0,0,54.3,57.8,50.8,0.177,93.6,2,2,1,0.606,85.3,2,23.18,SUPER_DREAM,83.8
7.07,0,0,65.9,48.9,54.8,0.426,94.3,2,6,0,0.352,52.2,2,23.66,SUPER_DREAM,78.2
6.89,0,0,76.2,84.5,48.4,0.796,99.0,3,2,0,0.785,57.7,3,25.7,SUPER_DREAM,84.1
7.69,0,0,58.1,47.2,49.9,0.282,99.5,3,2,2,0.496,57.3,2,23.23,SUPER_DREAM,80.0
7.61,0,0,71.2,57.1,56.1,0.81,99.5,3,0,0,0.495,43.7,1,19.81,DREAM,71.6
8.13,0,0,81.0,56.9,94.3,1.639,93.7,1,0,0,0.561,77.8,3,33.3,SUPER_DREAM,99.0
7.3,0,0,70.2,62.3,63.5,0.684,95.5,2,2,0,0.568,68.9,2,21.73,SUPER_DREAM,78.7
5.58,0,0,42.3,29.1,51.6,-0.341,94.6,2,0,1,0.319,34.7,1,12.73,DREAM,56.5
7.12,0,0,47.9,37.4,34.0,-0.874,99.3,1,2,3,0.372,64.8,1,16.23,DREAM,69.8
8.47,0,0,68.8,65.5,86.4,1.25,96.2,2,0,0,0.51,89.9,3,30.23,SUPER_DREAM,97.2
7.27,1,1,63.2,50.8,63.8,0.7,99.2,1,0,1,0.429,69.1,2,18.5,DREAM,74.4
7.33,0,0,69.2,47.3,26.0,-1.064,93.4,5,2,1,0.639,89.1,3,20.73,SUPER_DREAM,80.4
8.69,0,1,75.9,63.0,78.9,1.612,99.4,3,3,2,0.632,56.6,2,34.18,SUPER_DREAM,98.1
6.82,0,0,48.6,66.6,37.6,-0.087,93.8,2,0,1,0.668,79.5,2,16.89,DREAM,72.2
5.9,0,0,50.7,35.5,8.0,-0.692,99.8,1,0,2,0.274,84.7,2,10.61,CORE,64.6
7.42,0,0,69.6,40.8,56.4,-0.2,90.3,2,6,1,0.363,63.9,3,23.4,SUPER_DREAM,78.9
7.07,0,1,60.2,46.3,59.5,0.286,95.6,1,2,1,0.335,58.8,2,19.35,DREAM,72.7
6.54,0,0,40.3,47.7,46.2,-0.267,96.6,2,3,1,0.401,81.5,3,19.81,DREAM,78.3
7.41,0,0,56.9,37.8,51.9,-0.425,99.7,3,0,3,0.533,73.1,3,20.15,SUPER_DREAM,78.1
8.14,0,0,77.8,87.3,56.7,1.267,93.0,0,1,1,0.606,79.3,2,24.74,SUPER_DREAM,85.0
7.59,0,0,44.3,70.6,100.0,1.581,94.7,1,0,1,0.636,71.2,1,30.45,SUPER_DREAM,93.4
7.94,0,0,39.3,82.3,39.0,0.113,98.9,1,0,1,0.658,63.8,2,18.76,DREAM,73.7
9.59,0,0,99.0,86.0,95.8,2.272,92.7,3,0,1,0.712,63.7,3,38.98,SUPER_DREAM,99.0
7.22,0,0,63.4,25.1,52.0,-0.215,90.2,4,0,1,0.295,59.7,1,16.71,DREAM,66.9
7.91,0,0,71.3,83.5,44.5,0.087,98.9,3,6,2,0.648,71.0,3,27.36,SUPER_DREAM,89.5
7.04,0,0,42.5,40.3,48.6,-0.06,99.8,2,1,1,0.331,62.3,3,18.83,DREAM,73.8
6.67,2,1,60.5,37.4,20.0,-1.115,91.0,1,2,0,0.403,68.8,2,7.38,CORE,53.3
6.96,0,1,57.9,53.7,37.8,-0.568,98.7,3,3,1,0.66,53.1,3,20.45,SUPER_DREAM,74.3
7.07,0,0,36.7,72.1,49.0,0.176,91.3,1,0,0,0.572,52.2,2,17.96,DREAM,67.8
8.0,0,0,82.0,77.7,33.0,-0.565,43.4,2,0,0,0.738,73.8,2,16.73,DREAM,55.7
10.0,1,2,86.9,97.7,94.1,2.792,99.9,2,0,2,0.759,70.8,2,34.05,SUPER_DREAM,99.0
6.81,0,0,48.4,45.6,29.4,-0.402,98.6,2,3,0,0.389,58.6,3,19.22,DREAM,73.3
7.14,0,0,51.9,49.0,24.6,-1.17,97.5,2,2,1,0.524,85.7,3,18.99,DREAM,78.0
7.53,0,1,36.1,62.7,35.9,0.071,99.9,3,1,3,0.632,52.7,1,17.66,DREAM,70.0
8.04,0,0,72.5,61.6,100.0,1.559,98.9,1,3,0,0.55,71.6,3,35.86,SUPER_DREAM,99.0
7.89,0,0,67.0,74.2,24.1,-0.019,99.7,3,0,0,0.704,71.9,2,18.26,DREAM,74.7
9.01,1,2,72.8,85.8,81.0,1.496,97.9,4,0,2,0.81,65.8,3,32.29,SUPER_DREAM,96.4
5.0,0,0,50.3,38.3,11.5,-1.499,93.7,2,2,0,0.371,84.0,3,15.47,DREAM,70.7
5.0,1,1,18.4,5.0,18.7,-1.926,98.0,1,2,2,0.12,89.4,3,7.18,CORE,59.3
7.05,0,1,48.4,54.4,60.5,0.206,97.6,2,0,0,0.52,47.7,3,20.2,SUPER_DREAM,72.5
8.81,0,3,62.9,70.4,80.7,1.747,99.0,3,0,2,0.598,30.9,1,29.78,SUPER_DREAM,85.5
5.88,0,0,40.4,42.0,23.3,-0.692,98.3,1,1,0,0.344,57.7,1,11.27,CORE,59.8
5.0,0,0,35.8,19.4,0.6,-2.061,98.4,3,0,3,0.194,50.3,2,10.14,CORE,56.5
8.23,0,0,72.4,47.0,74.9,0.995,97.1,3,2,2,0.481,58.4,2,27.81,SUPER_DREAM,87.2
7.87,0,0,59.5,68.0,69.4,0.453,96.1,5,2,1,0.703,92.3,3,28.16,SUPER_DREAM,94.2
6.4,0,0,38.5,40.4,36.7,-0.96,97.8,3,1,2,0.219,100.0,1,13.86,DREAM,72.4
6.52,0,0,70.4,54.7,51.1,0.271,92.2,1,3,0,0.62,50.8,3,20.24,SUPER_DREAM,71.5
6.53,0,0,79.3,37.5,35.4,-0.469,96.5,2,2,0,0.321,68.4,3,17.96,DREAM,72.5
7.72,0,0,63.9,79.8,42.8,0.462,99.7,1,0,1,0.543,68.0,3,18.99,DREAM,75.2
6.91,0,0,45.0,65.0,48.0,-0.324,93.6,1,1,1,0.645,70.2,3,19.72,DREAM,75.0
8.14,0,1,84.1,68.7,72.1,0.718,95.3,3,0,2,0.567,44.4,3,26.63,SUPER_DREAM,81.9
5.0,0,1,17.6,27.0,30.6,-0.918,94.2,4,3,1,0.313,83.5,3,17.69,DREAM,74.5
6.66,0,2,47.6,60.2,54.1,1.053,99.0,5,2,1,0.705,78.5,1,24.88,SUPER_DREAM,86.9
6.36,0,0,40.3,50.5,27.6,-0.296,97.4,1,1,1,0.374,57.8,2,15.43,DREAM,66.5
7.32,1,3,44.3,58.8,81.3,1.589,98.9,1,3,2,0.421,83.5,2,24.26,SUPER_DREAM,86.8
7.01,0,2,51.7,66.7,42.9,0.224,99.7,2,1,2,0.513,43.4,3,19.09,DREAM,70.4
8.48,0,0,59.4,88.2,64.6,1.302,80.7,1,3,3,0.662,39.6,3,29.49,SUPER_DREAM,81.3
5.55,0,0,40.7,18.6,7.9,-2.201,94.6,1,0,0,0.321,69.0,2,11.22,CORE,60.9
7.65,0,0,61.8,44.4,53.3,0.274,98.6,3,0,0,0.362,71.5,2,20.1,SUPER_DREAM,77.4
8.21,0,0,59.7,54.4,73.2,0.761,100.0,3,2,3,0.628,62.5,1,25.87,SUPER_DREAM,85.6
9.64,0,0,77.0,60.0,94.4,1.741,91.6,4,0,2,0.783,81.6,3,39.04,SUPER_DREAM,99.0
7.07,0,0,52.9,51.9,78.0,0.886,83.7,2,2,0,0.433,55.1,3,26.38,SUPER_DREAM,80.1
7.96,0,1,74.3,70.9,69.8,1.098,84.8,2,2,3,0.647,83.1,2,28.64,SUPER_DREAM,89.8
5.62,0,0,39.4,36.5,37.4,-0.676,99.6,3,2,2,0.426,76.8,1,16.04,DREAM,72.0
5.0,0,0,44.9,22.5,17.0,-1.473,99.7,1,3,0,0.1,92.9,2,11.51,CORE,67.7
8.53,1,2,77.3,84.6,55.4,1.155,97.7,3,1,2,0.87,38.4,2,22.09,SUPER_DREAM,73.8
7.59,0,0,67.8,60.5,73.6,0.538,99.3,0,3,2,0.426,57.7,3,25.28,SUPER_DREAM,83.5
8.9,0,3,90.6,77.7,88.9,1.272,84.7,3,2,0,0.682,51.4,1,33.47,SUPER_DREAM,91.5
6.09,0,0,32.5,58.1,18.7,-0.649,95.0,3,1,1,0.465,76.7,2,16.13,DREAM,70.7
8.17,0,3,61.0,63.2,76.1,1.478,93.7,2,1,3,0.604,88.6,3,29.15,SUPER_DREAM,94.4
9.66,0,0,100.0,100.0,92.6,2.785,99.7,3,3,1,0.892,59.4,2,42.0,SUPER_DREAM,99.0
8.06,0,0,62.5,57.4,41.7,-0.468,99.5,1,0,2,0.51,74.0,2,18.27,DREAM,75.1
7.9,0,0,30.3,89.9,69.6,1.265,98.2,2,2,0,0.794,86.7,3,31.65,SUPER_DREAM,99.0
7.61,0,1,58.7,45.1,37.4,-0.92,99.7,3,0,2,0.43,69.9,3,19.94,DREAM,77.1
5.87,0,2,45.3,46.8,0.0,-1.728,99.7,3,0,0,0.234,75.5,3,14.07,DREAM,68.5
9.09,0,0,44.5,66.0,71.2,1.293,99.2,5,6,0,0.753,35.3,1,34.15,SUPER_DREAM,93.7
6.93,1,2,70.3,66.9,52.8,0.417,94.0,1,0,1,0.514,88.5,3,16.49,DREAM,73.4
8.15,0,0,58.0,58.0,60.8,0.372,78.4,2,2,2,0.539,60.5,3,23.63,SUPER_DREAM,75.0
5.88,0,0,47.7,43.8,87.2,1.154,96.3,4,1,1,0.668,100.0,3,29.0,SUPER_DREAM,97.2
6.3,1,1,45.3,35.2,47.5,-0.611,97.6,2,3,3,0.363,52.2,2,14.23,DREAM,63.5
9.18,0,0,61.3,89.1,77.8,2.093,97.4,4,2,1,0.919,72.1,3,37.59,SUPER_DREAM,99.0
7.22,0,0,44.3,45.2,59.3,0.187,98.7,2,0,0,0.467,77.4,1,19.09,DREAM,76.9
9.2,0,2,65.8,99.8,67.4,1.398,93.5,3,1,3,0.767,27.5,3,32.9,SUPER_DREAM,88.4
7.51,0,2,73.2,43.7,71.9,0.707,83.0,4,0,0,0.443,91.7,3,26.94,SUPER_DREAM,88.1
5.57,0,3,39.0,17.5,38.4,-0.717,97.4,3,1,2,0.395,76.1,2,15.6,DREAM,70.4
8.58,0,2,64.6,82.7,73.6,1.843,99.8,4,2,0,0.749,42.6,3,33.36,SUPER_DREAM,94.1
6.95,0,0,43.3,43.2,37.2,-0.584,99.5,1,0,3,0.392,70.5,3,16.99,DREAM,72.3
8.37,2,1,83.0,67.0,37.3,0.283,93.4,2,3,1,0.507,70.5,1,13.8,DREAM,65.1
7.63,0,0,78.8,54.4,47.5,0.043,84.2,1,0,1,0.5,63.0,2,16.19,DREAM,64.8
5.9,0,4,58.2,21.6,40.9,-1.025,99.4,1,0,1,0.231,56.1,1,9.75,CORE,57.3
7.78,0,0,68.7,59.5,50.4,-0.032,98.9,2,0,0,0.513,64.0,3,20.22,SUPER_DREAM,76.2
10.0,0,0,88.5,100.0,90.3,1.878,99.3,5,0,1,1.0,77.9,2,39.36,SUPER_DREAM,99.0
8.14,0,0,51.8,78.6,58.5,0.605,99.8,2,1,0,0.691,77.3,2,24.36,SUPER_DREAM,86.0
7.54,0,0,57.4,61.1,63.2,0.953,99.5,4,0,2,0.61,65.1,3,25.9,SUPER_DREAM,86.1
8.78,0,0,64.6,87.2,52.8,1.04,83.0,4,6,3,0.851,68.4,2,33.2,SUPER_DREAM,93.9
7.83,0,2,41.4,46.3,62.5,-0.072,99.5,1,6,2,0.438,63.1,1,20.74,SUPER_DREAM,77.0
7.83,0,1,76.0,56.6,47.4,-0.469,67.9,1,1,1,0.545,50.4,3,18.47,DREAM,61.2
6.4,0,0,40.6,50.9,14.1,-1.392,99.8,1,2,0,0.406,64.1,3,14.93,DREAM,67.6
7.86,1,1,77.9,59.6,56.3,0.148,99.9,2,3,0,0.68,54.0,1,17.11,DREAM,69.3
8.74,0,0,83.0,67.7,97.5,1.688,96.0,1,2,1,0.474,50.1,3,34.39,SUPER_DREAM,96.1
6.68,0,0,58.5,31.7,18.9,-0.947,97.1,3,0,1,0.277,28.7,2,14.72,DREAM,59.4
9.17,0,0,84.0,46.7,77.2,0.584,97.8,1,2,2,0.274,58.9,3,26.51,SUPER_DREAM,85.3
7.5,1,2,52.6,68.9,69.3,1.463,99.9,1,0,1,0.542,76.8,2,21.44,SUPER_DREAM,81.1
6.62,1,1,73.5,51.3,85.9,0.598,99.5,2,1,3,0.48,83.3,2,20.55,SUPER_DREAM,80.8
8.7,0,0,72.5,83.3,60.5,0.876,96.7,2,1,1,0.713,71.7,2,25.91,SUPER_DREAM,86.5
7.28,0,0,61.5,49.0,41.0,-0.053,99.7,4,2,1,0.53,45.6,1,18.73,DREAM,70.2
8.44,0,0,61.6,57.8,45.2,0.267,96.6,5,0,0,0.883,62.7,3,25.6,SUPER_DREAM,84.2
7.28,0,0,46.6,55.2,72.9,0.689,93.2,4,0,1,0.747,47.7,1,24.62,SUPER_DREAM,78.5
7.53,0,0,66.1,69.8,39.8,0.391,97.3,1,3,1,0.457,93.6,2,19.83,DREAM,81.0
8.14,0,0,69.0,61.3,56.0,0.652,97.9,2,3,1,0.541,59.2,2,23.59,SUPER_DREAM,80.5
7.92,0,0,54.7,73.3,26.8,-0.435,98.9,2,1,1,0.637,57.6,3,20.78,SUPER_DREAM,75.8
5.4,1,2,21.8,20.4,45.8,-0.625,84.3,1,2,0,0.257,78.8,3,11.63,CORE,60.4
6.37,0,0,33.4,42.8,62.2,0.434,92.8,2,2,1,0.297,64.4,2,19.81,DREAM,73.7
8.62,0,0,85.6,68.9,83.7,1.205,96.7,2,1,0,0.465,81.1,3,31.85,SUPER_DREAM,98.3
7.45,0,0,52.2,74.2,25.6,0.259,84.9,2,0,1,0.542,48.2,3,19.79,DREAM,68.1
7.02,0,2,51.2,55.2,60.2,0.159,94.0,1,1,1,0.567,66.3,3,20.33,SUPER_DREAM,75.4
6.11,0,1,63.5,66.6,8.2,-0.88,99.1,5,6,1,0.714,72.6,2,21.77,SUPER_DREAM,80.5
6.41,0,2,35.7,26.7,43.0,-1.052,98.4,3,3,1,0.431,25.7,2,16.9,DREAM,62.8
5.38,0,0,30.0,36.0,33.2,-0.754,99.8,1,1,1,0.359,54.8,1,9.88,CORE,57.3
7.49,1,1,50.7,59.9,60.4,0.191,94.6,4,0,1,0.645,55.8,1,17.52,DREAM,68.7
6.94,0,0,73.8,60.0,57.9,0.35,98.4,4,3,1,0.726,65.8,2,23.81,SUPER_DREAM,82.4
6.54,0,0,74.3,35.5,43.3,-0.967,94.9,3,2,1,0.33,60.3,3,18.64,DREAM,71.6
7.53,0,0,69.3,81.4,20.0,-0.034,96.6,3,1,2,0.712,69.4,3,21.35,SUPER_DREAM,78.5
8.0,0,0,74.4,63.2,70.6,0.99,99.6,2,0,1,0.385,61.5,3,26.22,SUPER_DREAM,85.9
9.9,1,2,77.1,68.7,85.6,1.768,94.7,2,2,1,0.609,82.2,3,31.89,SUPER_DREAM,98.0
5.94,0,2,67.7,40.1,20.0,-1.203,96.0,2,0,3,0.337,96.7,1,11.84,CORE,67.9
8.88,0,0,77.0,68.2,43.3,0.503,98.5,4,2,0,0.893,42.5,1,23.93,SUPER_DREAM,77.9
8.67,0,0,81.9,100.0,96.8,2.415,45.0,3,2,2,0.885,65.4,3,38.86,SUPER_DREAM,91.3
6.74,0,0,51.2,63.9,68.1,0.854,94.6,1,2,1,0.573,81.3,1,21.31,SUPER_DREAM,80.1
7.82,0,0,60.0,61.8,71.6,1.517,98.7,2,1,2,0.605,54.5,1,25.73,SUPER_DREAM,83.4
7.1,0,0,75.9,51.5,38.0,-0.476,99.3,2,2,1,0.474,69.2,1,15.06,DREAM,68.7
7.8,1,2,69.5,74.2,13.3,-0.248,83.5,3,0,1,0.778,59.3,3,15.4,DREAM,62.6
9.26,1,3,95.0,90.8,89.9,2.157,96.5,1,2,0,0.699,49.9,3,32.39,SUPER_DREAM,92.9
8.27,0,0,70.7,25.2,70.8,-0.044,99.8,3,0,2,0.394,49.7,2,20.07,SUPER_DREAM,73.3
8.16,1,1,56.4,73.8,56.2,0.266,84.1,2,0,2,0.825,27.9,3,19.28,DREAM,63.0
7.13,0,0,49.3,53.8,70.8,0.389,99.2,1,1,0,0.452,67.5,2,22.4,SUPER_DREAM,80.6
5.97,0,0,45.9,22.3,51.9,-0.159,96.3,3,2,2,0.294,68.5,3,18.86,DREAM,74.0
7.37,0,0,51.2,68.4,56.6,1.087,97.0,2,2,0,0.542,50.7,1,23.35,SUPER_DREAM,78.2
8.93,0,0,61.0,100.0,72.8,1.71,99.0,3,2,0,0.873,60.8,3,34.39,SUPER_DREAM,99.0
5.92,0,1,58.6,47.9,37.0,-0.39,97.8,1,0,1,0.405,43.4,2,11.16,CORE,56.6
6.44,0,0,42.9,61.2,54.5,0.593,84.0,5,0,1,0.733,73.0,1,20.62,SUPER_DREAM,74.2
7.74,0,0,64.0,85.4,42.4,0.503,98.3,3,0,2,0.651,59.0,1,21.14,SUPER_DREAM,76.5
6.52,0,0,53.7,35.1,50.9,0.057,90.5,1,0,1,0.124,76.6,2,14.2,DREAM,66.1
6.73,1,3,45.2,23.0,29.2,-1.077,98.5,3,2,3,0.264,60.2,2,11.98,CORE,61.5
7.13,0,0,73.8,62.7,74.7,1.034,91.1,1,0,2,0.503,50.2,3,24.69,SUPER_DREAM,78.5
6.1,0,1,32.6,38.6,47.8,-0.505,97.2,3,1,1,0.455,57.0,3,18.84,DREAM,72.0
6.53,1,1,53.4,27.6,31.0,-1.303,99.7,1,3,2,0.289,87.6,3,13.92,DREAM,70.6
8.37,0,0,71.7,66.0,66.9,-0.119,91.8,2,2,2,0.611,96.4,3,24.66,SUPER_DREAM,87.9
6.16,0,0,46.0,53.0,23.6,-0.363,99.6,5,2,3,0.631,42.4,1,14.45,DREAM,62.5
5.84,2,2,27.9,37.2,62.2,0.065,43.5,1,3,0,0.239,78.6,3,10.83,CORE,46.8
6.91,0,0,64.5,40.0,77.1,0.492,83.1,2,0,2,0.441,48.4,3,22.97,SUPER_DREAM,72.9
8.41,0,3,78.0,64.3,78.4,0.553,95.5,1,2,0,0.528,53.6,2,26.7,SUPER_DREAM,83.9
7.38,0,0,50.7,55.9,81.6,0.875,99.5,3,0,1,0.484,68.1,2,25.96,SUPER_DREAM,86.8
7.09,0,0,64.4,26.0,52.8,-0.628,95.8,1,0,1,0.292,72.3,3,17.41,DREAM,72.2
7.65,1,2,66.0,57.1,70.5,0.52,94.5,2,0,3,0.597,54.1,3,20.79,SUPER_DREAM,73.8
5.68,1,1,26.4,18.7,55.2,-0.371,99.8,2,0,1,0.314,74.2,2,10.33,CORE,62.0
8.14,0,4,56.2,73.8,62.6,0.892,95.7,1,1,1,0.654,82.8,2,24.35,SUPER_DREAM,85.8
8.02,0,0,78.9,41.4,62.5,-0.204,99.4,4,0,1,0.47,75.9,2,21.64,SUPER_DREAM,81.1
7.15,0,3,60.2,67.8,67.6,0.495,99.8,4,6,0,0.783,50.5,3,30.9,SUPER_DREAM,91.6
8.71,0,1,65.3,65.0,81.1,0.844,93.6,4,3,1,0.683,58.3,3,33.06,SUPER_DREAM,94.9
6.36,2,1,38.3,37.4,27.7,-0.378,99.0,1,6,1,0.485,78.1,3,11.34,CORE,64.2
8.84,0,0,67.2,76.4,31.7,0.427,98.0,1,3,1,0.666,88.3,2,24.23,SUPER_DREAM,87.5
7.77,0,0,57.4,48.3,55.1,-0.136,98.4,2,6,0,0.493,45.9,3,24.84,SUPER_DREAM,80.1
7.23,1,3,47.1,58.4,14.0,-1.504,84.5,5,0,0,0.846,69.5,1,15.26,DREAM,64.7
7.58,0,0,39.9,48.1,38.1,-0.356,97.8,2,1,0,0.416,76.0,2,16.55,DREAM,72.1
7.48,0,0,73.5,49.5,39.0,-0.324,84.9,2,0,2,0.511,44.1,2,16.28,DREAM,61.4
8.94,0,0,86.1,79.0,62.1,1.038,99.5,3,2,1,0.912,80.3,3,31.18,SUPER_DREAM,97.9
6.42,0,0,33.9,29.6,56.8,0.018,94.2,1,2,1,0.332,96.7,3,19.39,DREAM,79.9
6.76,0,0,54.2,31.7,64.8,0.213,93.9,4,1,1,0.474,75.0,3,21.16,SUPER_DREAM,78.4
8.74,0,0,61.6,74.6,79.0,1.028,93.7,5,0,2,0.801,73.5,3,31.35,SUPER_DREAM,95.1
6.94,0,2,51.3,51.0,59.7,0.4,99.6,5,1,0,0.58,53.7,2,22.4,SUPER_DREAM,78.0
8.59,0,0,66.8,71.9,79.9,1.59,68.9,1,0,0,0.54,57.6,2,28.87,SUPER_DREAM,80.3
9.47,0,0,74.6,83.8,33.7,-0.032,95.8,2,2,1,0.641,55.3,1,20.17,SUPER_DREAM,73.4
7.16,0,0,80.6,54.5,51.1,0.213,99.9,2,1,2,0.483,51.7,2,18.82,DREAM,71.7
8.35,0,0,63.2,75.4,32.9,-0.173,99.7,1,3,3,0.579,61.4,1,18.72,DREAM,73.4
6.33,0,0,38.6,46.0,50.1,0.523,90.5,2,3,0,0.521,69.6,1,17.91,DREAM,70.9
8.43,0,1,60.2,39.6,28.5,-1.251,68.9,2,0,2,0.365,52.1,1,15.99,DREAM,57.8
7.82,0,0,75.7,36.5,55.6,0.245,99.8,2,6,0,0.328,59.8,2,22.43,SUPER_DREAM,79.3
8.12,0,2,46.4,91.3,72.3,0.994,94.7,2,6,1,0.83,69.8,3,31.73,SUPER_DREAM,95.3
6.89,0,0,44.7,50.8,27.6,-0.12,95.7,1,2,0,0.471,33.2,3,15.84,DREAM,61.8
5.77,0,0,60.1,51.8,51.6,-0.259,98.7,5,3,3,0.643,79.2,1,19.18,DREAM,77.4
8.15,0,0,69.5,59.8,72.0,0.913,99.6,3,0,2,0.647,68.2,3,27.96,SUPER_DREAM,90.1
5.33,0,0,40.6,32.8,35.8,-1.258,95.5,3,6,1,0.389,68.4,3,19.75,DREAM,75.2
7.25,0,1,83.1,48.4,64.6,0.001,96.3,0,1,1,0.322,82.3,3,20.39,SUPER_DREAM,79.3
8.64,0,2,74.3,100.0,62.2,1.634,95.0,2,3,1,0.944,79.1,2,33.32,SUPER_DREAM,99.0
7.81,0,0,54.6,64.5,61.5,0.942,98.3,1,0,0,0.5,74.1,1,20.99,SUPER_DREAM,79.3
9.74,0,0,79.0,74.7,82.1,1.529,84.4,3,2,0,0.67,69.2,2,34.94,SUPER_DREAM,97.4
8.73,0,0,58.7,47.9,69.5,0.765,93.5,2,1,2,0.457,64.9,3,26.13,SUPER_DREAM,84.6
6.88,0,0,68.9,78.3,35.5,0.444,94.3,4,0,0,0.631,56.3,2,20.39,SUPER_DREAM,73.5
7.63,0,3,68.2,56.6,34.2,-0.547,99.2,1,3,2,0.443,50.6,2,17.6,DREAM,69.2
7.55,0,0,74.0,68.4,49.5,-0.065,98.2,0,2,0,0.5,70.8,3,20.07,SUPER_DREAM,77.1
5.86,0,1,58.2,51.4,28.3,-0.628,98.5,4,3,0,0.759,70.9,1,17.39,DREAM,72.7
6.57,0,0,45.7,40.7,30.5,-0.943,44.0,4,1,3,0.533,67.1,2,15.96,DREAM,53.2
6.98,0,0,43.5,61.2,64.1,0.765,99.8,2,3,3,0.584,44.8,3,25.38,SUPER_DREAM,81.2
5.36,0,0,38.0,25.5,8.2,-1.579,93.0,1,2,1,0.266,25.2,3,11.99,CORE,52.9
7.65,0,0,51.0,45.3,53.7,-0.186,99.6,2,0,1,0.619,65.8,3,20.63,SUPER_DREAM,77.4
7.33,0,1,60.2,71.9,73.9,1.366,98.0,2,2,1,0.703,37.5,1,26.84,SUPER_DREAM,81.6
5.76,0,0,56.2,36.1,50.5,-0.066,99.8,3,0,1,0.317,69.8,2,14.26,DREAM,67.7
8.04,1,1,63.4,70.8,83.4,1.635,97.7,3,3,2,0.774,94.2,3,32.0,SUPER_DREAM,99.0
8.39,0,0,70.7,73.0,55.0,0.488,99.8,1,0,2,0.496,70.0,3,21.69,SUPER_DREAM,80.1
7.85,2,3,62.4,70.3,73.3,1.339,69.5,3,2,2,0.62,58.5,2,23.13,SUPER_DREAM,71.1
7.24,0,0,67.1,32.9,32.8,-0.703,97.9,1,2,1,0.186,49.3,3,16.55,DREAM,66.8
8.25,1,2,59.5,57.6,59.0,0.615,99.3,1,2,2,0.609,56.3,2,20.63,SUPER_DREAM,75.5
8.35,1,1,42.1,62.3,61.9,1.106,98.5,2,2,0,0.651,64.4,3,22.76,SUPER_DREAM,80.4
7.94,0,3,70.0,50.7,49.9,0.109,94.7,1,3,0,0.513,81.1,1,19.01,DREAM,76.3
6.69,0,0,63.8,54.6,38.8,-0.425,84.5,3,0,1,0.645,67.1,2,18.09,DREAM,68.9
7.9,0,1,69.4,78.6,51.0,0.267,67.4,2,1,0,0.725,60.6,3,24.53,SUPER_DREAM,73.2
8.92,0,0,66.5,91.9,54.3,1.305,99.9,2,0,1,0.738,75.1,3,28.57,SUPER_DREAM,92.6
6.94,0,0,40.8,46.6,63.7,0.452,84.8,2,1,2,0.463,87.1,2,20.84,SUPER_DREAM,77.6
9.91,0,0,90.0,88.1,80.6,2.181,99.5,5,0,1,0.875,69.7,2,37.09,SUPER_DREAM,99.0
7.02,0,0,56.9,58.5,52.9,-0.353,100.0,4,2,0,0.581,67.9,2,20.63,SUPER_DREAM,77.9
7.64,0,4,59.8,67.7,59.6,0.914,99.8,3,0,2,0.603,40.1,1,23.24,SUPER_DREAM,76.7
6.86,0,0,75.5,38.2,48.3,-0.366,99.3,2,3,0,0.576,44.6,3,20.66,SUPER_DREAM,73.1
7.85,0,0,52.1,86.8,60.8,0.954,99.8,1,0,3,0.637,42.7,3,24.58,SUPER_DREAM,79.4
5.68,0,0,63.1,50.5,27.7,-0.888,96.0,2,0,0,0.553,62.1,2,14.19,DREAM,64.9
7.0,0,0,55.4,65.3,74.5,1.312,94.9,2,1,2,0.743,52.5,2,26.33,SUPER_DREAM,82.8
6.4,0,0,27.0,62.2,55.5,0.593,96.1,1,0,3,0.558,57.6,2,18.29,DREAM,70.8
7.75,0,0,60.3,67.7,58.3,0.261,96.5,1,0,3,0.471,52.3,3,20.52,SUPER_DREAM,73.6
8.69,0,0,83.5,56.3,61.3,0.513,99.8,2,2,2,0.455,53.6,1,21.77,SUPER_DREAM,76.9
8.31,0,0,63.7,64.5,62.6,0.879,99.9,3,1,2,0.641,37.2,3,27.18,SUPER_DREAM,82.7
5.0,1,3,17.3,6.9,32.5,-1.333,99.9,2,0,1,0.349,68.3,3,9.72,CORE,59.8
9.85,2,1,81.5,89.1,100.0,2.615,98.2,3,0,1,0.918,75.5,3,35.27,SUPER_DREAM,99.0
7.92,1,3,54.0,59.8,35.4,-0.329,42.8,2,1,1,0.582,66.0,3,13.69,DREAM,48.9
6.75,0,0,58.4,48.6,57.8,-0.469,83.1,2,2,2,0.444,70.5,1,18.7,DREAM,70.2
7.77,0,0,72.0,77.4,78.6,1.46,98.4,2,0,2,0.692,72.0,3,30.12,SUPER_DREAM,94.1
7.79,0,0,50.3,54.3,31.8,-0.406,99.6,5,0,2,0.695,71.4,2,18.13,DREAM,74.4
6.87,0,0,45.2,47.0,44.1,-0.143,96.3,0,0,1,0.344,77.7,3,15.33,DREAM,70.0
7.82,0,0,72.3,61.3,39.7,0.248,99.2,2,6,1,0.479,82.9,3,25.23,SUPER_DREAM,88.4
6.93,0,0,44.0,25.5,55.9,-0.898,91.4,2,1,3,0.227,88.7,1,15.09,DREAM,70.3
7.16,0,0,43.6,50.0,44.4,-0.24,99.0,1,0,0,0.436,36.1,1,13.93,DREAM,60.1
6.85,0,0,39.3,15.5,44.8,-1.123,99.4,2,2,0,0.136,72.0,3,16.03,DREAM,70.9
6.02,1,2,49.5,33.1,29.9,-1.304,95.5,2,3,3,0.301,46.8,2,10.93,CORE,56.2
7.76,0,0,66.3,72.3,71.1,1.058,98.3,2,0,1,0.629,86.1,1,23.5,SUPER_DREAM,85.9
8.24,0,0,59.2,71.9,68.0,1.191,82.4,0,2,1,0.53,66.0,2,24.53,SUPER_DREAM,78.8
8.17,0,0,66.7,56.5,67.2,0.735,44.0,2,3,2,0.605,69.1,2,23.43,SUPER_DREAM,66.1
8.5,0,0,88.3,69.1,69.9,0.773,65.6,1,0,2,0.443,66.8,2,24.53,SUPER_DREAM,73.9
7.96,0,0,52.9,47.5,70.8,0.529,40.0,2,3,0,0.352,68.2,2,22.74,SUPER_DREAM,63.5
7.01,0,0,31.7,52.1,44.5,0.155,98.9,2,2,0,0.589,89.7,3,22.84,SUPER_DREAM,85.7
8.52,0,0,75.7,100.0,97.9,2.642,99.4,4,1,2,1.0,83.6,2,40.79,SUPER_DREAM,99.0
6.11,1,2,44.7,68.0,16.1,-0.824,97.9,0,6,2,0.393,89.1,2,14.65,DREAM,71.6
6.61,0,1,42.6,48.4,13.2,-1.319,88.8,2,0,0,0.391,62.1,1,13.87,DREAM,62.2
6.54,0,0,58.2,49.2,10.9,-1.704,93.1,2,2,2,0.508,33.1,3,17.41,DREAM,63.6
8.79,0,0,83.0,58.0,33.0,-0.479,93.8,2,3,1,0.53,76.2,3,23.53,SUPER_DREAM,82.6
8.64,0,0,44.9,58.8,80.8,0.578,99.2,3,1,1,0.596,48.3,3,29.36,SUPER_DREAM,88.3
8.14,0,1,58.5,69.6,72.6,1.688,95.1,3,0,3,0.605,59.6,2,28.88,SUPER_DREAM,88.6
8.78,0,0,100.0,64.2,92.1,1.291,99.8,3,1,1,0.687,64.1,2,32.15,SUPER_DREAM,96.3
6.63,0,0,58.3,60.6,25.6,-0.188,44.1,1,0,0,0.465,65.0,3,11.24,CORE,45.0
7.98,0,0,72.9,84.8,74.2,1.968,83.6,4,2,0,0.812,74.7,2,33.6,SUPER_DREAM,96.0
7.46,0,0,73.7,61.7,55.6,0.467,97.9,2,2,1,0.462,51.1,2,20.72,SUPER_DREAM,74.1
8.53,0,1,70.5,70.3,70.4,0.987,99.3,0,1,3,0.555,74.4,3,26.35,SUPER_DREAM,88.6
7.47,0,0,69.3,33.7,65.9,-0.245,94.8,3,2,0,0.387,62.1,3,22.14,SUPER_DREAM,77.8
7.18,0,0,65.4,64.4,37.5,-0.238,40.3,2,0,1,0.567,100.0,1,14.18,DREAM,55.7
8.19,0,0,73.4,49.1,100.0,1.964,81.8,1,0,2,0.499,41.1,2,31.58,SUPER_DREAM,85.4
8.56,0,0,66.8,63.3,91.7,1.625,99.8,5,3,0,0.66,66.9,2,37.81,SUPER_DREAM,99.0
6.86,0,2,55.7,63.9,37.8,-0.078,99.8,2,0,2,0.561,74.2,1,14.71,DREAM,69.3
7.53,1,2,53.3,72.3,35.8,0.412,98.6,2,0,0,0.501,58.8,3,16.8,DREAM,69.4
6.44,0,0,49.5,39.3,40.6,-0.286,97.1,2,3,0,0.353,56.4,3,18.14,DREAM,70.6
5.0,0,0,21.0,24.3,28.3,-1.21,84.7,1,1,3,0.333,84.9,3,12.6,DREAM,63.4
7.82,0,0,53.7,51.2,78.0,0.93,97.9,5,2,1,0.535,77.6,3,31.05,SUPER_DREAM,96.7
8.27,0,0,64.3,49.2,43.2,-0.45,98.5,3,0,2,0.543,53.0,1,18.93,DREAM,71.7
7.89,0,0,52.6,52.9,64.8,0.333,97.4,2,0,2,0.618,42.8,3,23.77,SUPER_DREAM,77.4
5.46,0,0,33.5,12.4,2.9,-2.225,98.9,2,1,1,0.251,73.8,3,12.07,DREAM,64.5
7.21,0,0,55.2,63.9,59.4,0.728,97.6,3,2,1,0.581,69.8,3,25.07,SUPER_DREAM,85.0
5.16,0,0,41.4,37.3,25.0,-1.379,99.7,2,6,2,0.292,73.6,1,14.0,DREAM,67.9
9.11,0,0,87.5,83.0,100.0,2.183,84.5,1,2,1,0.487,63.0,2,36.99,SUPER_DREAM,99.0
6.41,0,1,43.5,32.1,14.0,-1.554,90.3,3,0,1,0.53,77.9,2,12.95,DREAM,64.3
8.98,0,0,90.8,57.1,97.4,1.294,99.2,2,0,2,0.486,89.0,3,33.68,SUPER_DREAM,99.0
8.64,0,1,82.7,70.8,38.0,-0.059,91.5,5,0,2,0.651,88.0,3,24.48,SUPER_DREAM,85.9
6.61,0,0,57.1,48.6,20.4,-1.612,99.9,3,0,0,0.439,52.7,1,12.65,DREAM,61.6
6.35,0,0,50.4,42.8,11.1,-1.539,98.6,2,1,0,0.334,100.0,2,14.35,DREAM,73.5
7.99,0,1,68.7,58.8,65.3,0.306,99.2,1,0,0,0.432,74.9,3,22.8,SUPER_DREAM,82.7
6.67,0,0,66.0,72.3,23.9,-0.419,74.0,2,0,1,0.817,43.6,2,14.6,DREAM,55.2
7.71,0,1,76.8,65.8,33.3,-0.869,75.8,3,6,3,0.714,71.6,2,23.67,SUPER_DREAM,76.5
7.07,0,0,71.7,80.3,53.5,0.769,99.5,1,2,2,0.661,68.4,3,23.56,SUPER_DREAM,82.8
5.64,0,0,41.9,54.8,40.8,0.094,94.4,2,0,0,0.599,63.3,2,16.95,DREAM,69.2
5.15,0,0,43.1,55.5,27.5,-0.602,97.2,3,0,2,0.715,61.9,3,16.18,DREAM,68.5
7.85,0,0,79.6,46.3,56.3,0.264,65.6,1,3,2,0.426,75.5,1,18.53,DREAM,65.7
6.98,0,0,47.3,60.1,81.7,1.0,97.8,3,3,2,0.716,75.6,2,27.65,SUPER_DREAM,90.5
6.99,0,0,51.1,45.9,51.5,-0.503,96.0,1,2,1,0.33,56.2,1,15.77,DREAM,66.3
8.37,0,0,68.8,43.7,79.9,0.772,99.9,0,1,2,0.237,57.0,3,26.34,SUPER_DREAM,85.3
8.89,0,0,84.7,93.7,74.3,1.807,98.0,0,2,2,0.574,56.4,2,29.58,SUPER_DREAM,90.0
7.3,0,0,69.0,51.2,32.8,-0.888,97.6,2,3,2,0.502,62.4,2,18.66,DREAM,72.9
7.23,0,0,54.5,39.7,61.6,0.003,99.6,5,0,0,0.368,78.3,2,21.77,SUPER_DREAM,81.8
8.15,0,0,48.4,58.8,51.0,0.133,97.0,3,3,2,0.698,83.0,2,24.39,SUPER_DREAM,86.4
6.11,0,0,49.0,31.0,36.7,0.076,94.2,1,3,2,0.238,61.8,2,14.78,DREAM,65.3
7.85,0,1,52.4,51.6,64.6,0.538,95.4,1,0,0,0.487,81.5,2,20.81,SUPER_DREAM,79.6
8.21,0,1,49.2,62.2,28.5,-0.972,99.4,2,0,0,0.444,71.6,1,15.76,DREAM,70.4
8.35,0,0,53.3,91.1,36.2,-0.238,69.2,0,2,2,0.726,67.0,2,19.01,DREAM,65.8
5.47,0,3,43.6,25.8,47.0,-0.354,98.6,3,0,1,0.471,93.0,1,12.85,DREAM,69.6
6.76,0,0,69.0,72.6,34.2,0.724,84.7,1,0,1,0.577,69.9,1,17.33,DREAM,68.3
6.63,1,2,51.8,59.9,33.5,-0.382,93.8,1,6,1,0.521,63.0,2,16.16,DREAM,67.7
7.71,0,1,64.6,65.4,60.5,0.52,99.6,2,1,0,0.495,77.5,1,21.46,SUPER_DREAM,81.2
8.13,1,1,80.5,74.9,55.6,0.795,97.1,3,1,3,0.708,46.5,2,20.57,SUPER_DREAM,72.7
9.25,0,0,58.9,76.9,83.5,1.303,99.2,1,0,2,0.676,61.7,1,29.49,SUPER_DREAM,91.2
7.06,0,0,61.8,70.6,48.7,-0.389,98.3,1,1,0,0.53,68.9,3,19.5,DREAM,75.8
7.05,0,0,55.4,60.5,53.2,0.618,94.9,2,2,0,0.666,75.8,3,23.78,SUPER_DREAM,83.3
8.86,1,1,80.4,49.2,58.7,0.062,99.5,2,0,1,0.322,68.6,2,18.18,DREAM,73.9
7.93,0,0,58.5,66.3,63.6,1.05,43.8,5,0,1,0.738,45.7,3,25.67,SUPER_DREAM,65.1
8.99,1,1,65.1,84.9,92.8,1.755,82.7,1,0,0,0.501,51.7,2,28.29,SUPER_DREAM,82.3
7.92,0,0,65.9,58.0,49.8,0.191,97.0,1,0,2,0.492,58.5,3,20.87,SUPER_DREAM,75.6
6.33,1,1,68.1,46.4,57.4,0.406,99.9,2,3,2,0.428,68.6,1,16.16,DREAM,70.6
6.13,0,0,56.7,33.9,37.7,-0.371,69.7,1,0,2,0.283,45.5,2,12.69,DREAM,51.2
5.89,0,0,37.8,20.5,48.9,-0.551,67.4,2,0,2,0.323,86.1,3,13.67,DREAM,60.2
8.33,0,0,52.2,44.9,67.3,0.471,91.6,1,1,2,0.352,69.7,2,23.26,SUPER_DREAM,80.2
8.91,0,0,53.9,51.5,71.3,0.854,94.5,4,2,1,0.825,69.3,2,29.04,SUPER_DREAM,90.6
9.63,0,0,97.1,90.3,86.9,2.053,99.5,2,0,3,0.817,62.4,1,33.04,SUPER_DREAM,97.4
8.53,0,1,58.8,33.9,89.2,0.467,94.8,3,2,2,0.42,43.4,2,27.85,SUPER_DREAM,83.5
8.88,0,0,69.9,63.3,75.8,0.659,99.7,4,0,1,0.629,66.4,3,28.55,SUPER_DREAM,90.8
6.96,0,0,70.5,40.9,57.2,-0.601,100.0,4,0,2,0.453,76.2,1,19.15,DREAM,77.2
6.33,0,1,28.9,40.7,34.3,-0.428,98.2,2,0,0,0.44,62.7,1,12.96,DREAM,63.6
8.54,0,0,88.3,42.9,95.7,1.11,95.3,5,0,3,0.558,81.0,3,35.03,SUPER_DREAM,99.0
8.06,0,3,62.6,69.3,73.2,1.329,99.7,3,0,0,0.744,64.1,3,28.97,SUPER_DREAM,91.0
7.72,0,4,48.4,42.1,59.0,0.233,92.2,1,1,1,0.348,75.4,2,20.28,SUPER_DREAM,76.6
8.03,0,0,62.3,79.1,59.1,0.555,93.3,4,0,0,0.788,63.3,2,26.47,SUPER_DREAM,84.8
7.96,0,0,55.9,53.8,78.1,0.882,94.4,2,0,2,0.506,70.7,2,24.37,SUPER_DREAM,83.1
9.01,0,0,80.4,72.8,62.2,0.687,96.8,1,2,3,0.557,78.0,3,26.06,SUPER_DREAM,88.1
9.02,2,1,67.5,74.3,41.2,0.04,41.2,3,1,1,0.722,48.8,3,13.73,DREAM,45.0
8.2,0,0,44.0,68.6,64.7,1.087,98.0,2,0,2,0.766,74.7,2,26.53,SUPER_DREAM,88.5
8.53,0,0,67.7,69.4,88.8,2.304,96.7,4,0,1,0.769,80.8,3,37.32,SUPER_DREAM,99.0
8.17,1,1,50.4,58.8,91.6,1.761,99.1,3,2,0,0.626,97.9,3,32.26,SUPER_DREAM,99.0
7.09,0,0,58.4,57.8,48.2,0.094,84.5,2,0,0,0.588,66.1,2,18.47,DREAM,69.4
8.43,0,1,55.1,74.3,67.0,1.373,95.1,1,1,1,0.571,33.5,3,29.21,SUPER_DREAM,83.9
6.07,0,1,39.8,31.0,47.1,0.048,42.3,3,0,1,0.32,38.3,2,11.15,CORE,38.9
8.76,0,0,74.8,77.3,65.4,0.589,99.8,2,3,2,0.42,51.7,2,26.04,SUPER_DREAM,83.7
6.29,0,2,45.3,60.8,49.7,0.576,96.0,1,2,0,0.322,84.2,3,17.61,DREAM,75.0
7.91,1,1,67.1,71.9,58.4,0.923,99.1,1,2,0,0.623,98.0,2,21.71,SUPER_DREAM,85.5
6.67,0,0,59.9,61.4,63.2,0.982,99.3,1,0,0,0.519,58.9,2,21.93,SUPER_DREAM,78.1
8.21,0,0,53.2,67.7,76.5,1.394,98.0,2,2,0,0.582,65.8,3,30.47,SUPER_DREAM,93.4
7.56,0,0,59.9,45.1,70.3,0.443,98.3,1,2,0,0.565,26.3,2,22.69,SUPER_DREAM,72.6
5.85,0,0,10.0,28.0,31.5,-0.387,98.5,1,0,0,0.253,74.8,3,11.83,CORE,64.2
8.06,1,3,68.6,68.2,96.4,1.858,99.4,2,3,1,0.408,67.0,3,33.0,SUPER_DREAM,98.2
6.96,0,0,51.0,64.8,57.3,0.384,88.6,1,6,2,0.574,61.2,3,27.41,SUPER_DREAM,84.5
8.57,0,0,58.9,100.0,72.3,1.82,89.0,1,0,0,0.853,50.5,2,29.4,SUPER_DREAM,85.8
7.6,0,0,64.8,72.4,42.5,0.515,100.0,4,3,2,0.804,59.7,2,24.88,SUPER_DREAM,83.4
8.03,0,0,79.4,47.0,59.7,0.259,69.2,3,1,1,0.603,44.8,3,23.01,SUPER_DREAM,68.1
6.55,1,2,44.8,36.3,45.6,-0.288,99.9,2,1,1,0.233,52.1,1,10.55,CORE,58.0
6.95,2,2,43.2,83.4,34.2,0.221,96.2,4,0,2,0.831,45.9,3,15.62,DREAM,64.1
7.1,0,0,57.9,50.0,44.9,-0.351,95.6,1,0,1,0.344,49.7,3,17.36,DREAM,67.6
8.54,0,0,54.4,69.6,64.5,0.582,98.5,2,3,3,0.649,47.7,3,27.59,SUPER_DREAM,85.1
9.45,0,0,71.5,65.5,79.3,0.769,96.3,2,2,0,0.7,73.7,3,31.46,SUPER_DREAM,96.1
6.71,0,0,66.8,70.8,13.8,-0.214,82.6,3,1,1,0.646,47.8,1,14.32,DREAM,58.2
8.78,0,0,73.6,78.6,68.0,1.045,93.6,2,2,0,0.723,64.2,2,29.39,SUPER_DREAM,89.9
5.21,0,0,14.6,21.5,20.8,-2.475,99.1,1,2,1,0.14,48.6,2,11.31,CORE,58.3
6.29,0,3,26.3,30.2,40.1,-0.574,99.4,2,0,1,0.33,49.2,3,14.1,DREAM,63.2
6.55,0,0,52.4,51.3,62.2,0.504,99.4,3,0,3,0.498,48.6,3,21.98,SUPER_DREAM,76.2
6.11,0,2,56.5,42.9,75.3,0.056,43.3,2,3,1,0.564,79.7,1,17.89,DREAM,58.8
5.86,0,0,24.2,51.1,47.5,-0.303,99.6,3,3,1,0.451,62.3,3,19.56,DREAM,74.9
8.05,0,0,70.9,71.3,39.4,-0.155,99.6,2,6,3,0.626,53.8,3,25.48,SUPER_DREAM,83.1
7.36,0,2,74.6,52.3,47.2,-0.262,45.0,3,0,1,0.656,49.9,3,19.05,DREAM,55.2
8.02,0,0,87.8,55.6,71.9,1.133,68.1,2,1,1,0.353,44.8,3,27.14,SUPER_DREAM,74.6
8.36,0,2,72.6,64.7,74.0,0.97,89.6,1,2,3,0.548,54.2,2,26.29,SUPER_DREAM,81.6
7.89,0,0,70.0,54.1,77.5,0.778,95.6,4,2,2,0.628,43.5,3,30.04,SUPER_DREAM,87.4
8.32,0,0,42.6,64.7,63.1,1.025,97.6,3,2,3,0.579,58.5,1,24.6,SUPER_DREAM,82.0
7.52,2,2,85.4,58.0,48.7,0.271,91.9,5,0,1,0.803,54.4,3,17.45,DREAM,67.5
6.29,0,0,41.0,31.7,72.1,-0.227,98.9,2,0,1,0.479,53.3,3,19.93,DREAM,73.6
8.76,0,2,61.4,80.2,71.2,1.056,84.3,3,0,0,0.794,83.6,1,27.05,SUPER_DREAM,87.1
6.95,1,3,51.5,46.3,30.1,-0.574,99.1,4,0,2,0.54,61.3,2,12.89,DREAM,63.5
6.57,0,0,68.8,35.5,70.4,0.042,99.8,1,0,3,0.193,62.3,2,17.89,DREAM,72.2
7.4,0,0,85.5,51.5,26.9,-0.053,98.0,4,3,0,0.615,84.2,3,21.93,SUPER_DREAM,82.8
6.6,0,0,52.5,50.9,0.0,-1.447,99.6,1,0,0,0.404,44.6,3,13.52,DREAM,61.3
7.14,0,0,68.4,54.7,64.5,0.304,97.1,1,1,0,0.436,57.7,1,18.13,DREAM,70.9
7.98,0,1,65.3,68.7,77.1,0.851,99.6,1,6,1,0.501,41.8,2,27.91,SUPER_DREAM,84.7
7.98,0,0,52.4,75.4,68.3,1.334,94.5,2,1,0,0.601,66.1,3,28.68,SUPER_DREAM,89.4
6.61,0,0,68.8,66.0,20.9,-0.747,93.7,0,0,1,0.464,74.1,3,15.24,DREAM,68.3
7.06,0,1,48.2,56.7,48.7,0.209,99.8,0,0,1,0.298,28.6,3,15.36,DREAM,61.3
8.78,0,0,91.2,56.6,65.4,0.248,98.6,2,2,3,0.599,77.9,1,22.33,SUPER_DREAM,82.4
8.15,0,1,82.0,60.8,53.1,0.33,99.9,2,0,1,0.485,69.7,2,19.19,DREAM,75.9
9.88,0,0,91.2,69.6,100.0,1.702,84.8,3,6,1,0.676,65.5,2,42.0,SUPER_DREAM,99.0
8.9,0,3,95.9,96.6,52.9,0.926,98.0,1,2,1,0.711,46.4,2,26.31,SUPER_DREAM,82.5
8.86,0,0,100.0,100.0,77.0,1.571,98.0,1,2,0,0.812,76.6,1,31.58,SUPER_DREAM,97.4
6.07,0,0,43.6,50.9,59.4,0.607,99.6,1,1,1,0.464,90.2,2,20.72,SUPER_DREAM,82.5
8.44,0,0,59.7,79.9,73.1,1.144,95.9,2,6,2,0.72,58.9,3,33.97,SUPER_DREAM,97.2
7.54,0,0,38.0,61.5,77.8,1.022,97.6,2,2,3,0.457,60.2,3,28.24,SUPER_DREAM,88.4
6.99,1,3,81.9,57.1,59.1,0.385,84.3,2,2,0,0.504,65.3,2,18.04,DREAM,68.4
7.78,0,0,57.6,38.3,66.1,0.733,99.4,2,3,2,0.516,59.0,3,25.23,SUPER_DREAM,83.7
8.64,0,1,85.0,69.0,75.3,1.406,97.2,3,3,0,0.636,62.3,2,30.67,SUPER_DREAM,92.7
8.15,0,0,57.6,52.3,73.9,0.999,97.4,1,0,2,0.51,80.4,3,25.77,SUPER_DREAM,88.2
6.63,0,0,69.8,51.9,37.7,-0.805,99.7,2,0,1,0.483,64.0,3,16.89,DREAM,70.9
8.42,0,0,60.8,66.7,42.6,-0.085,99.1,1,0,0,0.502,69.4,3,18.41,DREAM,74.3
6.9,0,0,39.7,78.1,65.0,1.368,99.5,1,0,1,0.622,95.5,3,24.65,SUPER_DREAM,90.0
7.84,0,0,60.9,74.1,80.0,1.029,99.3,1,3,2,0.512,87.0,3,29.04,SUPER_DREAM,95.6
7.27,0,0,51.3,58.9,56.7,0.405,84.3,2,0,0,0.604,49.3,3,20.39,SUPER_DREAM,69.1
7.36,1,2,65.7,52.2,43.4,-0.472,87.5,2,0,0,0.417,91.2,3,16.01,DREAM,71.2
8.44,0,0,68.8,91.3,38.3,0.186,97.2,4,0,2,0.924,85.7,3,24.9,SUPER_DREAM,87.8
6.46,0,0,57.1,45.6,44.0,0.237,97.0,4,6,1,0.645,87.4,1,21.81,SUPER_DREAM,82.9
9.74,0,0,78.9,86.8,57.6,1.179,84.4,2,3,2,0.762,55.6,3,31.54,SUPER_DREAM,89.0
5.6,0,0,33.0,37.2,5.4,-1.301,100.0,1,2,0,0.275,68.2,3,14.34,DREAM,67.5
6.94,1,3,47.4,45.7,47.9,0.087,44.9,3,2,2,0.515,59.1,2,14.29,DREAM,49.1
8.01,0,0,89.6,63.6,47.3,0.15,98.4,3,2,1,0.566,66.8,1,21.95,SUPER_DREAM,79.5
8.24,0,0,70.1,38.2,70.1,0.16,99.3,3,2,2,0.431,91.3,3,25.91,SUPER_DREAM,91.2
7.49,0,0,36.1,35.7,52.0,-0.346,99.6,0,0,0,0.208,67.1,3,16.78,DREAM,71.3
7.54,0,0,54.1,62.8,44.5,0.034,99.9,3,2,2,0.559,39.2,2,19.62,DREAM,70.5
8.05,0,0,66.7,85.5,30.9,0.671,95.8,4,2,1,0.889,59.4,3,24.42,SUPER_DREAM,81.3
7.35,0,0,80.6,60.7,37.8,-0.553,98.2,2,2,1,0.623,55.2,1,17.29,DREAM,69.3
9.13,0,0,88.7,65.4,59.9,0.438,99.8,3,1,0,0.722,91.8,2,26.87,SUPER_DREAM,93.1
8.52,0,0,59.2,48.6,45.2,-0.446,97.1,3,6,1,0.539,52.8,2,23.4,SUPER_DREAM,78.7
8.56,0,1,99.6,80.1,61.8,1.274,97.2,2,2,1,0.799,58.9,2,27.63,SUPER_DREAM,87.0
6.54,0,0,50.0,39.0,22.8,-0.481,99.3,3,2,2,0.399,59.4,3,18.29,DREAM,72.2
7.51,1,2,75.1,66.6,52.2,0.492,99.6,3,3,2,0.749,89.0,3,22.61,SUPER_DREAM,85.4
7.27,0,0,43.8,60.4,56.6,0.523,96.6,4,0,1,0.736,79.4,3,23.75,SUPER_DREAM,84.5
6.49,0,1,21.2,53.1,28.1,-0.568,99.2,4,0,0,0.615,73.5,2,16.16,DREAM,71.4
8.0,0,0,48.1,63.4,68.6,0.958,96.2,2,1,3,0.582,68.5,1,24.62,SUPER_DREAM,83.6
7.01,0,0,16.1,57.5,24.6,-0.381,99.9,0,2,3,0.485,68.2,3,16.69,DREAM,71.4
8.32,0,0,93.6,64.9,44.8,0.27,68.6,0,0,0,0.507,66.1,3,19.54,DREAM,66.4
6.42,0,0,51.8,36.8,40.0,-0.414,94.6,4,2,1,0.518,95.8,2,17.55,DREAM,76.8
9.49,0,0,68.8,65.9,91.3,1.789,97.8,2,3,0,0.545,46.0,3,37.06,SUPER_DREAM,99.0
6.61,0,0,56.6,14.4,60.0,-0.947,88.2,2,2,2,0.147,23.5,3,18.71,DREAM,62.4
7.84,0,0,65.7,58.7,88.1,1.318,98.9,2,1,0,0.54,71.6,1,27.76,SUPER_DREAM,90.3
8.47,0,0,77.2,89.5,59.9,1.177,99.8,1,0,3,0.595,86.0,1,24.21,SUPER_DREAM,87.5
6.97,0,0,69.2,61.9,46.4,0.254,99.2,2,3,1,0.612,67.8,1,18.89,DREAM,74.8
8.54,1,1,66.9,72.1,48.9,0.357,95.6,3,2,0,0.543,35.3,3,21.7,SUPER_DREAM,71.9
6.25,0,0,36.9,33.5,17.4,-1.261,97.1,1,1,2,0.319,76.2,3,14.61,DREAM,68.7
9.2,0,0,86.9,90.1,79.5,1.471,99.5,3,2,1,0.789,49.0,2,33.09,SUPER_DREAM,94.8
7.62,0,0,70.8,57.1,42.4,-0.618,93.9,3,0,1,0.545,45.7,3,17.89,DREAM,67.1
6.94,0,0,55.6,73.4,70.5,1.379,98.1,2,0,0,0.612,50.3,3,25.81,SUPER_DREAM,82.5
7.27,0,0,83.8,41.2,25.9,-1.238,99.6,2,0,1,0.178,40.9,2,14.15,DREAM,61.6
8.49,1,1,64.6,57.9,75.6,0.879,98.3,4,0,3,0.61,68.1,2,25.23,SUPER_DREAM,85.2
6.96,0,0,43.8,39.7,30.4,-1.02,98.8,2,1,1,0.328,55.3,2,14.56,DREAM,65.0
6.78,0,0,57.8,28.8,31.5,-0.502,96.6,2,2,0,0.253,45.0,3,17.53,DREAM,67.2
7.36,0,0,50.5,42.8,63.0,0.222,99.2,2,0,1,0.669,100.0,2,22.31,SUPER_DREAM,86.9
6.31,0,0,54.0,45.8,28.5,-0.822,95.8,4,1,1,0.45,57.0,2,17.07,DREAM,68.6
9.6,2,2,71.0,70.7,70.9,1.266,91.7,2,0,0,0.646,65.8,3,22.11,SUPER_DREAM,77.5
6.98,0,2,50.0,5.0,34.1,-0.73,97.8,3,2,0,0.151,88.3,3,17.75,DREAM,76.6
8.51,0,0,92.8,83.7,99.3,2.275,99.4,2,0,0,0.633,75.2,2,35.74,SUPER_DREAM,99.0
7.83,0,0,58.4,37.6,47.9,-0.427,93.0,1,2,1,0.215,93.6,3,18.98,DREAM,78.2
6.52,0,0,40.6,54.9,44.1,0.132,98.4,1,1,1,0.535,54.6,3,18.36,DREAM,71.0
7.59,0,0,75.0,59.0,52.5,-0.218,80.2,1,0,1,0.569,80.7,3,20.34,SUPER_DREAM,74.1
8.46,0,0,57.0,97.7,70.5,1.585,94.5,0,1,0,0.634,72.4,1,27.1,SUPER_DREAM,88.0
7.39,0,1,50.6,70.3,42.6,0.783,91.8,2,2,2,0.685,79.9,2,23.05,SUPER_DREAM,81.9
8.91,0,0,81.0,66.0,68.3,0.917,96.6,1,1,2,0.439,77.7,3,27.05,SUPER_DREAM,89.6
8.72,0,0,83.5,61.1,76.8,1.058,94.0,4,0,2,0.636,53.4,3,29.1,SUPER_DREAM,87.4
8.61,0,0,85.8,90.8,52.8,0.905,69.5,5,0,1,0.99,100.0,1,29.08,SUPER_DREAM,89.3
7.09,0,1,47.0,32.4,69.7,0.121,93.9,2,2,2,0.267,31.1,1,18.13,DREAM,64.6
6.41,0,0,56.3,48.2,63.3,0.457,99.8,2,3,1,0.398,52.0,3,22.06,SUPER_DREAM,77.1
6.93,0,1,48.7,49.3,59.0,0.49,99.7,2,2,1,0.467,75.2,1,18.71,DREAM,76.1
7.82,0,0,55.9,56.2,60.0,0.325,94.3,2,0,0,0.516,69.4,2,21.15,SUPER_DREAM,77.4
8.2,0,0,81.4,70.2,9.6,-1.557,93.9,2,2,0,0.525,67.0,2,18.69,DREAM,72.7
5.21,1,2,30.5,35.0,35.2,-0.606,97.8,2,0,0,0.543,75.7,3,11.06,CORE,62.9
7.59,2,2,64.2,64.9,49.0,0.91,99.2,2,3,1,0.507,52.4,3,19.1,DREAM,72.1
7.77,0,0,64.6,62.5,53.9,0.252,93.8,2,3,3,0.633,77.6,2,23.55,SUPER_DREAM,82.9
7.29,0,0,45.1,61.1,18.4,-1.168,92.3,2,2,0,0.595,63.1,3,18.06,DREAM,70.4
9.02,0,1,86.8,75.5,82.1,1.678,90.3,3,3,1,0.644,86.0,1,35.0,SUPER_DREAM,99.0
8.06,0,0,72.4,54.5,35.7,0.183,94.8,4,0,1,0.658,60.4,1,17.3,DREAM,69.3
9.04,0,0,51.6,74.5,75.6,1.418,97.2,3,0,1,0.634,72.0,2,30.08,SUPER_DREAM,93.7
7.36,0,2,62.0,46.0,69.6,1.026,99.4,2,0,0,0.448,74.6,3,24.1,SUPER_DREAM,84.9
8.63,0,0,62.0,59.0,60.1,0.722,88.6,3,2,0,0.659,78.6,2,26.64,SUPER_DREAM,86.7
9.4,0,0,92.2,73.7,99.7,2.176,99.2,2,1,0,0.591,65.6,3,39.33,SUPER_DREAM,99.0
9.04,0,0,58.1,72.8,60.1,0.603,97.8,3,0,2,0.723,60.7,1,23.59,SUPER_DREAM,80.8
6.4,0,0,44.7,45.9,52.6,0.081,81.3,4,0,0,0.515,53.4,2,19.37,DREAM,67.3
7.32,0,0,62.6,68.4,29.4,-0.261,99.6,1,3,1,0.553,72.3,3,20.03,SUPER_DREAM,77.7
7.22,0,0,57.9,47.4,70.2,0.536,98.1,1,0,3,0.401,36.5,2,21.48,SUPER_DREAM,72.5
8.14,0,0,75.5,67.3,78.4,1.122,99.1,2,0,1,0.562,69.6,3,29.55,SUPER_DREAM,92.9
8.35,0,0,50.3,68.6,73.7,1.15,99.4,1,0,1,0.393,70.7,3,26.55,SUPER_DREAM,88.2
6.68,0,0,71.6,39.9,38.0,-0.949,100.0,3,0,1,0.522,93.1,3,19.15,DREAM,80.5
7.67,0,0,68.0,60.5,31.9,-0.092,95.9,3,0,1,0.762,55.1,1,16.37,DREAM,67.1
5.38,0,2,55.1,48.2,22.5,-1.124,99.7,2,1,1,0.469,67.8,2,14.06,DREAM,66.9
9.19,0,0,87.4,78.7,95.2,1.855,95.8,2,1,2,0.622,67.4,3,37.38,SUPER_DREAM,99.0
7.04,0,4,55.2,55.6,51.8,0.264,98.2,2,1,1,0.526,48.4,3,20.14,SUPER_DREAM,72.7
7.66,0,0,46.2,49.4,29.0,-0.921,98.1,1,2,1,0.497,64.9,2,15.15,DREAM,67.7
7.26,0,1,50.8,82.4,31.9,-0.486,96.5,3,3,3,0.859,44.9,2,22.5,SUPER_DREAM,75.4
8.86,0,0,92.7,63.4,93.9,1.469,98.6,2,0,2,0.637,79.4,3,34.34,SUPER_DREAM,99.0
5.0,0,0,51.6,6.7,33.8,-1.783,99.1,2,0,1,0.202,73.9,2,10.55,CORE,62.1
7.58,0,2,53.4,70.4,33.8,0.136,99.7,3,0,1,0.727,71.5,3,20.97,SUPER_DREAM,79.2
7.48,1,2,26.0,55.7,23.0,-1.041,98.3,3,1,2,0.579,55.4,1,13.52,DREAM,63.1
7.1,0,0,53.5,48.9,39.0,0.092,98.4,1,0,2,0.326,86.3,3,19.04,DREAM,78.5
9.5,0,1,76.5,71.8,45.7,0.305,99.3,3,2,0,0.653,48.7,1,23.84,SUPER_DREAM,79.3
6.62,0,0,48.2,74.1,41.7,0.25,98.2,2,2,1,0.613,65.8,2,19.85,DREAM,75.7
8.45,0,2,75.8,72.9,100.0,1.364,98.8,3,2,0,0.714,47.5,1,34.14,SUPER_DREAM,96.0
7.99,0,0,75.4,70.6,32.2,-0.08,96.7,1,0,1,0.413,62.3,2,17.03,DREAM,69.9
8.99,0,0,86.8,76.1,69.5,1.084,98.4,1,1,3,0.634,84.1,1,25.08,SUPER_DREAM,88.1
6.87,0,0,59.0,54.3,71.0,0.327,64.6,3,3,1,0.399,72.1,3,25.7,SUPER_DREAM,76.6
6.79,0,0,31.3,69.3,60.0,0.713,98.5,2,0,0,0.638,51.2,3,21.63,SUPER_DREAM,75.8
8.81,1,2,69.0,68.4,68.0,0.787,80.6,2,0,0,0.692,57.2,3,24.03,SUPER_DREAM,75.7
8.07,0,0,93.3,43.3,59.2,0.077,98.5,2,0,1,0.495,59.3,3,20.83,SUPER_DREAM,76.1
5.9,0,0,48.5,52.1,15.0,-1.001,98.4,2,2,0,0.413,52.5,1,13.62,DREAM,62.7
7.01,0,0,59.5,59.0,44.3,-0.133,69.1,1,3,1,0.523,69.1,3,20.42,SUPER_DREAM,68.6
8.03,0,0,69.6,64.8,65.7,0.84,84.0,2,0,2,0.63,97.8,1,22.95,SUPER_DREAM,83.0
8.52,0,0,75.2,75.3,87.2,1.595,94.6,1,2,2,0.724,56.6,2,31.05,SUPER_DREAM,91.4
6.85,0,0,24.9,45.2,36.1,-0.372,99.5,2,3,0,0.466,93.9,1,18.06,DREAM,78.7
5.0,0,3,32.1,30.3,21.6,-1.405,99.7,4,1,2,0.534,64.9,3,15.45,DREAM,68.7
8.18,0,0,66.3,63.1,46.0,-0.177,91.5,2,0,0,0.527,69.8,3,22.27,SUPER_DREAM,78.5
6.26,0,0,63.0,35.6,44.1,-0.677,98.3,3,6,1,0.361,68.9,3,20.5,SUPER_DREAM,77.4
5.38,1,1,39.4,50.8,43.7,0.26,99.3,1,0,3,0.485,39.6,2,10.16,CORE,54.6
5.0,0,0,15.2,10.2,36.3,-0.919,98.9,4,0,0,0.382,71.8,1,9.56,CORE,60.0
8.5,1,3,75.1,100.0,45.9,1.24,98.5,2,3,0,0.769,28.5,3,25.56,SUPER_DREAM,77.9
7.74,1,1,52.8,72.4,60.5,1.15,98.2,2,0,1,0.53,68.1,2,21.25,SUPER_DREAM,78.5
7.35,0,0,43.9,31.0,41.0,-0.789,96.6,3,3,3,0.407,67.4,3,19.9,DREAM,75.6
9.13,0,0,66.3,72.3,92.7,1.816,99.0,2,0,0,0.629,42.0,1,31.14,SUPER_DREAM,90.0
8.3,0,0,74.5,64.0,61.7,0.653,97.7,2,3,0,0.586,66.0,1,23.7,SUPER_DREAM,82.0
9.38,0,0,93.9,83.6,50.2,0.876,91.4,1,2,1,0.716,60.6,3,26.95,SUPER_DREAM,84.5
6.07,0,2,51.5,27.9,33.9,-1.013,96.3,1,1,0,0.338,62.7,2,12.47,DREAM,62.2
7.56,0,0,68.2,58.6,64.0,0.62,99.4,3,1,0,0.591,62.8,2,24.85,SUPER_DREAM,83.8
5.82,0,0,48.9,37.3,39.3,-0.554,99.1,4,0,0,0.422,56.2,2,15.0,DREAM,66.0
7.35,0,0,59.7,45.5,44.0,-0.112,98.2,1,0,1,0.32,66.1,3,15.4,DREAM,68.4
7.33,0,0,66.6,43.3,42.4,-0.165,40.7,2,2,1,0.375,78.0,1,13.98,DREAM,51.1
8.29,0,0,38.9,79.0,46.7,0.51,96.9,0,3,2,0.544,61.4,3,23.02,SUPER_DREAM,79.7
7.65,0,2,62.8,35.4,49.7,-0.264,98.2,1,2,0,0.267,64.2,2,16.33,DREAM,69.5
8.29,0,0,55.3,72.8,49.0,0.495,91.8,2,3,1,0.61,74.7,3,25.74,SUPER_DREAM,85.4
8.37,0,0,82.7,78.3,82.9,2.048,98.8,3,3,1,0.734,99.0,2,33.84,SUPER_DREAM,99.0
9.97,0,0,82.9,81.6,68.4,0.666,96.3,0,2,0,0.52,62.1,1,25.71,SUPER_DREAM,84.2
7.25,1,1,57.9,55.5,54.2,-0.053,81.6,3,3,1,0.594,39.5,3,19.32,DREAM,64.6
6.56,0,0,32.6,63.5,44.8,0.315,95.2,1,0,2,0.651,51.5,1,14.99,DREAM,63.9
7.87,1,2,75.9,51.7,76.5,0.909,91.2,3,2,3,0.529,74.0,3,24.56,SUPER_DREAM,83.1
6.72,0,0,59.7,40.5,65.2,0.345,98.6,2,2,1,0.349,87.7,3,21.18,SUPER_DREAM,82.4
9.23,0,2,84.0,69.6,88.3,1.741,99.6,2,0,2,0.632,50.8,3,34.58,SUPER_DREAM,97.7
7.29,0,0,48.1,71.5,58.8,0.758,93.8,3,3,2,0.617,64.3,2,25.03,SUPER_DREAM,82.7
6.98,0,0,45.5,69.8,29.9,-0.375,96.2,1,0,3,0.537,65.3,3,15.55,DREAM,67.8
7.08,0,0,58.5,33.4,30.7,-0.722,91.4,1,1,2,0.239,53.5,1,12.37,DREAM,58.7
8.39,0,0,60.6,81.4,50.5,0.648,99.2,1,0,0,0.544,88.0,3,23.36,SUPER_DREAM,86.3
7.43,0,0,64.5,68.2,67.7,0.758,69.9,2,1,0,0.527,82.5,2,25.6,SUPER_DREAM,80.1
6.89,0,0,28.0,72.6,49.0,0.63,98.6,1,1,2,0.515,70.2,2,19.48,DREAM,76.1
9.43,0,0,73.5,84.1,93.8,2.193,98.7,2,2,1,0.626,58.7,3,39.59,SUPER_DREAM,99.0
6.66,0,0,73.1,47.6,62.9,0.405,84.8,0,2,0,0.436,79.3,1,17.77,DREAM,70.9
7.64,0,3,66.7,75.1,43.6,0.824,96.8,1,2,1,0.62,72.7,3,22.47,SUPER_DREAM,81.0
8.32,0,0,70.2,76.3,65.4,1.385,99.3,4,2,3,0.849,58.4,1,29.2,SUPER_DREAM,90.2
5.81,0,2,66.9,70.3,34.4,0.239,42.9,3,0,1,0.563,79.6,3,17.48,DREAM,57.9
8.13,0,0,38.3,77.8,56.6,1.526,69.8,1,1,1,0.581,70.5,3,27.67,SUPER_DREAM,81.2
6.44,0,0,39.6,48.0,32.6,-0.605,91.1,3,3,1,0.549,40.1,1,16.44,DREAM,62.7
8.51,0,0,65.2,52.1,88.4,1.055,97.3,3,2,0,0.677,50.1,2,32.04,SUPER_DREAM,92.6
6.54,0,0,60.7,38.8,44.4,-0.133,99.0,1,2,0,0.272,45.1,2,15.41,DREAM,64.4
8.36,0,3,79.1,46.9,65.6,0.329,98.0,2,0,2,0.345,80.5,3,23.43,SUPER_DREAM,84.5
8.82,0,0,62.8,69.0,56.3,0.573,99.6,4,0,3,0.738,54.5,3,25.37,SUPER_DREAM,83.1
8.55,0,2,82.5,82.0,79.7,1.236,91.5,3,6,3,0.7,74.4,2,34.98,SUPER_DREAM,99.0
7.88,0,2,58.9,61.6,41.4,0.157,96.8,3,3,1,0.748,97.6,2,24.34,SUPER_DREAM,89.1
7.35,0,0,73.0,70.1,61.3,0.301,96.9,2,0,0,0.654,76.9,3,21.65,SUPER_DREAM,80.5
6.97,0,3,42.3,56.4,57.3,0.316,99.7,3,1,3,0.552,58.7,3,21.31,SUPER_DREAM,77.2
9.22,0,0,75.7,70.8,68.2,0.956,100.0,2,1,2,0.593,53.8,1,25.39,SUPER_DREAM,83.1
6.83,1,3,47.4,51.4,52.7,-0.023,98.2,3,1,2,0.529,60.4,1,12.88,DREAM,63.0
6.46,0,1,62.3,52.7,45.9,-0.598,94.7,3,1,1,0.403,49.6,3,19.42,DREAM,70.7
8.33,0,0,62.0,68.6,64.3,0.271,97.0,0,2,1,0.484,47.8,2,20.45,SUPER_DREAM,72.7
6.72,1,2,51.7,51.1,45.9,-0.325,98.9,2,6,2,0.439,52.9,3,19.28,DREAM,72.4
6.55,0,0,56.6,36.3,44.8,-0.268,99.2,2,3,1,0.425,73.0,1,17.17,DREAM,73.0
6.01,0,0,51.7,35.1,39.5,-0.527,99.8,1,3,1,0.234,57.2,3,16.85,DREAM,69.5
7.07,0,0,66.3,84.4,50.9,0.71,88.9,2,2,2,0.765,61.6,2,23.23,SUPER_DREAM,77.7
7.51,0,0,62.6,74.8,35.2,-0.212,93.8,4,0,2,0.807,72.0,2,20.86,SUPER_DREAM,77.3
7.87,0,0,58.7,40.9,56.7,0.121,99.7,5,1,0,0.599,75.9,3,23.54,SUPER_DREAM,84.3
8.65,1,1,67.3,37.0,73.5,-0.094,84.2,3,1,1,0.539,36.1,2,20.29,SUPER_DREAM,66.3
8.18,0,0,67.1,66.0,64.9,0.049,99.0,1,3,2,0.372,39.2,3,23.21,SUPER_DREAM,76.2
7.39,0,0,61.9,68.8,70.8,0.928,99.3,2,3,0,0.637,59.2,3,29.02,SUPER_DREAM,90.0
7.38,0,0,57.1,48.9,64.7,0.257,94.5,1,1,3,0.399,48.3,3,21.92,SUPER_DREAM,74.6
8.16,0,0,66.8,79.1,47.3,0.803,92.4,3,0,2,0.728,77.8,1,21.61,SUPER_DREAM,79.3
9.0,0,1,56.8,74.8,70.0,1.144,93.8,3,0,2,0.625,58.0,1,26.97,SUPER_DREAM,84.7
7.74,1,1,70.4,57.8,52.3,0.72,80.8,4,2,0,0.531,92.0,1,20.09,SUPER_DREAM,76.1
7.08,1,3,58.0,63.5,49.9,0.104,97.2,4,0,0,0.756,57.7,1,15.22,DREAM,66.1
6.51,0,0,62.1,39.1,43.0,-0.28,97.6,1,3,0,0.397,69.6,2,16.67,DREAM,71.0
6.01,0,0,45.1,37.1,48.1,-0.39,96.0,1,1,1,0.464,55.0,3,16.83,DREAM,67.8
8.33,0,2,47.5,76.0,68.2,1.481,97.7,4,6,1,0.929,72.3,1,32.57,SUPER_DREAM,98.1
8.24,0,1,63.1,65.2,86.0,1.321,99.6,3,0,0,0.512,72.6,3,30.7,SUPER_DREAM,95.6
8.24,0,0,65.0,92.3,68.2,1.647,97.9,2,0,0,0.754,78.3,1,27.58,SUPER_DREAM,91.0
7.46,0,0,68.5,66.8,39.6,-0.302,93.6,2,1,1,0.607,63.0,2,19.96,DREAM,73.9
9.15,0,2,51.6,84.4,66.4,1.055,92.0,2,3,1,0.788,84.1,2,30.15,SUPER_DREAM,94.7
7.07,2,1,56.2,52.0,60.7,0.336,98.6,2,0,1,0.598,69.5,3,14.38,DREAM,67.4
8.65,0,0,77.7,82.4,39.8,0.72,99.9,1,3,0,0.555,55.4,3,24.07,SUPER_DREAM,81.2
7.56,1,1,52.6,53.6,31.5,-1.143,99.4,2,1,3,0.452,55.5,2,14.48,DREAM,65.0
6.93,0,0,55.2,55.2,48.4,-0.045,95.0,2,3,1,0.616,75.9,3,22.37,SUPER_DREAM,81.0
8.25,0,0,60.0,52.9,81.1,0.883,93.4,1,0,0,0.297,84.0,3,26.58,SUPER_DREAM,89.1
8.05,0,0,56.8,78.1,85.1,0.993,97.4,5,1,0,0.761,48.2,3,32.75,SUPER_DREAM,93.4
7.99,0,0,60.0,67.0,57.0,0.411,99.9,1,0,0,0.564,76.3,2,20.24,SUPER_DREAM,79.0
7.69,0,0,53.4,87.3,76.4,1.076,95.0,2,0,0,0.896,42.7,2,26.7,SUPER_DREAM,81.5
7.56,0,0,68.8,91.6,57.0,0.343,98.7,2,1,1,0.627,55.7,3,23.69,SUPER_DREAM,80.2
10.0,0,0,76.2,95.7,57.4,1.058,84.0,2,0,3,0.795,72.3,3,29.21,SUPER_DREAM,88.3
8.9,0,1,63.2,73.9,71.7,1.04,80.9,1,2,0,0.622,52.3,2,26.98,SUPER_DREAM,79.7
8.4,1,4,90.2,54.1,54.6,0.147,89.6,2,2,2,0.616,87.0,3,21.61,SUPER_DREAM,80.3
7.72,0,0,73.8,72.6,74.2,1.254,98.0,1,0,3,0.604,74.1,3,28.79,SUPER_DREAM,92.2
8.71,0,0,49.7,73.7,69.0,0.782,96.1,2,6,1,0.489,47.3,2,28.61,SUPER_DREAM,86.0
8.17,0,3,57.5,72.4,40.0,0.686,69.2,1,6,0,0.464,74.8,2,23.9,SUPER_DREAM,75.6
7.63,0,0,64.2,83.1,29.6,0.039,94.9,1,3,1,0.752,45.2,2,18.77,DREAM,68.8
7.27,0,1,61.5,43.4,51.8,0.308,95.0,4,2,2,0.579,65.1,2,22.23,SUPER_DREAM,78.6
7.51,1,1,42.2,44.7,11.6,-1.763,99.5,3,1,0,0.403,78.2,2,12.83,DREAM,66.9
5.0,0,0,48.9,26.7,15.7,-1.746,97.4,1,0,1,0.286,75.6,3,10.35,CORE,61.6
7.83,0,2,73.2,72.6,63.1,1.053,97.8,4,0,2,0.773,63.7,3,29.56,SUPER_DREAM,91.4
7.06,1,1,61.4,60.5,30.7,-0.437,99.7,1,2,1,0.284,59.8,3,14.43,DREAM,65.9
9.35,0,0,94.8,65.3,95.1,1.338,99.6,1,2,1,0.349,47.6,1,29.94,SUPER_DREAM,89.3
7.62,0,0,66.6,69.4,77.9,0.674,99.2,1,2,1,0.571,67.7,3,28.76,SUPER_DREAM,91.2
6.29,0,0,53.3,27.4,22.2,-1.066,97.2,3,2,1,0.535,77.1,1,13.27,DREAM,66.7
7.55,0,0,79.1,46.3,50.2,0.126,94.9,2,0,1,0.465,96.0,2,19.3,DREAM,79.8
6.45,0,0,62.7,44.3,60.3,0.268,99.0,1,2,1,0.174,58.2,2,20.15,SUPER_DREAM,74.9
8.12,0,0,56.1,56.6,62.4,0.356,97.8,0,0,1,0.267,77.7,3,20.95,SUPER_DREAM,79.8
7.92,0,0,71.8,74.6,34.9,-0.294,99.6,2,1,0,0.692,76.5,2,19.42,DREAM,77.5
8.65,1,2,63.6,74.2,66.3,0.956,99.7,3,0,3,0.758,57.9,3,25.09,SUPER_DREAM,83.3
6.73,0,0,58.4,73.7,30.4,-0.507,99.0,3,0,0,0.681,75.8,3,21.26,SUPER_DREAM,80.3
7.64,0,0,67.1,55.6,76.6,0.683,99.3,2,3,0,0.47,52.8,3,28.99,SUPER_DREAM,88.7
6.1,0,0,29.4,40.4,49.1,0.158,97.9,3,0,0,0.526,68.9,1,15.16,DREAM,68.4
8.37,0,0,67.3,84.0,59.8,0.42,93.0,3,2,3,0.857,61.8,2,26.68,SUPER_DREAM,84.7
8.17,0,0,69.9,63.6,65.6,0.944,100.0,2,3,1,0.621,71.7,2,27.78,SUPER_DREAM,90.6
8.15,0,0,61.2,85.5,39.2,0.835,95.3,2,0,1,0.642,72.8,1,20.29,SUPER_DREAM,77.0
7.6,0,0,64.8,66.2,42.7,0.348,93.9,1,1,3,0.595,57.1,2,18.05,DREAM,69.7
8.06,1,1,75.2,30.7,89.6,0.922,97.8,2,0,3,0.307,64.9,3,25.3,SUPER_DREAM,84.5
9.36,0,4,78.3,94.5,78.3,1.601,41.2,3,0,1,0.793,63.1,1,29.42,SUPER_DREAM,74.0
7.29,0,0,60.6,67.9,69.2,0.74,98.3,1,1,1,0.484,48.7,3,24.53,SUPER_DREAM,80.1
7.75,0,0,79.1,73.6,62.2,0.164,99.8,2,1,3,0.637,59.5,3,24.94,SUPER_DREAM,83.4
6.41,0,0,54.7,18.7,65.5,-0.149,99.7,2,0,1,0.297,56.3,3,16.99,DREAM,69.5
6.64,1,1,53.9,38.8,8.8,-1.582,96.9,1,1,1,0.17,48.1,2,8.51,CORE,52.9
7.71,0,0,50.6,51.5,54.1,-0.055,44.5,1,0,2,0.362,52.9,1,16.21,DREAM,50.9
8.81,2,2,81.2,60.2,100.0,1.698,98.3,1,3,1,0.444,61.1,2,28.27,SUPER_DREAM,88.8
7.32,0,0,62.1,79.9,70.0,1.217,98.9,2,2,0,0.762,65.8,3,29.57,SUPER_DREAM,92.1
7.34,0,0,73.8,55.6,76.9,0.729,99.3,2,0,0,0.44,46.3,2,23.59,SUPER_DREAM,78.4
7.15,0,0,57.1,53.2,50.7,0.568,96.9,2,3,2,0.466,83.0,2,20.17,SUPER_DREAM,79.3
7.01,0,3,33.3,59.9,39.5,0.101,97.4,1,0,0,0.544,74.2,2,15.68,DREAM,70.2
7.92,0,1,43.8,70.1,41.6,0.42,97.9,2,0,3,0.614,63.7,3,22.37,SUPER_DREAM,79.4
5.95,0,0,53.4,5.0,16.7,-1.93,84.1,0,0,0,0.158,46.7,3,9.44,CORE,50.3
9.01,0,0,68.2,65.1,87.6,1.583,99.5,1,2,1,0.503,61.8,3,33.03,SUPER_DREAM,97.3
6.87,0,0,58.9,30.8,56.7,-0.454,98.5,2,0,1,0.486,60.9,2,17.32,DREAM,70.6
8.39,0,0,70.3,72.9,64.5,1.095,96.6,3,0,1,0.856,48.8,2,25.92,SUPER_DREAM,81.9
6.2,0,1,45.0,39.2,48.6,-0.32,98.3,3,2,0,0.491,47.6,2,16.51,DREAM,66.5
8.34,1,1,67.2,66.9,67.6,0.559,78.0,0,6,0,0.502,76.5,3,24.8,SUPER_DREAM,80.0
8.34,1,1,58.0,37.6,82.4,0.717,100.0,2,1,1,0.428,60.1,3,23.69,SUPER_DREAM,81.5
8.02,0,4,65.0,58.9,78.4,0.943,87.2,2,1,1,0.598,78.3,2,27.43,SUPER_DREAM,87.5
6.51,0,0,43.0,62.2,23.9,0.157,97.6,3,3,1,0.625,64.8,3,19.09,DREAM,74.1
7.87,1,2,59.3,81.4,64.4,1.19,96.4,1,0,0,0.723,76.3,2,21.11,SUPER_DREAM,79.4
6.3,0,1,44.1,54.3,10.5,-0.623,99.2,3,0,1,0.6,75.8,1,14.3,DREAM,68.7
7.32,0,0,55.5,36.8,55.3,0.234,93.6,2,3,1,0.489,72.0,3,25.01,SUPER_DREAM,84.2
8.73,1,1,83.4,88.7,80.7,1.705,96.8,3,2,0,0.685,82.7,3,32.02,SUPER_DREAM,99.0
8.48,0,0,68.2,78.4,43.1,0.226,97.1,5,0,0,0.866,66.5,1,23.2,SUPER_DREAM,81.1
7.62,0,1,73.5,57.1,48.9,-0.412,84.2,4,2,1,0.721,42.6,3,23.75,SUPER_DREAM,73.4
6.53,0,0,68.7,18.5,43.5,-1.087,99.2,2,3,1,0.158,45.0,1,14.31,DREAM,62.6
8.31,0,0,78.4,79.8,68.9,1.362,97.8,4,0,0,0.833,55.2,1,28.4,SUPER_DREAM,87.7
7.62,0,0,67.6,50.5,51.4,-0.037,94.6,1,0,1,0.462,76.1,3,18.25,DREAM,74.0
5.05,0,0,39.4,35.4,4.5,-1.546,98.8,0,0,2,0.386,59.0,2,8.77,CORE,56.1
8.46,0,0,80.0,69.0,65.6,0.238,99.1,2,2,2,0.576,68.1,3,26.36,SUPER_DREAM,87.3
7.57,0,0,61.8,79.8,26.1,0.017,95.5,5,2,1,0.876,73.0,3,23.28,SUPER_DREAM,82.1
8.92,0,0,86.0,71.4,67.9,1.293,97.7,3,0,1,0.635,67.5,2,28.58,SUPER_DREAM,90.4
6.4,0,0,56.3,45.1,33.8,-1.116,99.0,2,2,2,0.425,30.6,3,15.19,DREAM,61.1
5.0,0,2,30.7,52.1,22.6,-0.669,99.9,3,2,3,0.674,47.2,1,14.23,DREAM,63.1
7.91,0,2,74.8,52.8,49.8,0.453,97.4,0,0,1,0.367,91.5,2,18.17,DREAM,77.8
7.92,0,0,65.3,73.5,32.9,0.462,99.1,2,2,2,0.578,69.9,2,21.69,SUPER_DREAM,79.9
5.74,0,1,41.1,35.4,27.3,-1.125,99.9,1,2,1,0.293,24.5,3,14.71,DREAM,59.4
6.52,0,0,44.5,32.7,60.0,0.19,98.1,0,1,0,0.188,66.0,2,17.18,DREAM,71.3
10.0,1,1,87.0,85.0,100.0,2.629,99.2,1,3,1,0.62,92.0,3,39.34,SUPER_DREAM,99.0
7.26,0,0,69.6,64.6,96.1,1.794,84.2,3,0,1,0.589,69.1,2,30.71,SUPER_DREAM,90.3
8.4,0,0,79.7,86.4,96.3,2.502,93.7,2,0,0,0.685,65.7,1,33.05,SUPER_DREAM,96.3
6.88,0,0,58.1,71.4,26.1,-0.301,97.5,0,2,0,0.405,37.6,2,13.87,DREAM,59.9
5.3,0,0,45.2,29.2,21.3,-1.16,94.4,2,2,2,0.33,60.9,3,14.89,DREAM,65.3
7.41,0,1,74.4,42.7,53.5,-0.226,99.8,3,6,2,0.401,40.4,3,22.86,SUPER_DREAM,76.1
7.31,0,1,56.3,50.9,51.2,0.004,98.9,5,0,0,0.748,46.7,1,19.2,DREAM,71.0
7.16,0,0,43.2,37.2,52.2,-0.06,99.9,4,0,1,0.476,43.2,2,18.13,DREAM,68.8
7.47,0,0,75.4,54.2,98.0,1.315,97.6,0,1,0,0.412,91.1,2,29.6,SUPER_DREAM,96.8
7.89,0,2,57.5,57.0,40.2,-0.22,93.6,1,3,1,0.492,75.9,2,20.04,SUPER_DREAM,76.7
7.43,0,1,51.1,67.0,41.4,0.309,97.8,1,1,3,0.382,86.0,1,17.11,DREAM,75.1
6.21,0,0,25.5,12.4,69.1,0.437,99.4,2,2,0,0.186,45.1,3,20.96,SUPER_DREAM,73.8
8.13,0,0,73.2,54.2,51.5,-0.485,99.6,2,0,1,0.637,67.9,1,17.2,DREAM,72.1
5.46,0,0,20.1,24.9,37.6,-0.283,99.5,1,1,2,0.172,49.9,1,11.01,CORE,58.2
5.34,0,0,29.4,50.4,47.8,-0.137,99.5,4,0,2,0.775,51.5,2,17.27,DREAM,68.9
8.41,0,0,76.2,52.0,74.7,1.07,99.2,3,3,1,0.587,72.0,3,31.55,SUPER_DREAM,96.8
8.16,0,0,75.2,67.9,66.3,1.197,99.8,2,0,2,0.637,67.7,1,23.69,SUPER_DREAM,83.0
7.54,1,2,52.5,56.1,72.3,1.262,95.5,2,1,3,0.532,69.3,1,19.08,DREAM,74.3
6.07,0,0,44.0,56.3,21.7,-0.941,90.7,2,0,1,0.598,46.2,1,13.07,DREAM,58.2
6.82,1,4,42.7,58.4,37.9,-0.262,98.1,2,3,0,0.617,66.9,2,15.24,DREAM,68.2
7.31,0,1,51.5,57.1,62.4,0.497,99.9,4,2,1,0.638,70.2,3,27.35,SUPER_DREAM,89.6
5.84,0,3,46.6,31.5,0.0,-1.977,96.7,1,6,2,0.246,54.9,3,16.72,DREAM,67.9
6.79,0,0,46.9,23.7,71.9,0.528,94.9,3,0,0,0.232,60.9,1,21.64,SUPER_DREAM,76.7
8.32,0,1,65.2,70.0,70.3,0.984,99.8,1,0,0,0.615,40.3,2,25.72,SUPER_DREAM,80.9
9.17,0,0,59.1,83.3,77.8,1.014,99.2,2,0,0,0.708,32.7,3,29.92,SUPER_DREAM,86.2
7.14,0,0,70.0,31.5,21.3,-1.421,98.9,2,2,0,0.273,95.1,3,15.84,DREAM,75.1
8.43,0,0,75.4,50.5,43.0,-0.673,99.1,0,0,2,0.307,68.1,3,17.04,DREAM,71.8
5.49,0,0,49.5,39.0,23.8,-1.076,99.6,1,2,0,0.327,59.6,3,13.31,DREAM,64.0
8.33,2,2,83.7,71.3,79.4,1.511,99.8,1,0,2,0.481,77.0,1,18.98,DREAM,77.0
6.72,2,2,42.3,35.0,8.2,-1.75,96.1,2,2,0,0.369,51.9,1,5.79,MASS,48.9
7.94,0,0,60.1,54.3,74.4,0.698,99.1,2,0,3,0.37,66.7,1,22.67,SUPER_DREAM,80.8
7.33,0,0,35.5,29.9,46.4,-0.591,99.5,5,1,1,0.467,81.6,3,22.78,SUPER_DREAM,84.1
9.05,0,0,100.0,93.9,69.6,1.508,98.7,1,2,0,0.624,48.5,3,30.32,SUPER_DREAM,89.8
6.64,0,0,49.6,29.8,49.2,-0.272,99.9,1,0,2,0.285,57.6,3,14.54,DREAM,65.7
8.29,1,1,80.4,73.8,69.3,1.298,68.2,2,3,1,0.558,44.3,3,27.03,SUPER_DREAM,74.4
7.29,0,0,43.1,54.7,39.7,0.462,69.4,1,2,1,0.398,77.5,3,21.39,SUPER_DREAM,72.0
7.43,2,3,71.2,74.7,65.4,0.993,93.2,0,1,3,0.704,68.1,1,14.55,DREAM,65.8
7.4,0,0,81.3,45.3,12.0,-1.013,68.1,2,1,1,0.506,82.6,1,15.34,DREAM,62.5
6.67,0,0,51.0,49.2,36.9,-0.884,96.7,4,0,2,0.633,77.6,3,20.08,SUPER_DREAM,78.0
7.58,0,0,48.7,34.7,58.8,-0.157,94.5,4,1,1,0.586,61.1,3,21.19,SUPER_DREAM,75.9
7.53,0,0,58.6,30.7,49.2,-0.492,98.8,1,1,2,0.316,71.2,3,17.54,DREAM,73.1
7.87,0,0,36.9,69.9,26.5,-0.613,93.5,1,0,0,0.437,71.3,2,15.93,DREAM,68.9
7.69,1,1,61.5,34.6,71.0,0.161,97.4,2,3,2,0.257,76.0,2,21.01,SUPER_DREAM,79.4
8.48,1,1,79.6,65.1,44.3,0.097,92.6,2,0,0,0.359,87.0,2,16.55,DREAM,72.8
8.62,0,0,70.7,83.9,67.2,1.043,64.8,3,0,1,0.784,48.6,1,25.22,SUPER_DREAM,71.2
6.44,0,0,46.0,56.3,45.1,0.76,98.1,2,1,3,0.43,36.9,3,19.36,DREAM,69.1
8.56,0,0,76.9,59.8,68.0,0.891,94.4,0,2,0,0.373,49.2,3,24.02,SUPER_DREAM,78.2
6.3,0,0,55.2,22.0,61.6,0.388,97.2,1,0,0,0.188,72.1,3,18.59,DREAM,74.6
8.25,0,0,47.5,72.8,63.0,1.295,97.6,4,1,1,0.701,71.2,3,30.32,SUPER_DREAM,94.1
8.28,0,0,68.9,84.9,72.1,1.168,98.2,2,0,3,0.711,56.5,2,27.95,SUPER_DREAM,87.3
5.5,0,1,69.2,26.2,30.0,-1.066,97.6,3,2,1,0.341,60.9,3,14.62,DREAM,65.8
7.7,0,1,46.0,48.5,68.5,0.393,83.1,2,1,0,0.429,52.5,2,22.82,SUPER_DREAM,73.5
7.08,0,3,54.8,45.6,75.1,0.616,68.5,3,3,2,0.375,63.4,2,24.97,SUPER_DREAM,74.9
6.77,0,0,76.0,57.4,48.7,-0.185,98.9,1,0,1,0.481,54.6,2,15.44,DREAM,66.3
9.09,0,3,89.1,92.1,88.1,1.854,94.9,3,3,3,0.999,89.6,3,40.17,SUPER_DREAM,99.0
6.88,0,0,47.6,33.3,73.8,0.488,96.0,3,2,1,0.435,84.8,3,24.17,SUPER_DREAM,86.0
6.71,0,0,54.6,27.9,70.0,0.257,96.0,1,3,1,0.437,75.9,3,22.57,SUPER_DREAM,81.6
7.68,1,3,61.8,92.3,50.3,0.929,98.2,1,3,1,0.66,65.5,1,19.33,DREAM,74.8
8.35,0,0,59.6,64.4,83.9,1.288,99.4,2,1,1,0.551,82.1,3,32.28,SUPER_DREAM,99.0
7.44,0,0,58.6,60.4,58.8,0.731,99.9,2,0,2,0.541,66.5,3,23.99,SUPER_DREAM,83.3
8.88,0,1,70.5,63.0,91.7,1.435,100.0,2,2,0,0.548,67.4,2,33.02,SUPER_DREAM,98.5
8.18,0,2,68.2,71.9,73.4,1.558,99.8,3,0,0,0.776,39.1,3,30.52,SUPER_DREAM,88.6
5.2,0,1,28.1,45.7,32.4,-1.168,99.1,3,0,1,0.325,68.9,3,15.5,DREAM,69.3
7.02,0,0,39.9,56.4,57.0,0.536,99.6,2,3,1,0.478,45.6,3,23.33,SUPER_DREAM,77.9
6.98,0,0,54.3,76.2,53.4,0.771,99.4,2,0,1,0.786,59.0,3,22.5,SUPER_DREAM,79.1
8.13,0,4,86.9,59.8,67.8,0.529,92.6,0,0,0,0.379,67.5,1,19.22,DREAM,73.3
5.0,0,0,36.0,26.3,22.1,-1.416,93.6,1,2,3,0.319,51.5,2,10.1,CORE,55.2
10.0,0,0,81.0,88.2,80.5,1.818,99.5,2,3,0,0.786,72.2,3,38.23,SUPER_DREAM,99.0
8.18,0,0,75.9,71.5,94.9,2.054,93.7,3,3,3,0.675,80.8,2,37.36,SUPER_DREAM,99.0
7.76,0,0,60.7,63.6,66.8,0.25,90.5,3,2,3,0.65,51.7,2,24.08,SUPER_DREAM,77.6
8.9,0,0,96.4,54.9,61.5,0.631,94.6,3,0,1,0.558,66.8,3,25.26,SUPER_DREAM,83.8
10.0,0,0,85.0,89.4,80.0,1.55,99.1,2,2,0,0.576,46.3,2,33.48,SUPER_DREAM,94.8
8.56,0,0,79.0,63.9,86.7,1.717,99.2,1,2,0,0.544,47.5,2,29.8,SUPER_DREAM,88.9
8.64,0,0,62.4,61.9,55.5,-0.149,99.4,2,0,3,0.504,69.7,3,21.36,SUPER_DREAM,79.4
7.74,0,0,68.5,60.6,31.2,0.384,99.7,0,3,3,0.314,75.7,2,18.29,DREAM,75.5
7.44,0,0,62.7,43.4,29.0,-1.028,98.8,2,0,3,0.455,42.4,1,15.91,DREAM,64.6
7.08,0,1,55.1,36.9,18.8,-0.768,99.2,1,0,3,0.344,95.7,3,15.57,DREAM,74.8
6.69,0,0,45.9,12.0,21.9,-1.624,97.3,1,0,0,0.222,57.5,2,11.36,CORE,59.6
6.84,0,0,45.8,74.7,25.9,-0.474,94.5,2,3,1,0.622,68.1,1,16.19,DREAM,68.9
6.11,2,3,49.5,50.0,63.3,0.48,97.3,0,0,2,0.419,57.0,1,7.8,CORE,53.6
7.52,0,0,67.7,56.0,54.4,0.561,99.3,2,1,1,0.514,60.7,2,22.33,SUPER_DREAM,79.2
5.75,0,0,40.9,28.9,27.4,-1.566,98.2,2,3,1,0.35,87.8,2,14.55,DREAM,71.3
7.81,0,0,66.5,20.6,32.7,-0.894,83.0,3,0,0,0.359,87.6,2,16.46,DREAM,69.8
7.56,1,1,60.1,48.0,53.1,0.05,97.8,1,0,0,0.289,40.2,1,12.13,DREAM,57.6
7.76,1,2,63.8,70.4,26.9,-0.113,99.6,0,0,0,0.523,56.5,3,13.02,DREAM,62.9
7.03,0,2,52.9,65.5,42.7,0.092,99.3,3,1,0,0.647,100.0,2,19.72,DREAM,82.7
10.0,0,1,85.2,94.0,100.0,2.208,99.4,1,1,1,0.696,58.5,3,38.37,SUPER_DREAM,99.0
9.1,0,0,100.0,77.3,86.1,1.295,98.3,4,2,1,0.79,71.3,3,35.19,SUPER_DREAM,99.0
6.23,0,0,51.0,61.8,36.0,0.018,99.8,1,0,1,0.697,82.0,2,16.04,DREAM,73.1
7.86,0,0,71.3,56.8,71.8,0.992,98.5,2,2,2,0.364,77.8,2,25.55,SUPER_DREAM,87.7
6.93,0,0,59.6,66.4,38.8,0.191,99.8,1,6,2,0.515,22.7,3,22.37,SUPER_DREAM,71.8
6.48,0,1,46.7,40.9,28.4,-0.701,99.2,2,3,0,0.472,70.0,3,16.65,DREAM,71.5
6.13,0,0,61.8,30.0,69.2,0.46,97.7,4,2,0,0.351,91.2,3,24.7,SUPER_DREAM,88.7
8.08,0,0,62.3,49.7,41.3,0.157,98.9,2,3,1,0.498,65.4,1,19.03,DREAM,74.5
6.85,1,1,66.2,35.5,40.8,-1.129,99.3,3,6,2,0.452,49.4,2,15.68,DREAM,65.8
8.66,0,0,67.6,79.5,74.5,0.623,83.1,1,2,1,0.49,49.7,3,28.94,SUPER_DREAM,83.1
8.69,0,0,60.4,60.2,52.5,0.794,97.3,4,0,1,0.615,62.0,1,21.8,SUPER_DREAM,77.9
9.11,0,0,80.5,60.8,86.0,0.894,69.4,2,3,0,0.688,75.1,2,32.71,SUPER_DREAM,90.4
6.66,0,0,38.4,58.3,39.4,-0.477,99.3,1,3,1,0.341,100.0,1,16.17,DREAM,76.7
8.12,0,0,72.7,68.9,74.4,1.025,98.0,0,0,3,0.447,60.7,1,21.78,SUPER_DREAM,77.8
8.3,0,0,53.6,79.7,75.1,0.851,93.3,0,3,1,0.545,73.4,3,30.34,SUPER_DREAM,93.2
7.08,0,0,52.0,60.0,45.6,-0.047,99.5,1,0,1,0.481,41.8,2,16.42,DREAM,65.6
6.75,0,1,35.3,38.7,76.8,0.294,97.9,4,0,0,0.478,39.7,2,23.54,SUPER_DREAM,76.5
9.37,0,2,100.0,79.1,65.5,0.977,95.3,2,0,0,0.681,57.5,2,27.36,SUPER_DREAM,85.7
7.85,0,0,43.7,63.1,83.5,1.351,98.8,1,0,1,0.499,71.7,2,27.04,SUPER_DREAM,89.0
8.3,0,0,68.1,53.4,85.7,1.038,94.2,2,1,1,0.551,63.7,3,29.32,SUPER_DREAM,89.9
6.7,1,1,65.7,33.2,77.2,0.362,97.8,2,2,1,0.42,65.8,1,17.34,DREAM,71.4
6.26,0,3,60.0,34.3,43.2,-0.439,69.9,1,1,0,0.335,60.9,3,15.93,DREAM,59.7
6.97,0,0,65.0,80.2,34.5,0.452,69.1,1,1,2,0.64,64.6,3,20.82,SUPER_DREAM,68.3
7.46,0,0,55.8,51.3,91.9,1.766,99.4,1,2,0,0.294,60.6,3,30.92,SUPER_DREAM,93.5
6.43,0,1,65.5,63.0,36.1,-0.222,99.5,2,0,1,0.57,44.8,2,16.05,DREAM,65.5
7.59,0,0,71.9,51.9,41.4,0.329,99.6,2,3,3,0.573,42.6,1,20.32,SUPER_DREAM,72.3
5.74,0,0,45.0,50.6,30.5,-0.31,97.3,4,2,1,0.465,85.4,3,18.97,DREAM,77.9
6.37,0,0,51.6,57.7,23.7,-1.004,93.8,2,2,0,0.418,52.7,2,13.86,DREAM,61.8
8.34,0,0,64.7,80.1,74.5,0.959,99.0,2,1,2,0.8,61.4,3,29.74,SUPER_DREAM,91.6
8.26,0,0,56.7,71.3,53.3,0.352,99.9,4,6,1,0.62,82.8,2,28.11,SUPER_DREAM,93.4
7.17,0,0,71.5,73.1,45.9,0.772,97.5,2,0,3,0.624,61.0,1,18.93,DREAM,73.0
6.48,0,2,65.6,51.6,60.2,0.187,98.5,2,0,2,0.437,78.2,1,15.64,DREAM,71.2
6.47,0,0,39.1,70.2,53.9,-0.049,97.4,2,3,1,0.726,51.7,2,20.87,SUPER_DREAM,74.3
7.19,0,0,55.0,31.4,51.6,-0.394,97.9,3,2,1,0.424,88.3,2,19.06,DREAM,78.8
8.31,0,0,66.4,71.3,67.8,0.365,90.3,2,0,0,0.682,68.4,3,25.45,SUPER_DREAM,83.2
8.62,0,2,70.8,73.8,68.7,0.72,94.7,2,2,1,0.641,64.6,2,27.87,SUPER_DREAM,87.8
7.05,0,0,56.3,39.5,41.9,-0.63,99.6,2,1,1,0.556,62.5,2,16.26,DREAM,69.5
6.33,0,0,59.7,52.8,40.9,-0.172,84.2,2,1,1,0.43,76.5,3,17.76,DREAM,70.1
7.89,0,0,55.0,41.0,68.6,0.684,98.6,3,2,1,0.494,68.5,1,23.34,SUPER_DREAM,82.2
6.69,0,1,41.8,39.5,43.1,-0.21,89.8,2,6,2,0.497,17.0,2,19.23,DREAM,62.4
7.03,0,0,70.1,24.3,56.9,-0.66,95.3,1,6,0,0.349,58.3,2,19.83,DREAM,73.3
9.06,0,0,70.0,96.5,58.6,1.077,95.9,2,6,0,0.774,69.8,3,32.72,SUPER_DREAM,97.3
8.51,0,0,54.9,65.4,56.2,0.518,99.5,4,1,0,0.536,50.5,3,27.54,SUPER_DREAM,85.8
7.77,0,2,56.9,90.8,45.1,0.59,97.4,3,0,2,0.785,57.4,2,22.41,SUPER_DREAM,78.1
6.2,0,0,43.0,54.5,29.2,-0.615,94.0,2,2,0,0.641,59.2,2,16.62,DREAM,67.7
7.83,1,1,82.0,67.4,82.2,0.797,94.6,5,2,0,0.711,88.9,2,28.03,SUPER_DREAM,92.9
8.77,1,2,83.8,63.3,83.3,0.918,99.5,2,0,0,0.586,74.0,3,26.45,SUPER_DREAM,88.7
7.19,0,2,70.6,39.4,31.9,-0.877,99.7,5,2,1,0.551,69.9,3,21.67,SUPER_DREAM,80.0
9.09,0,0,85.7,82.3,81.9,0.675,96.3,1,2,1,0.63,47.5,2,28.4,SUPER_DREAM,85.7
9.02,1,3,86.6,73.2,66.2,1.144,97.5,5,3,0,0.918,54.7,2,30.05,SUPER_DREAM,90.3
9.43,0,0,71.0,60.0,65.9,0.264,81.6,1,0,1,0.5,77.8,2,22.45,SUPER_DREAM,77.4
7.94,0,0,62.0,41.1,33.5,-0.468,99.7,3,2,1,0.631,74.9,2,19.42,DREAM,77.2
8.25,0,2,55.6,52.3,81.4,1.169,95.7,3,1,2,0.624,43.7,1,26.17,SUPER_DREAM,81.1
9.16,0,0,74.0,100.0,50.3,0.846,67.7,3,0,0,0.89,86.0,1,26.29,SUPER_DREAM,81.3
8.09,0,0,74.1,95.0,61.2,1.535,97.9,3,0,2,0.837,52.1,2,27.24,SUPER_DREAM,85.2
7.05,0,0,57.1,55.4,32.6,-0.192,98.3,2,0,0,0.534,70.4,3,18.36,DREAM,74.2
7.11,0,0,71.8,55.3,64.2,0.44,97.1,1,0,2,0.348,100.0,3,21.88,SUPER_DREAM,85.6
7.86,0,0,49.9,56.8,53.3,0.109,98.9,2,0,1,0.433,58.7,2,19.34,DREAM,73.7
6.18,0,1,52.8,29.9,36.7,-0.47,99.7,2,3,1,0.39,67.5,3,18.54,DREAM,74.3
7.44,0,2,44.4,76.1,52.5,0.667,98.5,2,0,0,0.726,56.6,2,21.18,SUPER_DREAM,76.2
8.81,0,0,74.2,98.1,76.1,2.059,97.2,1,3,2,0.641,67.6,2,34.55,SUPER_DREAM,99.0
5.19,0,0,45.8,19.6,27.5,-2.0,94.7,1,3,0,0.266,86.4,2,12.36,DREAM,66.3
9.29,1,3,75.3,76.0,75.7,1.32,99.5,2,1,2,0.638,62.1,3,28.43,SUPER_DREAM,89.6
8.83,0,0,80.0,65.9,61.7,0.195,92.6,3,0,2,0.575,60.6,3,24.86,SUPER_DREAM,81.3
7.09,0,0,44.4,47.2,21.8,-0.911,99.4,4,2,2,0.545,81.6,1,17.71,DREAM,75.6
8.2,0,0,47.0,81.8,43.2,0.647,99.6,1,0,2,0.704,46.1,3,21.4,SUPER_DREAM,74.8
7.6,0,0,67.7,40.3,69.2,0.902,95.6,4,0,0,0.571,66.2,1,23.44,SUPER_DREAM,81.0
8.95,0,0,95.5,80.0,66.9,0.827,99.6,4,2,3,0.824,54.1,2,29.83,SUPER_DREAM,90.4
8.68,0,0,59.9,80.7,57.2,0.673,99.2,0,0,2,0.595,61.4,3,24.09,SUPER_DREAM,82.2
6.06,0,0,60.3,39.7,12.4,-1.363,98.9,2,2,1,0.306,51.7,3,15.49,DREAM,65.8
8.25,0,0,68.0,78.2,33.0,-0.238,93.7,2,2,2,0.711,43.6,2,19.56,DREAM,69.4
7.37,0,0,42.7,58.2,40.8,0.182,99.1,2,3,2,0.491,31.9,3,22.05,SUPER_DREAM,72.9
7.69,0,1,48.3,76.6,73.3,1.21,95.1,2,0,2,0.818,58.2,1,25.37,SUPER_DREAM,82.5
6.8,1,1,53.2,28.5,36.6,-0.797,97.9,2,0,0,0.289,68.4,2,11.42,CORE,62.1
9.52,0,0,75.4,74.9,86.5,1.778,94.1,1,2,1,0.762,77.2,2,33.02,SUPER_DREAM,98.7
8.74,0,0,56.7,70.2,59.1,0.654,99.1,1,3,2,0.538,45.0,1,22.8,SUPER_DREAM,76.7
6.79,1,3,32.5,12.2,57.9,-0.762,98.6,1,3,2,0.138,67.3,3,15.78,DREAM,69.3
6.13,0,0,36.2,27.2,32.3,-1.006,94.9,3,2,1,0.347,73.4,1,15.55,DREAM,69.1
7.18,0,2,59.1,42.5,28.9,-1.038,89.8,1,2,1,0.257,70.4,1,14.26,DREAM,64.8
8.08,0,0,65.7,77.1,57.1,0.788,99.5,3,2,3,0.826,68.9,2,26.34,SUPER_DREAM,87.5
7.86,1,3,57.6,51.6,92.4,1.603,97.6,2,0,1,0.489,32.6,3,26.43,SUPER_DREAM,79.8
8.98,0,0,77.2,62.3,100.0,1.394,97.0,2,2,2,0.606,63.2,2,35.56,SUPER_DREAM,99.0
8.47,0,0,82.2,79.6,75.4,0.894,81.5,4,1,1,0.926,63.8,1,29.22,SUPER_DREAM,85.9
8.67,2,1,76.4,47.7,66.5,0.464,99.6,1,0,1,0.383,73.2,3,14.34,DREAM,68.4
7.96,0,0,63.1,33.6,66.0,-0.08,98.5,1,3,1,0.287,85.8,3,21.16,SUPER_DREAM,82.0
6.07,0,0,56.9,36.7,43.6,-0.449,99.8,5,3,2,0.569,61.1,2,20.09,SUPER_DREAM,75.7
7.38,0,0,47.3,36.0,52.9,-0.098,96.7,2,0,3,0.269,59.8,2,16.08,DREAM,67.8
8.77,0,1,70.0,51.7,78.1,0.235,98.7,1,6,0,0.276,67.0,3,28.18,SUPER_DREAM,90.0
7.54,0,0,58.0,66.0,59.3,0.805,99.7,1,0,2,0.402,65.3,1,19.44,DREAM,75.4
8.15,0,0,51.7,77.0,57.2,0.403,97.5,4,0,1,0.878,71.5,1,23.8,SUPER_DREAM,83.2
7.25,0,0,52.5,65.8,30.5,-0.277,84.2,2,3,0,0.554,72.9,3,21.88,SUPER_DREAM,76.3
6.47,0,0,24.8,61.7,34.3,-0.435,94.8,1,1,2,0.554,62.4,1,13.38,DREAM,63.2
7.46,0,0,82.6,74.5,69.0,0.893,83.8,4,3,1,0.741,72.5,3,30.79,SUPER_DREAM,90.9
7.94,0,0,53.2,32.5,59.7,0.45,94.5,2,0,2,0.222,61.7,3,20.05,SUPER_DREAM,74.1
6.88,0,0,72.8,57.0,53.0,0.324,94.0,5,3,0,0.768,43.2,3,25.0,SUPER_DREAM,78.5
7.34,0,0,58.9,48.3,48.0,0.178,99.1,1,3,2,0.327,47.7,2,18.75,DREAM,70.5
6.57,0,0,57.4,36.8,24.7,-0.978,98.3,2,1,1,0.424,30.0,1,12.29,DREAM,56.0
8.83,0,0,67.4,80.0,66.7,1.286,94.1,1,2,0,0.694,89.9,3,28.87,SUPER_DREAM,94.3
7.28,0,0,60.3,30.8,33.9,-0.741,99.0,2,6,0,0.332,84.3,2,20.16,SUPER_DREAM,80.2
9.2,0,0,84.8,51.7,55.8,0.284,99.1,1,1,1,0.46,80.5,3,24.11,SUPER_DREAM,86.0
9.28,0,3,85.8,86.0,98.1,2.494,84.6,2,1,1,0.608,61.8,3,41.75,SUPER_DREAM,99.0
7.51,0,0,69.4,64.4,47.6,0.263,94.4,1,2,0,0.745,79.7,1,19.45,DREAM,76.7
6.49,1,1,45.5,48.3,29.5,0.038,96.8,1,0,0,0.433,78.5,2,10.67,CORE,62.5
5.31,0,0,32.3,21.0,57.8,-0.057,99.5,5,6,1,0.51,43.2,2,21.77,SUPER_DREAM,74.8
5.98,0,0,25.7,51.2,51.4,-0.275,84.2,0,0,2,0.433,53.2,2,12.85,DREAM,57.3
6.09,0,0,52.2,51.5,31.4,-0.582,80.1,2,1,3,0.469,73.1,3,15.57,DREAM,64.6
9.12,0,0,89.2,76.5,82.1,1.611,98.5,2,2,1,0.662,57.7,3,33.98,SUPER_DREAM,97.7
7.73,1,3,81.7,43.5,53.5,-0.012,98.4,3,1,1,0.571,54.4,3,16.03,DREAM,67.1
8.03,0,3,68.9,57.4,48.9,0.32,97.9,3,0,3,0.552,77.4,1,18.52,DREAM,75.7
5.16,0,1,27.4,43.5,35.4,-0.329,82.1,3,1,3,0.516,52.6,2,14.13,DREAM,58.7
6.28,0,0,27.5,62.7,34.5,-0.618,94.4,5,3,0,0.776,100.0,3,24.07,SUPER_DREAM,88.4
8.58,0,0,83.3,64.8,69.3,1.258,96.8,3,1,1,0.575,88.9,2,28.74,SUPER_DREAM,94.7
7.92,0,0,42.6,58.6,78.4,0.874,94.5,3,0,2,0.626,61.8,1,23.88,SUPER_DREAM,80.5
7.44,0,3,55.3,54.6,70.7,0.532,96.6,2,2,2,0.366,83.7,3,25.38,SUPER_DREAM,88.0
8.22,0,0,64.5,69.3,53.8,0.319,99.9,3,2,1,0.738,67.8,3,26.28,SUPER_DREAM,87.3
9.4,0,0,78.2,70.3,86.5,1.744,94.7,2,2,1,0.737,58.8,3,36.3,SUPER_DREAM,99.0
7.36,0,0,59.0,15.4,33.0,-1.283,40.7,1,0,1,0.24,94.7,1,10.75,CORE,49.1
7.68,0,0,63.4,76.1,65.2,0.78,94.9,2,0,2,0.773,70.9,2,25.56,SUPER_DREAM,85.3
7.81,0,3,34.1,86.1,61.4,0.936,96.8,2,2,0,0.661,51.6,2,26.3,SUPER_DREAM,83.2
10.0,0,0,85.2,76.4,91.8,1.245,96.2,2,1,1,0.637,71.9,3,36.03,SUPER_DREAM,99.0
5.29,0,0,11.2,18.3,23.1,-1.693,93.9,2,1,1,0.258,90.2,3,13.63,DREAM,68.9
8.35,0,0,77.3,64.9,100.0,1.427,99.1,1,0,2,0.525,65.0,3,33.9,SUPER_DREAM,99.0
7.47,0,1,53.1,54.6,38.5,-0.335,69.6,2,0,1,0.467,68.1,1,14.72,DREAM,59.0
8.22,0,0,41.4,79.4,81.2,1.722,99.9,4,2,1,0.723,60.5,1,31.86,SUPER_DREAM,95.2
6.88,2,1,44.0,51.4,29.0,-0.437,67.3,2,1,0,0.618,70.3,3,10.18,CORE,51.2
7.55,0,0,53.6,46.9,64.6,0.754,94.8,1,0,2,0.322,50.3,3,22.23,SUPER_DREAM,75.6
8.38,1,2,83.1,48.8,76.0,1.064,94.2,2,0,2,0.594,53.1,1,20.73,SUPER_DREAM,73.4
10.0,0,1,87.4,97.1,86.0,1.863,99.3,4,0,2,0.959,59.9,3,39.62,SUPER_DREAM,99.0
8.49,0,0,74.0,76.8,58.0,0.78,96.8,4,1,0,0.794,67.5,3,28.57,SUPER_DREAM,90.2
6.67,0,0,65.8,63.2,47.5,0.18,99.9,4,2,1,0.726,81.7,3,24.31,SUPER_DREAM,86.8
