cgpa,backlogs_active,history_of_arrears,aptitude_score,technical_score,coding_score,adaptive_irt_theta,proctoring_trust_score,projects_count,internship_months,certifications_count,core_skill_match_ratio,soft_skills_score,placed,salary_tier
8.15,0,0,74.5,63.3,45.3,0.25,100.0,1,0,1,0.563,67.4,0,0
7.45,0,0,63.1,67.5,87.5,2.35,93.4,2,0,2,0.875,84.2,1,1
8.31,0,0,63.3,76.0,33.4,-0.33,95.0,2,3,1,0.653,75.9,1,0
9.28,0,0,70.8,59.0,89.1,1.28,96.7,3,12,1,0.537,65.1,1,2
7.34,0,0,75.3,76.4,18.7,-0.34,96.8,3,6,1,0.839,93.8,1,1
7.34,0,0,60.8,35.9,38.9,-0.79,98.2,2,0,0,0.358,100.0,0,0
9.34,0,0,53.1,90.6,100.0,2.53,95.6,2,2,2,0.825,69.8,1,2
8.44,0,1,61.4,46.6,81.3,1.4,98.3,3,3,0,0.913,74.5,1,1
7.08,0,0,45.5,61.3,40.2,-1.2,61.6,3,2,3,0.848,79.3,0,0
8.2,0,0,60.4,91.2,54.0,0.81,100.0,2,2,1,0.629,57.1,1,1
7.09,0,0,62.7,50.0,51.9,-0.63,96.2,3,0,1,0.719,72.3,0,0
7.09,0,4,54.6,49.4,59.3,-0.18,98.8,3,3,1,0.817,80.9,0,0
7.87,0,0,62.7,70.1,81.9,2.47,93.6,1,3,4,0.844,99.2,1,1
5.5,1,1,55.7,30.8,22.7,-1.1,73.9,2,2,1,0.612,69.5,0,0
5.7,0,0,33.7,63.2,4.4,-0.85,93.5,2,2,1,0.878,78.8,0,0
6.98,0,0,77.2,54.5,51.6,0.12,96.9,2,0,2,0.829,62.8,0,0
6.49,0,0,41.8,41.9,34.6,-0.39,94.4,2,2,0,0.709,84.5,0,0
7.95,0,0,65.5,54.8,36.9,-1.03,92.4,2,0,0,0.832,70.2,1,0
6.6,0,2,47.6,34.6,49.6,0.06,95.8,2,0,1,0.798,85.2,0,0
6.05,0,3,46.9,32.7,33.7,-1.25,91.8,4,3,1,0.874,62.3,0,0
9.21,0,0,82.5,71.4,81.1,1.3,100.0,2,3,1,0.58,50.0,1,1
7.35,0,0,63.7,49.0,37.1,-0.25,63.6,2,2,1,0.897,61.1,0,0
7.67,0,3,52.7,50.2,65.9,0.66,37.8,2,6,2,0.659,93.6,0,0
6.03,0,0,31.9,70.7,13.7,-0.72,95.5,5,0,4,0.761,69.7,0,0
7.0,0,0,85.0,37.6,34.1,-1.35,93.4,3,0,2,0.784,70.5,1,0
7.72,0,0,56.4,62.0,53.3,0.42,100.0,3,2,1,0.437,76.2,1,0
6.33,0,0,56.7,53.0,72.4,1.2,97.3,3,2,0,0.696,73.1,0,0
8.01,0,0,45.8,72.0,75.3,1.12,100.0,2,2,1,0.821,79.0,1,0
6.94,0,0,51.0,50.5,67.7,1.13,95.6,5,3,1,0.747,74.1,1,1
7.28,0,0,56.3,51.7,77.9,0.62,95.7,2,0,1,0.801,100.0,1,0
6.94,0,0,60.1,57.6,100.0,1.84,100.0,3,2,2,0.797,91.0,1,1
9.64,0,0,48.7,84.7,81.4,2.43,65.5,1,2,2,0.601,84.9,1,2
7.59,0,0,62.8,54.8,81.6,0.89,97.5,4,0,2,0.853,83.4,1,1
6.44,0,1,35.6,23.9,60.5,0.19,100.0,1,3,1,0.699,78.0,0,0
8.5,0,0,73.9,62.0,85.0,2.22,96.2,3,0,1,0.855,67.8,1,1
6.26,0,0,35.1,27.8,72.0,0.31,72.9,1,2,0,0.475,81.8,0,0
7.83,1,3,53.0,51.8,51.4,-0.12,76.7,3,0,3,0.791,54.2,0,0
5.44,0,2,36.2,35.4,21.4,-1.59,96.2,2,0,2,0.754,55.6,0,0
6.14,0,0,33.8,47.6,44.4,0.28,100.0,5,0,0,0.964,67.4,1,0
7.82,0,0,57.5,85.9,55.5,1.49,96.4,1,2,1,0.425,77.4,1,0
8.41,2,1,54.8,60.0,71.7,1.52,100.0,3,3,0,0.838,61.9,0,0
7.79,2,1,40.9,71.5,86.6,1.68,98.3,3,2,4,0.69,79.1,0,0
7.47,0,3,71.9,61.5,46.1,0.54,100.0,4,6,1,0.529,52.5,0,0
7.27,0,2,42.1,73.1,46.7,0.39,98.2,4,3,1,0.76,68.1,0,0
5.97,0,0,42.6,48.8,39.8,-0.72,98.1,6,0,1,0.88,50.1,0,0
6.81,0,0,62.1,35.8,42.6,-0.11,99.3,2,0,1,0.859,74.7,1,0
7.09,0,0,48.6,28.9,15.7,-0.96,95.3,2,0,4,0.692,95.6,0,0
8.76,0,0,62.7,75.7,59.7,0.49,95.3,2,0,1,0.836,73.1,1,1
7.98,0,0,67.5,55.4,73.1,0.47,98.0,3,2,1,0.601,87.2,1,1
5.66,0,0,55.0,23.5,58.8,-0.28,100.0,2,0,1,0.519,86.6,0,0
7.96,0,0,50.5,44.8,39.7,-0.08,92.4,3,2,0,0.926,68.7,1,0
7.18,1,1,55.0,56.2,30.2,-0.97,90.9,1,2,2,0.772,81.1,0,0
6.86,0,0,32.8,71.5,47.8,0.5,71.2,1,3,1,0.686,54.2,0,0
8.27,0,0,63.0,60.3,26.9,-0.78,100.0,3,2,1,0.637,69.3,1,0
8.73,0,0,72.8,79.3,61.8,1.33,16.7,4,3,2,0.88,72.5,0,0
8.62,0,0,61.0,68.4,37.2,-0.33,93.5,4,2,0,0.403,59.1,0,0
6.68,0,1,46.3,30.4,69.8,0.53,97.2,1,6,2,0.592,73.7,1,0
7.26,0,0,40.7,65.1,38.3,-0.12,91.8,5,3,1,0.358,62.4,0,0
7.96,0,4,65.6,47.3,90.3,0.91,98.9,3,2,0,0.88,85.3,0,0
8.67,0,0,84.4,70.7,89.1,1.79,96.1,3,0,0,0.657,54.6,1,1
7.07,0,0,42.6,48.0,38.2,-1.21,96.8,2,0,1,0.711,61.1,0,0
7.4,0,0,51.5,68.9,34.5,-0.32,98.3,3,0,1,0.858,72.0,0,0
6.38,0,0,54.9,30.4,38.1,-0.7,97.6,2,0,1,0.522,57.8,0,0
6.28,0,2,62.4,49.6,38.5,-1.1,95.4,6,0,2,0.492,96.0,0,0
8.49,0,0,52.0,56.7,73.2,-0.11,69.4,3,3,0,0.73,40.1,1,0
9.09,0,2,73.9,67.9,60.1,-0.2,99.4,4,0,2,0.624,61.6,0,0
7.52,0,0,63.6,6.8,68.7,0.19,83.0,3,0,2,0.603,75.2,1,0
8.7,1,2,70.8,100.0,74.2,1.89,96.3,1,0,0,0.757,96.0,0,0
8.0,0,0,35.3,70.7,54.8,0.41,93.8,3,2,1,0.62,49.6,0,0
6.89,0,2,59.9,40.1,34.9,-0.35,54.9,3,2,1,0.812,57.8,0,0
8.0,0,0,83.2,47.2,57.6,0.03,98.6,3,6,1,0.516,63.9,1,1
9.29,0,0,79.3,70.3,61.8,0.95,95.7,2,2,2,0.911,93.4,1,1
7.56,0,0,48.2,68.2,56.8,0.64,96.6,4,0,0,0.895,82.4,1,1
9.32,0,3,72.1,51.0,78.4,0.78,95.0,3,0,0,0.937,60.8,1,0
5.0,0,0,56.2,28.0,29.7,-1.05,98.1,1,0,2,0.522,88.1,0,0
8.5,0,0,81.0,93.3,98.8,2.9,99.0,3,0,2,0.896,76.3,1,2
7.7,2,2,69.6,43.8,55.0,-0.05,49.2,5,3,1,0.563,73.8,0,0
7.27,0,0,62.0,56.1,70.3,0.63,96.5,3,0,1,0.878,77.7,1,1
7.7,0,0,54.1,90.6,61.5,1.15,92.7,2,0,1,0.654,59.1,1,0
5.41,0,0,36.7,43.4,25.7,-1.88,95.5,3,3,1,0.428,76.8,0,0
7.36,0,0,57.6,57.7,51.2,0.32,64.7,2,0,1,0.682,68.0,0,0
7.99,1,2,71.5,70.0,59.9,0.29,94.7,3,6,2,0.668,100.0,1,0
9.23,0,1,95.4,70.9,80.7,1.74,53.3,3,6,1,0.699,95.1,1,2
7.03,0,0,68.7,70.5,32.1,-0.18,94.7,1,3,2,0.944,69.3,0,0
6.71,1,4,35.1,43.2,19.2,-1.14,95.4,2,0,1,0.632,78.0,0,0
7.05,0,0,58.2,25.1,61.4,0.11,93.8,2,0,1,0.708,57.8,0,0
8.61,0,0,79.9,64.2,84.4,1.09,71.3,2,0,1,0.817,76.8,1,1
7.96,0,0,72.0,49.0,74.0,0.93,96.8,2,0,1,0.629,55.8,0,0
7.02,0,0,47.6,48.3,52.0,0.13,99.4,4,0,3,0.624,64.7,0,0
8.16,0,0,100.0,61.2,76.8,1.07,95.7,3,0,1,0.434,80.3,1,1
7.71,0,3,46.7,76.5,70.3,0.9,98.7,3,3,1,0.804,56.7,1,0
8.67,1,1,58.7,80.1,83.2,2.01,95.5,2,0,0,0.795,58.2,0,0
6.83,0,0,56.1,53.8,31.5,-0.25,93.6,1,3,2,0.283,60.2,0,0
7.24,0,0,82.8,54.6,32.1,-0.45,95.4,2,2,2,0.891,70.4,1,0
7.17,0,1,46.7,39.0,44.0,-0.87,92.1,4,6,2,0.727,91.3,1,0
5.99,0,3,41.7,10.4,36.6,-1.54,100.0,3,3,0,0.784,88.4,0,0
7.93,1,2,77.2,63.8,55.8,0.47,97.4,3,0,1,0.714,65.7,0,0
7.89,0,0,63.7,72.9,25.9,-0.02,94.6,2,2,1,0.824,91.0,0,0
7.61,0,1,57.0,57.1,87.3,0.77,95.9,1,3,2,0.887,71.3,1,0
7.34,0,0,65.2,48.3,48.2,-0.32,89.6,4,6,4,0.771,74.2,1,1
6.04,0,0,48.7,48.0,40.6,-0.52,100.0,1,2,1,0.548,71.1,0,0
7.14,0,0,68.7,52.3,73.0,0.79,100.0,1,0,1,0.898,81.7,1,0
7.22,0,0,72.7,78.1,9.5,-1.25,66.6,2,0,0,0.853,59.8,0,0
6.72,0,0,55.9,66.2,36.4,-0.18,98.0,3,2,0,0.844,65.3,1,0
7.42,0,0,62.7,70.1,47.1,0.23,65.1,6,6,0,0.762,87.6,1,1
8.04,0,0,68.0,74.1,55.5,0.3,93.4,1,6,2,0.84,66.0,1,1
9.67,2,1,87.6,63.4,78.0,1.18,91.9,3,0,0,0.896,62.6,0,0
7.79,0,0,63.6,70.0,84.6,1.38,96.5,3,3,2,0.663,50.8,1,1
7.88,0,0,63.8,67.0,71.7,1.3,100.0,4,2,1,0.723,79.3,1,1
7.52,0,0,74.5,66.2,72.5,0.75,37.9,3,2,2,0.886,56.9,0,0
5.49,0,3,58.1,42.3,31.7,-0.74,98.0,4,0,3,0.436,94.6,0,0
7.57,0,0,42.6,64.6,30.7,-0.64,99.9,3,3,3,0.497,79.7,1,0
7.67,0,0,61.8,97.1,19.6,-0.21,92.1,2,2,1,0.68,53.3,1,0
10.0,0,0,76.7,83.9,57.5,1.12,100.0,3,0,2,0.674,74.7,1,1
7.39,2,1,55.2,69.4,60.1,0.86,100.0,5,3,2,0.773,62.8,0,0
7.93,2,4,69.1,55.7,60.8,0.32,98.5,3,0,0,0.677,81.5,0,0
7.56,0,0,68.7,69.2,52.0,0.39,99.8,3,2,1,0.67,67.9,1,1
6.31,0,0,46.8,57.6,34.1,-0.94,99.9,2,0,4,0.804,100.0,1,0
8.86,0,2,50.6,77.5,100.0,2.84,97.9,3,0,2,0.59,100.0,1,1
8.43,0,0,57.7,91.1,51.3,1.23,100.0,3,0,1,0.507,64.6,1,1
8.47,0,0,80.5,55.8,83.3,1.5,95.6,4,3,1,0.766,70.0,1,2
6.6,0,0,18.1,40.8,44.2,-1.04,98.4,3,3,1,0.817,83.2,0,0
9.14,0,0,90.7,78.5,73.6,1.18,100.0,2,2,1,0.497,63.9,1,1
6.06,0,0,51.8,54.0,58.9,0.25,48.9,3,0,3,0.771,64.1,0,0
8.25,0,0,83.2,68.2,90.3,0.97,67.9,2,0,1,0.69,50.5,1,1
10.0,0,0,82.6,100.0,80.7,2.49,99.2,1,2,1,0.857,52.5,1,2
6.51,1,3,25.4,37.4,57.5,0.55,91.9,4,2,0,0.78,84.0,0,0
6.98,0,0,59.9,35.8,55.3,0.68,82.2,1,0,3,0.475,73.6,0,0
7.71,0,1,77.4,64.1,57.6,0.15,94.6,3,3,4,0.426,62.5,0,0
7.05,0,0,66.6,51.4,53.2,0.19,98.2,6,0,1,0.822,82.1,1,1
5.89,0,0,36.0,47.4,23.3,-0.42,96.7,1,3,2,0.963,43.9,0,0
7.68,0,0,62.8,59.0,51.6,0.15,41.1,2,0,4,0.958,68.5,1,0
6.43,2,3,42.9,41.0,31.7,-1.04,100.0,4,2,1,0.581,72.3,0,0
8.12,0,1,56.4,63.3,78.7,0.5,95.7,1,6,1,0.903,55.5,1,1
6.59,0,0,62.4,47.9,42.3,0.15,55.2,4,0,1,0.85,80.6,0,0
9.3,1,1,63.7,73.1,53.3,0.62,60.3,1,3,0,0.696,85.1,0,0
6.74,0,0,41.7,46.3,32.8,-0.95,94.2,4,0,1,0.848,74.0,1,0
7.25,0,3,44.2,49.1,0.0,-1.57,76.4,1,6,2,0.544,63.4,0,0
8.49,0,1,52.1,80.4,58.0,1.01,85.8,5,0,4,0.656,60.5,1,1
6.25,0,2,49.2,46.4,40.6,-0.32,96.2,4,3,1,0.702,71.8,0,0
7.85,0,0,77.4,92.9,56.8,1.09,100.0,3,0,0,0.792,61.7,1,1
9.04,0,0,73.2,76.7,100.0,2.91,98.4,4,0,1,0.55,73.8,1,2
5.83,0,0,25.2,31.4,45.3,-0.62,97.9,1,2,1,0.65,87.1,0,0
7.8,0,0,73.1,98.2,68.2,2.33,83.8,1,3,0,0.731,82.1,1,1
7.89,0,0,84.1,67.5,30.1,-0.05,98.3,2,3,1,0.852,68.3,1,0
8.46,0,0,61.8,81.9,60.0,1.18,91.5,3,0,1,0.945,78.4,1,1
6.24,0,0,41.7,51.9,31.1,-0.63,77.0,4,3,1,0.723,72.4,1,0
6.15,0,0,52.7,51.3,24.6,-0.43,33.7,3,2,1,0.688,76.6,0,0
8.17,0,0,86.2,72.4,48.7,0.5,100.0,3,2,1,0.654,74.8,1,1
7.93,0,0,58.0,46.8,27.6,-1.19,76.8,3,2,2,0.863,100.0,0,0
7.88,0,3,47.8,66.8,36.5,-0.46,97.5,4,0,1,0.694,77.6,0,0
7.98,0,0,72.4,44.2,76.5,0.92,96.1,4,3,1,0.859,89.3,1,1
6.85,0,0,63.1,47.9,44.7,-0.59,100.0,6,6,0,0.655,54.7,1,1
7.86,1,1,63.6,51.3,50.2,0.01,98.8,1,0,0,0.867,83.8,0,0
7.92,0,0,57.5,67.2,60.0,1.14,97.1,2,2,0,0.706,67.7,0,0
6.81,0,0,65.1,54.6,67.8,0.82,95.4,5,2,0,0.742,78.3,1,1
9.65,0,0,87.9,87.9,80.9,1.58,95.0,4,2,0,0.524,73.7,1,2
8.12,0,0,57.0,68.4,72.2,1.71,59.6,2,0,0,0.767,21.5,0,0
6.29,1,3,48.5,35.7,25.2,-0.92,94.2,6,3,2,0.634,98.9,0,0
8.32,0,0,52.0,62.9,53.7,0.82,99.0,4,6,2,0.635,52.5,1,1
6.53,0,0,58.5,59.7,49.7,-0.7,95.1,1,0,0,0.824,55.9,0,0
8.47,0,0,66.5,83.1,100.0,2.53,100.0,4,6,0,0.546,66.9,1,2
8.87,0,0,68.5,56.6,97.2,2.06,99.9,4,6,0,0.718,61.0,1,2
6.7,1,1,51.6,27.2,55.9,0.37,96.8,2,2,1,0.87,61.5,0,0
8.66,0,0,72.1,60.1,71.6,0.36,67.2,3,0,1,0.749,74.8,0,0
8.05,0,0,76.3,78.2,86.9,2.34,34.2,6,0,0,0.734,76.5,0,0
8.5,0,0,77.1,85.6,81.4,2.49,92.6,3,2,1,0.564,68.1,1,2
9.69,0,0,80.0,68.6,40.0,-0.73,100.0,4,2,3,0.58,69.3,1,1
7.33,0,0,67.5,59.9,34.0,-0.12,96.2,1,3,1,0.754,67.7,0,0
6.77,0,1,57.5,75.2,52.3,0.88,99.1,3,3,0,0.81,69.1,1,0
6.62,0,1,46.1,53.7,12.3,-1.31,99.2,2,6,1,0.933,84.0,0,0
6.7,0,2,50.5,68.6,29.3,-0.47,89.5,1,3,1,0.599,98.3,0,0
7.52,1,2,58.4,71.6,42.6,0.5,95.0,3,6,3,0.643,80.8,0,0
7.98,0,0,70.8,50.0,56.1,-0.04,99.5,4,2,1,0.746,100.0,1,1
7.9,0,0,59.6,59.3,54.7,0.28,63.8,3,0,2,0.772,32.7,0,0
8.51,2,1,65.4,69.1,61.9,1.15,99.1,5,0,0,0.763,66.1,0,0
7.61,0,1,84.8,60.2,71.2,1.64,97.3,3,0,2,0.684,59.6,1,0
9.2,0,1,88.3,89.0,70.6,1.77,100.0,1,2,0,0.818,93.6,1,1
7.31,0,0,49.0,61.1,45.8,0.16,97.3,5,0,1,0.726,82.7,1,0
10.0,0,0,91.9,43.9,60.7,0.01,100.0,2,0,3,0.842,73.9,1,1
8.29,0,1,69.3,47.8,82.9,0.64,94.1,4,6,2,0.882,85.5,1,1
6.66,1,1,56.3,17.6,32.8,-0.85,96.6,1,12,3,0.936,94.3,0,0
6.42,1,4,50.9,48.1,22.5,-1.02,95.2,6,0,1,0.781,59.7,0,0
8.13,0,0,80.6,67.8,66.4,1.4,98.2,2,0,2,0.521,59.7,1,0
7.35,0,0,62.7,59.9,39.4,-0.26,79.4,3,2,1,0.686,68.6,1,0
8.39,0,0,68.1,53.8,56.2,0.03,96.3,3,0,1,0.823,76.2,1,0
8.12,1,1,78.7,73.8,67.1,1.27,94.9,1,3,1,0.889,81.4,1,0
7.52,0,0,63.0,67.7,49.4,0.34,95.6,3,3,0,0.869,73.4,1,1
6.67,0,0,53.1,30.8,86.6,0.31,84.7,1,0,0,0.879,75.0,0,0
5.93,0,4,48.1,19.7,34.9,-0.45,90.9,4,2,0,0.511,83.2,0,0
7.11,0,0,55.0,53.2,61.4,0.2,90.1,5,0,1,0.821,80.7,1,1
8.54,1,1,70.5,94.0,32.6,0.77,97.2,4,6,1,0.46,70.3,0,0
7.84,0,0,56.3,85.0,43.5,0.9,88.7,2,2,2,0.909,83.8,1,1
6.23,1,1,38.3,51.4,20.2,-1.47,96.4,1,6,0,0.522,66.7,0,0
7.79,0,0,50.9,50.5,41.3,-0.68,95.9,1,0,1,0.918,71.2,0,0
8.02,0,2,48.5,75.7,68.8,1.08,98.6,3,0,1,0.969,100.0,0,0
6.63,0,2,40.7,41.6,63.2,-0.09,95.0,3,0,1,0.842,56.8,0,0
7.77,0,0,60.6,49.7,64.4,1.17,100.0,4,6,2,0.831,76.9,1,1
7.66,0,0,62.9,29.3,52.9,-0.44,99.5,3,2,1,0.694,73.8,0,0
6.34,0,0,45.2,46.2,29.8,-0.4,92.5,6,3,0,0.885,88.5,1,0
7.99,0,0,36.7,54.1,81.0,1.33,96.1,3,0,2,0.699,100.0,1,1
8.22,0,2,86.1,66.7,100.0,2.14,100.0,3,0,2,0.9,89.8,1,1
8.79,0,0,86.0,39.5,72.9,0.55,94.9,2,0,3,0.918,76.1,1,0
8.76,0,0,77.9,73.7,87.0,2.26,96.8,2,2,2,0.956,79.2,1,2
6.08,0,0,68.7,7.9,44.2,-1.46,100.0,3,6,2,0.842,63.1,0,0
6.57,0,1,39.0,62.5,57.4,1.22,80.5,3,2,2,0.62,79.1,0,0
8.17,1,3,89.3,72.1,42.0,-0.29,38.2,2,0,0,0.776,88.9,0,0
8.17,0,0,55.1,60.9,54.2,0.7,76.5,1,2,2,0.66,95.2,1,0
8.17,0,0,69.5,72.7,70.1,0.61,33.2,2,0,1,0.762,65.9,0,0
10.0,0,0,69.7,71.3,100.0,2.01,82.4,1,2,2,0.86,81.9,1,2
8.23,0,0,67.5,66.5,49.0,0.37,98.3,3,0,1,0.824,55.5,1,0
8.85,0,0,78.1,83.5,34.6,0.04,98.5,2,3,1,0.517,68.6,1,0
8.65,0,0,69.6,26.8,59.8,-0.26,42.6,2,3,1,0.732,68.2,0,0
8.32,0,0,76.7,60.2,83.0,0.77,63.7,3,2,2,0.671,93.8,1,1
7.25,0,0,58.7,54.5,23.5,-1.18,100.0,3,0,0,0.917,36.9,0,0
8.43,0,0,63.1,65.0,45.0,0.37,97.7,3,0,2,0.948,97.3,1,1
6.75,0,0,45.7,69.6,48.8,0.41,96.6,3,0,0,0.877,52.9,1,0
7.34,0,0,68.1,40.0,51.0,-0.47,52.9,3,2,0,0.763,69.7,1,0
7.07,0,1,47.8,44.0,60.5,0.75,100.0,4,0,0,0.587,99.3,0,0
7.69,1,1,72.9,32.8,35.2,-1.37,99.2,3,6,1,0.674,38.8,1,0
10.0,0,0,99.7,100.0,79.2,1.94,95.6,3,6,1,0.742,54.7,1,2
5.55,0,0,20.4,32.6,53.1,-0.49,26.7,6,0,0,0.459,85.2,0,0
8.35,0,1,82.1,60.8,43.8,0.28,98.8,2,3,0,0.589,47.5,0,0
5.83,0,3,68.0,38.4,61.5,0.14,94.2,3,3,3,0.821,100.0,0,0
7.08,0,0,58.8,61.8,30.8,-0.42,93.5,3,0,1,0.865,69.4,0,0
8.8,0,0,80.2,76.6,85.9,1.05,100.0,4,0,2,0.984,75.5,1,1
7.67,0,0,74.2,96.4,50.3,1.39,99.6,2,0,0,0.837,75.8,1,1
6.41,0,0,45.8,51.9,21.4,-1.0,98.2,2,3,2,0.691,66.8,0,0
6.81,0,0,55.3,43.4,37.8,-0.51,93.3,2,0,2,0.699,90.0,0,0
8.35,0,0,52.7,59.0,75.0,0.73,100.0,4,2,2,0.771,54.1,1,1
6.8,0,0,54.6,44.3,46.4,-0.61,100.0,3,6,1,0.714,65.3,1,0
7.84,0,0,69.4,40.2,79.2,1.35,96.1,1,2,3,0.41,72.1,1,1
7.65,0,0,67.7,59.7,82.6,0.59,81.0,3,12,1,0.652,64.8,1,1
6.88,0,0,66.6,61.7,26.3,-0.95,97.2,1,2,2,0.816,46.4,0,0
9.96,0,0,75.3,76.0,61.9,1.57,95.6,2,0,2,0.904,78.0,1,1
8.3,0,0,61.6,55.0,41.1,0.07,100.0,3,6,4,0.826,67.0,1,1
5.37,0,0,61.5,55.3,13.3,-1.24,95.8,3,0,0,0.664,64.0,0,0
7.81,0,2,61.2,40.9,78.5,1.25,93.8,4,12,0,0.949,100.0,1,2
6.87,0,0,56.1,21.6,57.6,-0.2,100.0,3,2,1,0.923,80.7,1,0
8.54,0,1,69.6,52.8,57.6,0.41,95.3,5,6,3,0.853,60.7,1,1
6.73,0,2,42.4,27.4,45.5,-0.56,99.4,4,0,0,0.573,68.2,0,0
7.47,0,0,79.2,62.6,80.0,1.47,99.0,2,0,1,0.43,59.5,1,0
8.16,0,0,60.2,59.7,97.2,1.99,76.2,4,0,1,0.61,59.8,1,1
8.55,0,0,57.0,66.0,72.3,1.98,94.1,4,0,1,0.622,58.7,1,1
6.28,0,2,42.4,60.2,0.0,-1.52,96.9,5,3,0,0.762,73.2,0,0
7.23,0,3,33.3,44.9,57.1,0.06,93.5,1,0,2,0.734,58.7,0,0
7.08,0,1,48.0,63.7,66.8,0.37,96.9,4,2,0,0.728,54.0,1,0
6.88,0,0,42.2,71.9,51.6,0.52,99.3,1,3,1,0.896,45.7,0,0
9.54,0,0,87.8,73.6,92.6,2.69,100.0,3,3,0,0.855,75.6,1,2
8.05,0,0,57.4,73.8,68.0,1.52,73.2,2,3,2,0.767,77.6,1,1
6.21,0,0,57.8,40.0,17.3,-1.53,96.2,5,0,2,0.882,66.3,0,0
8.61,0,0,87.9,82.6,52.4,0.82,95.4,2,0,2,0.859,79.6,1,1
9.93,0,0,93.7,62.3,78.4,0.7,97.8,3,0,2,0.454,42.7,1,1
8.74,0,1,69.8,48.1,89.0,0.87,92.4,3,0,3,0.367,46.9,1,0
5.93,0,0,46.0,34.7,22.4,-1.2,94.2,1,0,1,0.472,70.9,0,0
7.07,0,0,37.4,40.3,58.0,-0.15,91.9,3,6,3,0.962,80.5,1,1
8.99,0,0,73.3,66.7,78.4,0.9,92.7,3,0,0,0.817,64.1,1,1
6.82,0,2,42.9,47.0,75.4,0.98,95.0,3,2,1,0.879,81.1,0,0
8.09,0,1,74.2,74.1,61.3,0.88,100.0,1,3,0,0.564,78.9,1,0
8.45,0,0,100.0,62.3,34.8,-0.86,98.0,1,6,1,0.722,95.6,1,1
6.58,0,0,56.8,35.9,55.6,-0.96,97.2,2,12,1,0.715,60.5,1,1
7.53,0,0,36.5,53.0,93.9,1.3,100.0,4,3,3,0.783,66.8,1,1
5.0,2,2,30.7,19.2,37.8,-1.72,98.2,2,2,1,0.712,74.7,0,0
6.47,0,0,51.2,33.1,28.5,-1.84,28.3,2,0,2,0.554,78.6,0,0
7.32,0,0,59.3,33.0,33.4,-0.48,95.6,2,2,2,0.879,43.7,0,0
6.23,0,0,38.5,44.5,22.6,-1.08,95.1,3,0,1,0.712,71.7,0,0
9.4,0,0,81.9,70.4,100.0,2.01,93.1,2,0,0,0.854,75.0,1,2
6.03,0,1,30.4,54.8,31.4,-0.59,95.2,1,6,1,0.789,64.0,0,0
7.12,0,0,44.8,33.0,38.5,-1.22,96.2,2,2,1,0.599,99.8,0,0
7.74,0,0,70.2,52.6,55.1,0.39,98.0,3,2,2,0.783,72.3,1,0
9.19,0,0,64.7,100.0,69.5,1.71,96.9,5,2,0,0.935,60.7,1,1
6.02,0,0,51.7,28.1,65.5,-0.27,95.9,1,2,0,0.753,89.9,0,0
8.88,1,3,57.4,69.4,53.3,0.3,94.3,4,2,2,0.952,68.7,0,0
7.61,0,0,82.3,41.7,77.6,0.24,79.1,1,6,4,0.894,72.9,1,1
6.52,0,2,40.9,27.8,45.4,-0.81,95.5,2,3,0,0.926,71.7,0,0
8.11,1,1,63.4,85.9,84.0,1.84,98.1,1,0,2,0.715,90.1,0,0
7.82,0,0,67.2,63.4,87.3,1.37,91.3,5,0,1,0.494,64.5,1,1
6.94,0,0,47.6,53.2,49.8,0.09,98.0,3,3,2,0.937,61.2,1,0
7.68,0,0,63.5,35.7,51.5,-0.3,99.2,2,2,1,0.883,55.5,1,0
7.18,0,1,63.7,59.0,52.3,0.37,98.9,2,3,4,0.721,69.5,0,0
7.72,0,0,73.8,76.2,56.0,1.16,88.9,3,3,0,0.667,73.2,1,1
8.33,0,0,77.8,82.7,35.1,0.47,99.7,1,3,4,0.697,68.4,1,1
9.34,0,0,76.4,87.1,100.0,2.87,93.2,1,6,2,0.793,65.8,1,2
6.24,2,1,45.6,27.8,44.3,-1.02,96.7,4,3,3,0.41,61.8,0,0
9.95,0,0,100.0,88.8,63.4,1.11,96.4,2,0,2,0.949,93.2,1,1
5.45,0,0,50.9,44.3,0.0,-1.53,100.0,3,6,3,0.474,57.0,0,0
7.43,0,0,48.3,31.6,12.3,-1.4,90.9,2,0,2,0.614,44.5,0,0
8.25,0,0,68.7,50.0,77.8,0.66,93.8,1,6,3,0.783,71.5,1,1
7.91,0,1,60.1,74.4,48.8,0.75,100.0,5,3,1,0.869,97.6,1,1
6.92,0,0,52.5,63.3,39.8,-0.42,89.7,5,0,3,0.734,81.2,1,0
7.37,1,1,44.0,34.4,62.2,0.25,99.4,3,3,1,0.528,78.8,0,0
7.06,0,0,50.6,63.8,40.4,-0.02,94.9,3,2,2,0.834,84.6,0,0
6.95,0,0,76.3,52.8,58.3,-0.22,97.8,3,12,2,0.336,63.2,1,1
8.53,0,0,77.3,79.8,69.1,1.13,100.0,2,2,2,0.641,60.6,1,1
7.99,0,0,35.0,54.0,59.4,1.28,97.9,4,0,2,0.301,71.8,0,0
6.84,0,0,68.0,59.2,18.7,-0.76,46.1,4,0,0,0.398,85.1,0,0
8.59,0,0,84.0,81.3,53.3,1.73,77.3,4,2,2,0.364,63.2,1,1
7.94,0,0,60.1,57.4,71.1,0.29,95.9,3,2,0,0.802,60.8,1,1
8.49,0,0,78.5,68.7,54.7,0.87,99.4,4,0,1,0.732,69.0,1,1
8.29,0,0,57.6,57.1,86.2,0.35,95.7,2,2,2,0.888,85.9,1,1
6.69,0,2,46.2,71.7,87.5,1.73,98.8,1,2,2,0.863,77.5,1,0
6.98,0,0,72.8,50.1,60.6,0.61,100.0,3,3,2,0.966,73.8,1,1
8.42,0,0,66.0,54.7,92.9,1.87,83.4,1,0,2,0.911,56.7,1,1
8.27,0,0,45.3,56.0,77.2,0.72,57.3,3,2,0,0.537,63.4,0,0
7.58,0,1,60.0,60.1,46.3,0.52,96.0,3,0,1,0.769,56.5,0,0
7.73,1,1,61.3,70.6,61.4,0.62,97.8,2,2,1,0.898,52.8,0,0
9.01,0,0,89.4,55.4,100.0,1.72,96.3,1,3,1,0.868,57.5,1,2
6.95,0,2,54.7,77.3,39.0,0.07,97.2,4,3,1,0.865,83.0,1,0
8.2,0,0,62.0,69.5,44.7,-0.2,97.9,1,2,3,0.569,76.9,0,0
7.38,0,0,71.3,62.7,33.1,0.35,95.4,5,2,1,0.781,71.4,1,1
7.36,0,2,60.1,54.6,49.4,0.1,96.4,1,0,2,0.9,58.4,0,0
8.81,0,2,64.1,72.2,52.6,1.02,93.5,3,0,1,0.676,66.8,1,0
8.51,0,0,83.9,66.5,97.2,2.36,95.6,5,0,2,0.878,75.8,1,2
8.49,1,2,72.3,82.7,70.8,1.03,92.4,5,2,0,0.892,60.2,0,0
9.04,0,0,75.4,74.3,90.9,2.39,97.3,4,2,3,0.657,68.0,1,2
7.62,2,2,63.4,69.6,51.1,0.67,96.4,4,3,1,0.51,71.1,0,0
8.35,0,0,55.7,60.8,44.7,-0.35,94.3,3,6,2,0.932,92.8,1,1
7.26,0,0,51.3,57.6,28.5,-0.37,100.0,3,0,2,0.457,85.4,0,0
7.96,0,0,64.6,51.3,44.1,-0.58,96.3,3,0,2,0.825,98.3,1,0
7.46,0,0,57.2,74.1,60.7,1.54,97.9,4,0,0,0.459,63.8,1,1
7.71,0,0,77.3,48.1,66.8,0.84,95.1,4,0,3,0.658,79.8,1,1
8.25,0,0,70.2,61.3,74.9,1.05,29.7,4,6,2,0.393,76.0,0,0
6.7,0,0,62.3,44.3,18.6,-0.67,98.0,3,12,2,0.584,87.2,1,1
9.9,0,0,84.1,79.0,83.8,1.14,71.3,3,0,1,0.909,95.4,1,1
6.49,0,0,62.6,56.5,24.5,-1.01,97.0,5,0,2,0.783,57.1,0,0
6.26,0,0,52.4,39.5,47.4,-0.42,99.4,2,3,1,0.833,63.9,0,0
8.87,0,0,73.9,92.1,80.1,2.83,95.4,2,0,1,0.425,49.5,1,1
8.47,0,1,69.5,56.7,45.6,-0.43,93.0,6,2,2,0.685,82.8,1,0
8.29,1,2,56.4,68.5,81.9,0.79,92.4,3,3,2,0.614,60.1,0,0
8.29,0,1,74.0,55.3,100.0,1.21,100.0,3,6,0,0.852,61.0,1,1
7.59,0,0,60.4,64.3,71.1,1.38,99.8,4,3,1,0.672,79.2,1,1
6.61,0,1,45.1,47.5,41.4,-0.58,99.0,4,0,2,0.661,51.5,0,0
7.68,0,0,75.1,57.3,51.5,0.15,95.7,2,0,3,0.538,54.3,1,0
6.86,0,0,38.5,67.0,43.5,0.47,93.0,2,6,3,0.907,64.4,1,1
8.67,0,0,66.7,61.2,55.4,0.37,96.2,4,0,2,0.748,72.4,1,1
7.44,2,1,71.7,65.0,58.8,0.71,96.7,4,2,1,0.802,67.2,0,0
6.69,0,0,55.7,37.8,24.8,-0.9,93.6,2,0,1,0.733,74.4,0,0
7.25,0,0,56.9,56.3,17.9,-1.1,92.6,4,0,1,0.656,87.6,0,0
8.05,0,0,68.6,46.9,65.6,0.38,91.8,3,0,1,0.553,79.9,1,0
6.98,1,2,57.0,42.5,49.1,-0.1,76.2,3,0,0,0.764,63.2,0,0
6.7,0,0,33.8,47.5,35.1,-0.21,93.4,6,6,0,0.673,63.4,1,1
7.87,0,0,59.5,87.0,36.3,0.05,97.9,3,0,0,0.864,79.4,1,1
7.87,0,0,83.1,63.0,64.6,-0.43,95.8,1,2,2,0.654,68.8,1,0
7.04,0,0,47.5,75.6,31.7,0.23,98.8,2,6,1,0.92,87.0,0,0
7.08,0,0,52.0,56.0,47.5,0.42,13.4,2,6,1,0.896,71.8,0,0
7.86,0,0,57.1,56.0,91.0,1.58,96.3,5,2,1,0.744,52.6,1,1
6.01,1,2,44.0,62.6,48.8,0.35,97.4,2,0,1,0.901,74.2,0,0
6.05,0,0,38.5,47.7,13.0,-1.51,96.7,2,0,2,0.279,70.7,0,0
6.81,0,0,58.9,40.9,23.8,-0.88,95.2,3,3,0,0.658,75.0,0,0
7.37,0,0,61.0,62.6,56.1,0.83,99.9,2,12,0,0.145,53.8,1,1
7.94,0,0,73.7,58.3,35.5,-0.28,78.3,3,0,2,0.538,53.1,0,0
9.22,0,0,64.6,48.6,39.6,0.62,96.7,2,3,0,0.914,93.8,1,0
8.54,0,0,66.4,82.1,77.1,0.99,92.8,2,0,2,0.93,61.0,1,1
7.42,0,0,56.5,72.0,59.9,0.88,97.8,6,0,0,0.637,66.9,0,0
7.58,0,1,66.3,84.1,64.1,0.76,95.2,2,2,0,0.832,44.8,0,0
6.5,0,0,40.5,52.4,47.7,0.33,95.6,3,0,0,0.627,72.8,0,0
7.58,0,0,71.8,54.9,54.8,-0.36,94.5,4,3,1,0.598,47.8,1,1
7.28,0,1,72.1,66.8,40.5,-0.48,96.6,2,2,1,0.887,70.7,1,0
7.95,0,0,52.7,74.4,69.8,0.95,91.0,2,0,1,0.48,74.7,0,0
6.69,0,1,46.0,71.5,72.8,1.35,99.0,4,2,1,0.884,64.4,0,0
8.17,0,0,60.3,64.3,54.0,0.21,96.9,3,0,2,0.512,80.5,1,0
9.29,0,0,100.0,74.8,58.1,0.59,99.8,2,3,1,0.891,72.7,1,1
7.48,0,1,54.6,47.3,34.3,-0.66,92.4,3,2,1,0.9,76.8,0,0
8.04,0,0,85.6,71.0,45.9,0.23,68.6,4,6,4,0.94,68.7,1,1
8.36,0,0,53.4,45.3,69.0,1.12,95.1,2,0,0,0.531,72.1,0,0
7.16,0,1,44.7,64.6,12.4,-0.65,35.6,1,3,0,0.78,100.0,0,0
7.85,0,0,55.2,69.5,67.1,0.87,98.5,2,0,2,0.543,69.2,0,0
7.61,0,0,51.0,66.9,68.0,1.81,100.0,3,0,1,0.731,57.9,1,1
7.71,0,0,58.9,61.7,25.1,-0.37,97.4,5,0,2,0.416,68.6,1,0
6.75,1,1,44.0,70.7,28.4,-0.65,63.6,4,0,1,0.58,84.9,0,0
7.63,1,2,51.4,71.1,58.0,0.84,98.4,2,2,0,0.554,58.1,0,0
8.15,0,0,80.4,56.1,60.2,0.69,95.6,4,0,1,0.877,42.2,1,1
9.2,0,0,91.6,67.9,84.7,1.28,97.6,4,3,2,0.852,36.5,1,2
8.66,0,2,82.9,57.9,66.3,0.3,94.5,3,6,1,0.566,72.5,0,0
9.97,0,0,91.0,92.4,100.0,2.64,100.0,3,0,1,0.744,64.2,1,2
6.76,0,0,53.7,35.3,40.3,-0.79,96.7,4,3,4,0.768,85.9,0,0
8.56,0,1,64.6,84.3,50.0,1.36,97.1,4,0,1,0.689,69.2,1,1
7.8,1,1,51.6,79.3,39.5,0.6,98.2,4,3,2,0.645,92.1,1,0
10.0,0,2,89.4,72.7,98.2,1.86,93.7,1,2,2,0.698,50.1,1,1
6.71,0,0,38.0,46.2,46.1,-0.04,100.0,3,0,0,0.909,73.5,0,0
6.68,0,0,39.8,48.7,56.5,0.69,31.3,4,2,1,0.653,81.8,0,0
6.94,0,0,68.2,63.7,59.3,0.06,93.2,2,2,4,0.808,72.8,1,0
5.26,0,0,60.4,55.4,0.0,-1.96,96.5,2,2,2,0.805,79.0,0,0
7.02,0,0,59.9,28.6,28.7,-1.19,31.4,4,2,1,0.634,76.0,0,0
6.76,1,1,65.9,45.0,27.8,-0.84,100.0,2,3,1,0.604,53.6,0,0
7.77,0,0,59.7,56.7,43.5,-0.09,96.3,2,0,1,0.83,56.3,0,0
7.98,0,1,48.7,43.1,53.1,-0.17,87.3,2,0,2,0.483,73.2,0,0
9.66,0,0,89.0,74.5,99.0,2.05,97.6,2,2,0,0.824,100.0,1,2
8.65,0,0,78.3,76.1,90.3,2.08,98.7,5,2,1,0.622,62.4,1,2
6.97,0,0,55.5,47.7,43.3,0.18,70.6,4,0,1,0.765,79.6,0,0
6.61,0,0,48.2,26.1,39.8,-1.06,92.9,2,0,1,0.941,71.3,0,0
8.14,0,0,78.0,100.0,50.0,2.09,96.7,1,0,2,0.872,78.7,1,1
6.15,0,3,34.6,46.4,40.4,0.38,95.6,2,2,2,0.734,73.2,0,0
9.61,2,1,71.9,82.3,84.0,2.38,94.1,2,0,0,0.973,61.0,0,0
8.9,0,0,61.9,57.5,86.3,1.63,93.8,1,2,0,0.671,80.5,1,1
7.08,0,0,56.9,56.6,64.4,1.43,97.5,4,2,3,0.809,75.3,1,1
5.72,0,3,29.1,35.6,0.0,-2.1,94.6,4,0,2,0.803,94.4,0,0
9.09,0,0,67.7,48.5,71.3,0.35,98.4,4,3,2,0.877,79.3,1,1
7.47,0,0,51.3,42.2,79.6,0.6,91.8,4,2,0,0.788,53.7,1,1
8.96,0,0,71.5,84.7,64.7,0.86,98.8,3,2,0,0.813,81.7,1,1
5.85,0,3,25.6,66.5,55.7,0.6,99.3,3,0,1,0.712,83.1,0,0
6.94,0,0,55.5,56.5,42.8,0.02,100.0,5,3,3,0.586,77.7,1,1
7.61,0,0,76.0,74.1,59.4,0.93,94.2,3,0,0,0.876,90.9,1,1
7.65,0,3,63.1,57.0,36.4,-0.3,67.7,3,2,3,0.821,45.6,1,0
7.1,0,0,74.5,51.9,30.5,-0.55,98.7,4,0,0,0.753,92.9,1,0
8.29,0,0,83.9,81.4,77.5,2.31,95.4,2,0,1,0.682,75.9,1,1
6.43,0,0,58.6,69.0,58.0,0.94,98.7,5,0,1,0.695,85.7,1,1
7.44,2,2,60.3,75.1,54.8,1.09,96.9,1,2,0,0.545,60.7,0,0
7.73,0,0,62.6,45.1,35.7,-0.51,94.5,3,3,3,0.69,47.1,1,0
8.17,1,4,75.8,63.9,63.8,0.12,94.7,1,0,1,0.853,70.1,0,0
8.38,0,0,64.1,71.1,88.2,1.02,75.8,4,0,0,0.76,73.9,1,1
6.36,0,0,26.0,41.4,72.7,1.4,70.3,5,3,0,0.704,53.4,0,0
5.91,0,4,50.0,45.5,30.2,-0.97,93.5,2,0,1,0.836,80.3,0,0
9.01,0,0,61.5,85.5,43.2,0.32,98.0,4,3,0,0.534,77.0,0,0
7.97,0,0,53.1,76.7,75.7,1.55,96.9,2,0,0,0.572,93.4,1,1
6.78,0,0,52.8,73.1,41.4,0.45,93.1,2,0,0,0.91,72.9,0,0
9.31,0,0,76.9,72.8,93.6,2.23,95.4,2,2,0,0.557,90.1,1,2
7.73,0,0,45.3,40.9,62.8,0.93,94.5,2,6,4,0.768,72.5,1,1
8.9,0,0,76.0,77.9,55.9,1.42,95.1,3,3,1,0.837,74.4,1,1
7.67,0,0,73.3,85.8,58.1,0.74,100.0,4,2,2,0.824,81.9,1,1
9.87,0,1,70.1,76.9,100.0,2.65,96.1,2,3,2,0.835,74.7,1,2
9.53,0,0,95.6,89.5,76.7,1.61,94.4,1,2,3,0.841,61.4,1,2
7.33,1,4,39.5,65.3,34.3,-0.24,100.0,2,3,0,0.741,53.3,0,0
8.67,0,0,97.1,73.0,40.4,-0.24,99.7,2,3,1,0.76,59.6,1,1
8.31,0,0,63.2,66.5,50.8,-0.28,82.2,2,12,1,0.417,77.7,0,0
9.11,0,0,77.8,62.2,66.9,0.82,94.5,2,0,1,0.584,77.3,1,0
6.54,0,0,27.7,15.0,58.2,-0.89,100.0,3,0,1,0.819,89.7,0,0
8.35,0,0,67.8,51.3,45.1,0.24,99.4,4,0,0,0.885,71.4,1,0
8.76,0,1,75.4,65.9,98.1,1.85,97.4,1,2,2,0.642,77.7,1,1
5.67,1,2,40.6,52.7,8.9,-1.19,91.9,4,3,0,0.709,84.0,0,0
6.3,0,3,41.2,42.8,82.5,1.47,96.9,3,0,3,0.741,52.5,1,0
5.36,0,0,27.2,26.7,60.3,-0.77,100.0,3,2,0,0.678,57.8,0,0
7.3,0,2,71.6,42.9,55.2,-0.28,97.7,4,2,2,0.387,86.6,0,0
8.39,0,0,69.3,76.5,36.0,0.19,95.9,2,3,2,0.572,59.2,1,1
9.25,0,0,96.0,95.8,75.0,1.98,96.3,5,0,0,0.559,62.2,1,2
7.68,1,2,55.5,74.4,50.2,0.99,96.5,1,6,3,0.797,81.3,0,0
9.39,0,0,73.7,86.8,54.8,1.32,94.6,3,0,1,0.895,53.0,1,1
6.08,0,0,55.6,21.2,43.2,-0.83,96.9,2,12,4,0.934,57.4,1,1
5.73,0,0,22.8,33.1,18.9,-1.29,38.7,2,0,0,0.718,70.8,0,0
7.54,0,0,45.8,85.2,42.6,0.67,100.0,2,0,2,0.824,62.1,0,0
8.02,0,1,78.4,79.0,57.6,0.31,94.7,5,2,0,0.985,49.4,1,1
7.56,0,0,46.6,36.7,45.4,-0.51,100.0,2,3,1,0.568,70.5,0,0
5.33,1,4,16.4,32.8,66.3,0.26,99.3,3,0,1,0.873,78.7,0,0
7.5,0,0,82.4,62.6,45.4,0.31,98.9,5,0,1,0.622,56.6,1,0
6.17,0,0,29.9,32.1,46.9,-0.87,98.3,3,6,1,0.898,69.2,0,0
8.34,0,0,70.6,34.4,67.7,-0.27,94.2,2,6,2,0.817,89.1,1,1
8.0,0,0,65.9,64.4,67.4,0.81,95.8,6,0,2,0.936,78.2,1,1
6.57,0,0,16.9,36.2,51.5,0.53,99.5,4,2,1,0.749,57.9,1,0
7.03,0,1,52.1,41.4,65.3,-0.01,93.4,5,0,1,0.659,87.8,0,0
6.43,0,2,54.7,40.8,47.0,0.17,93.9,2,2,1,0.892,78.4,0,0
7.53,2,3,64.6,56.0,59.4,1.08,79.4,3,0,1,0.954,67.7,0,0
8.65,0,1,82.3,70.0,69.9,1.13,94.6,2,0,0,0.403,80.5,0,0
6.52,1,2,45.5,34.3,40.7,-0.93,99.5,4,2,2,0.951,61.8,0,0
8.15,0,0,75.1,61.6,46.4,0.34,94.7,5,0,2,0.662,71.2,1,1
7.02,0,1,46.9,27.6,48.1,-0.48,97.7,2,2,1,0.796,67.0,0,0
6.73,0,0,35.4,53.4,50.1,-0.27,98.0,1,6,2,0.402,87.7,1,0
7.48,0,0,44.2,17.3,62.0,-0.59,95.6,2,3,4,0.909,57.1,1,0
6.46,0,0,32.1,42.0,45.8,-0.14,96.3,3,0,3,0.813,79.4,1,0
6.99,0,0,67.0,64.8,44.7,0.52,95.0,2,0,2,0.807,69.5,1,0
6.28,0,0,29.6,29.3,39.4,-0.94,96.9,3,3,1,0.808,61.5,0,0
9.76,1,3,85.9,92.4,72.2,1.65,94.1,2,3,1,0.887,56.5,0,0
7.64,0,0,58.2,75.2,62.3,1.24,43.8,5,6,1,0.588,86.1,1,1
6.83,0,0,52.1,5.0,43.0,-1.3,99.2,3,2,1,0.89,81.0,0,0
7.84,0,0,79.7,59.1,62.3,0.49,93.6,3,2,2,0.821,48.4,1,1
7.48,0,0,54.5,17.0,72.7,-0.28,95.5,2,3,4,0.856,80.6,0,0
7.36,0,0,65.9,54.3,40.5,-0.53,98.6,1,0,0,0.65,52.0,0,0
8.28,0,0,68.2,65.9,75.0,2.26,90.8,3,6,0,0.68,77.2,1,2
8.43,0,0,67.5,33.0,66.8,0.1,100.0,4,0,0,0.727,37.5,1,0
7.02,0,0,82.8,79.1,85.6,2.38,100.0,5,2,2,0.931,39.0,1,2
6.97,1,1,37.4,55.6,44.7,0.62,92.4,1,2,1,0.827,77.5,0,0
7.3,0,1,73.4,43.4,65.1,0.28,90.7,4,0,1,0.893,94.5,1,0
5.07,0,0,43.6,51.3,26.1,-0.62,97.1,2,0,1,0.856,91.9,0,0
5.93,0,0,38.6,15.1,11.2,-2.03,93.6,4,3,3,0.77,68.9,0,0
9.1,0,0,95.6,57.9,64.9,0.03,99.9,2,0,1,0.593,84.2,1,1
9.41,1,1,56.9,46.3,93.8,0.76,51.8,1,0,2,0.512,71.3,0,0
7.33,0,0,52.0,80.8,45.1,0.54,97.4,3,2,0,0.546,76.3,1,0
8.23,0,0,52.8,70.2,23.8,-0.59,95.3,4,6,2,0.592,67.2,1,1
7.94,1,1,69.4,71.6,59.7,1.56,100.0,2,0,0,0.667,83.3,0,0
10.0,0,0,71.6,89.2,65.3,1.29,99.3,1,2,3,0.599,83.0,1,1
8.83,0,0,78.5,80.2,73.4,2.23,76.4,4,0,2,0.31,77.6,1,1
7.46,0,0,57.4,58.1,82.4,1.07,100.0,3,3,0,0.916,52.6,1,1
6.55,0,3,44.7,50.8,57.4,1.03,93.9,4,6,0,0.401,82.0,0,0
5.83,0,2,48.0,40.7,62.7,0.42,100.0,1,0,1,0.531,75.9,0,0
7.82,0,1,60.0,52.5,48.8,0.24,96.2,4,6,0,0.742,76.6,1,1
6.77,0,0,39.6,48.8,43.6,-0.44,98.0,2,6,2,0.748,20.0,0,0
6.04,0,0,79.0,45.2,18.6,-0.92,96.5,4,2,4,0.826,44.3,1,0
6.89,0,3,48.0,52.3,35.4,0.24,91.4,1,3,2,0.976,82.5,0,0
6.41,0,3,22.5,24.8,25.2,-1.44,99.9,4,6,0,0.735,98.5,0,0
9.46,0,0,69.5,60.2,54.9,0.26,91.5,3,3,1,0.667,59.5,1,1
8.57,0,1,55.5,84.4,92.4,2.08,94.1,3,0,2,0.784,69.9,1,1
7.59,0,0,70.8,54.2,18.4,-0.31,58.3,1,3,4,0.885,34.2,0,0
9.23,0,0,81.1,84.7,100.0,2.78,91.1,3,0,0,0.815,66.5,1,2
7.69,0,0,66.6,44.2,79.7,1.44,93.7,3,6,1,0.733,69.0,1,1
6.65,0,0,47.1,27.6,53.8,-0.25,97.7,3,0,1,0.763,62.9,1,0
9.28,0,3,74.4,65.2,56.2,0.56,73.8,3,2,1,0.779,91.1,1,0
8.19,0,0,62.5,62.0,34.8,-0.07,96.2,2,3,1,0.558,75.7,0,0
6.46,0,0,48.6,36.7,32.6,-0.45,94.3,2,2,1,0.503,63.8,0,0
7.39,1,2,68.9,74.4,64.9,0.94,97.1,5,3,1,0.834,78.9,0,0
6.64,0,2,55.4,50.5,44.7,0.38,96.0,5,6,0,0.624,87.1,1,0
6.08,0,0,51.8,67.8,19.2,-0.49,92.1,2,0,1,0.651,55.1,0,0
8.62,0,0,77.2,75.5,89.1,0.91,96.4,3,0,2,0.945,58.5,1,1
9.7,0,0,92.6,47.9,100.0,1.97,93.3,2,2,0,0.55,48.6,1,1
6.06,0,0,49.1,56.5,33.7,-0.91,99.7,4,2,2,0.669,68.3,1,0
8.22,2,3,71.5,44.3,65.6,0.74,95.8,1,0,1,0.884,75.5,0,0
6.88,0,2,68.1,54.0,20.5,-0.54,100.0,6,3,1,0.253,59.4,0,0
7.06,0,0,47.7,41.9,42.3,-0.31,99.9,3,3,4,0.571,89.5,0,0
6.95,0,0,44.2,81.4,57.6,1.17,96.6,1,0,2,0.867,83.7,0,0
6.65,0,0,37.3,68.3,51.2,0.89,70.6,4,3,2,0.247,58.7,1,0
7.65,0,2,63.7,48.8,47.7,-0.3,90.7,3,2,2,0.719,57.5,0,0
6.69,0,0,29.6,46.8,40.3,-0.08,99.9,3,0,1,0.624,51.7,0,0
7.9,0,0,69.5,65.3,51.7,0.86,94.5,2,6,2,0.877,65.4,1,1
7.54,0,0,59.1,70.1,50.5,1.17,97.3,2,0,1,0.876,92.8,1,0
7.34,0,0,72.0,56.1,60.7,0.05,94.8,5,2,2,0.92,59.0,1,1
6.6,0,0,43.0,33.3,8.8,-1.58,95.1,3,0,1,0.583,79.4,0,0
6.97,0,0,52.2,41.6,47.2,-0.66,96.5,1,0,2,0.604,72.0,0,0
8.43,1,3,82.8,67.7,72.5,0.74,97.2,2,0,2,0.856,47.0,0,0
8.15,0,2,83.1,81.9,52.5,0.94,96.9,3,0,2,0.844,83.6,0,0
6.52,0,1,42.1,52.8,34.7,-0.42,97.0,1,3,1,0.741,64.5,0,0
7.71,0,0,64.3,49.0,49.4,0.42,92.1,1,2,1,0.807,63.5,0,0
8.43,0,0,72.8,76.8,57.5,0.71,100.0,1,2,3,0.832,71.5,1,1
5.76,0,0,47.1,33.0,34.3,-0.96,97.7,3,6,0,0.615,67.6,0,0
8.2,0,0,63.8,77.6,65.7,1.22,98.3,2,0,1,0.778,85.4,1,1
6.87,0,2,69.1,86.0,9.6,-0.89,96.0,2,6,0,0.446,63.1,0,0
8.23,0,0,44.6,60.5,75.5,0.79,94.4,1,0,0,0.548,74.8,0,0
6.76,0,0,47.6,60.6,40.9,0.38,97.5,3,0,2,0.939,79.0,0,0
5.61,0,2,46.5,26.3,67.2,-0.17,97.9,4,2,3,0.59,56.3,0,0
5.81,0,3,48.6,37.3,13.3,-1.03,100.0,4,6,0,0.791,72.5,0,0
7.65,0,0,77.8,59.6,41.2,0.16,60.1,3,0,2,0.661,58.9,1,0
7.89,0,0,78.2,59.0,56.0,-0.22,100.0,4,3,1,0.856,78.2,1,1
6.61,0,0,47.6,82.1,51.7,0.98,20.2,3,0,2,0.703,37.4,0,0
8.3,0,0,83.6,62.0,29.5,-0.21,95.6,3,2,2,0.784,90.1,1,1
5.77,0,0,34.2,46.7,19.3,-0.93,98.0,2,2,2,0.665,64.9,0,0
7.53,0,0,71.4,30.8,66.0,0.05,95.8,1,2,0,0.803,74.0,1,0
6.27,2,3,69.4,50.0,23.1,-1.27,96.9,2,6,0,0.606,75.3,0,0
6.88,0,0,68.4,66.7,72.3,1.65,90.6,3,6,3,0.604,64.7,1,1
7.65,0,0,62.8,51.8,48.7,-0.05,99.7,5,0,0,0.708,62.9,1,0
6.65,0,0,47.6,13.0,28.7,-1.89,64.8,2,2,0,0.864,74.6,0,0
7.18,0,0,38.4,53.4,62.1,0.66,92.3,3,3,1,0.628,89.3,1,0
8.71,0,2,75.8,71.0,98.4,1.78,94.0,3,3,2,0.918,78.5,1,1
6.97,0,0,41.3,61.8,56.1,0.08,96.7,3,2,2,0.878,66.1,1,1
8.52,0,0,60.7,96.9,89.9,2.22,92.1,1,0,1,0.88,90.0,1,2
6.36,0,0,34.3,39.6,71.5,0.22,93.8,1,3,2,0.817,95.7,1,0
8.18,1,1,61.3,53.0,46.6,-0.41,100.0,2,0,2,0.761,68.0,0,0
9.19,0,0,76.5,59.7,92.1,1.94,79.9,4,2,0,0.755,75.9,1,2
5.0,1,1,38.3,32.8,0.0,-2.1,98.3,1,0,0,0.757,76.9,0,0
6.72,0,0,45.0,55.7,53.3,0.74,93.3,3,2,0,0.689,93.8,1,0
8.23,0,0,80.2,57.9,62.5,0.25,96.8,5,0,0,0.661,81.3,1,1
7.38,0,0,56.3,67.0,75.9,0.55,96.6,3,2,0,0.812,85.1,1,1
8.01,0,3,55.6,69.6,82.2,1.57,94.6,3,2,2,0.879,97.9,0,0
6.94,0,3,57.1,51.9,58.5,1.07,96.8,2,3,3,0.405,75.2,0,0
7.7,0,0,85.5,47.0,62.7,0.57,91.3,3,0,2,0.913,81.0,1,1
7.43,0,0,63.3,50.0,63.3,1.73,98.3,3,0,0,0.568,76.1,0,0
8.88,0,0,69.5,38.7,72.7,0.64,95.8,3,3,2,0.705,71.0,1,1
7.88,0,0,45.5,65.0,58.5,0.71,96.2,3,0,1,0.863,53.1,1,0
7.97,0,0,62.1,63.1,86.6,0.65,99.6,3,2,2,0.571,56.8,1,1
7.15,1,2,59.3,56.3,78.9,1.27,98.3,5,6,3,0.952,50.3,1,0
7.06,1,3,51.0,59.8,47.2,0.19,83.5,4,2,2,0.83,77.4,0,0
7.12,0,0,36.3,58.8,54.8,0.19,56.4,3,0,1,0.946,80.3,0,0
8.03,0,0,55.1,61.8,62.9,0.64,100.0,3,2,1,0.662,57.0,0,0
7.14,0,2,73.8,54.2,21.6,-0.88,93.0,3,2,2,0.869,63.0,0,0
7.92,0,1,81.4,42.4,54.0,-0.11,98.9,4,3,0,0.8,70.9,0,0
9.88,0,0,73.2,75.5,100.0,3.0,92.2,2,0,0,0.644,93.8,1,1
8.56,0,0,78.7,69.8,54.2,0.43,99.8,3,0,1,0.837,67.2,1,1
7.24,0,0,43.3,44.4,90.0,1.27,100.0,1,0,2,0.85,93.9,1,0
8.92,0,0,91.1,85.2,93.2,2.06,91.3,2,3,0,0.787,29.3,1,1
7.15,0,0,59.5,44.4,58.0,0.46,98.3,5,3,1,0.596,85.8,1,1
5.36,0,0,50.0,37.0,39.4,-0.57,98.1,2,2,1,0.645,53.1,0,0
6.49,0,0,29.3,48.0,26.4,-0.94,99.1,2,2,1,0.914,70.2,0,0
5.54,0,0,48.6,46.4,26.7,-1.63,66.4,1,3,1,0.627,59.2,0,0
7.21,0,0,57.0,67.0,77.5,1.39,94.1,2,0,2,0.879,68.5,1,1
7.62,0,0,71.4,68.5,45.4,0.13,96.3,2,2,2,0.513,68.3,1,0
9.44,0,1,90.4,49.4,97.4,1.54,59.6,2,6,3,0.9,61.7,1,2
7.96,0,2,65.4,79.3,35.7,-0.3,93.7,3,3,0,0.902,71.2,0,0
7.36,0,0,51.4,77.3,31.7,0.57,98.0,4,0,1,0.318,74.0,0,0
8.51,0,0,79.5,61.9,100.0,2.27,100.0,1,0,1,0.583,55.6,1,1
5.17,0,3,36.0,35.2,26.8,-0.53,94.0,4,2,0,0.774,58.1,0,0
7.86,0,0,53.1,49.0,49.6,0.42,92.7,1,0,0,0.823,91.4,1,0
8.45,0,0,58.4,40.7,90.9,1.39,58.6,2,3,1,0.64,71.1,1,1
5.97,0,0,27.0,30.4,59.1,-0.59,98.2,6,3,2,0.619,73.0,0,0
8.86,0,0,67.5,64.9,87.9,2.33,93.2,1,6,0,0.712,60.1,1,2
7.97,0,0,78.0,57.7,50.4,-0.19,96.6,1,2,1,0.453,73.8,0,0
7.14,1,2,58.6,40.2,45.6,-0.47,100.0,2,3,2,0.766,64.0,0,0
8.3,0,0,61.6,56.0,70.2,1.09,96.8,5,0,1,0.875,80.0,1,1
10.0,0,0,94.7,84.8,97.5,2.66,73.9,1,0,0,0.35,65.1,1,1
7.8,0,3,53.0,50.0,49.4,0.21,83.6,2,0,3,0.884,68.4,0,0
7.87,0,0,64.9,69.2,62.5,0.69,96.8,3,0,0,0.811,100.0,1,1
7.09,0,0,53.8,62.6,54.9,0.2,98.4,2,2,0,0.971,79.2,0,0
6.67,0,0,61.0,81.6,68.1,2.32,100.0,1,2,1,0.868,69.1,1,1
8.51,0,0,51.2,84.4,80.7,1.77,61.8,1,2,0,0.657,72.5,1,1
6.66,0,0,41.4,51.6,17.8,-1.1,100.0,3,0,0,0.546,88.3,0,0
7.68,0,0,42.1,50.8,53.3,-0.16,98.4,3,0,1,0.853,56.6,0,0
7.07,0,0,52.6,56.9,33.2,-0.31,94.7,3,3,3,0.799,71.7,0,0
8.13,0,0,80.8,69.0,72.7,1.26,100.0,1,2,1,0.611,72.3,1,1
7.97,0,0,58.6,55.5,77.2,1.02,96.6,3,0,1,0.773,74.3,1,1
8.74,0,0,66.3,82.1,71.7,1.59,93.8,3,3,3,0.837,64.2,1,1
7.04,0,0,65.9,32.9,44.6,0.15,100.0,2,2,0,0.908,68.6,0,0
7.3,0,0,70.9,51.9,53.9,-0.07,94.8,3,0,1,0.634,45.3,1,0
6.52,0,0,49.2,54.5,47.0,0.02,94.7,3,0,1,0.361,80.3,0,0
7.11,1,3,64.3,49.2,38.8,-0.65,95.3,6,2,1,0.861,60.4,0,0
8.02,0,0,52.2,60.3,39.2,-0.01,97.5,3,2,1,0.924,98.4,0,0
8.43,0,0,85.9,65.8,29.3,-0.57,99.8,4,3,1,0.86,72.3,1,0
6.59,1,1,76.6,35.7,66.8,0.03,75.2,4,0,1,0.783,57.6,0,0
8.56,0,0,76.8,85.6,76.6,1.09,99.8,5,2,4,0.489,51.0,1,1
9.09,0,0,50.9,60.8,80.6,1.3,95.3,3,2,0,0.904,68.1,1,1
8.05,0,1,58.8,68.1,84.4,1.72,95.8,2,2,2,0.927,78.3,1,1
9.66,0,2,89.0,87.1,58.4,1.85,100.0,2,0,0,0.824,78.4,1,1
6.75,0,0,47.4,36.0,14.7,-1.3,97.6,4,2,1,0.403,58.6,0,0
6.23,0,0,62.6,44.6,46.7,-0.41,98.3,3,0,0,0.906,100.0,0,0
5.64,0,0,48.5,24.3,38.0,-1.51,19.0,2,12,3,0.897,85.7,0,0
9.25,1,1,69.0,96.2,44.8,0.36,99.3,3,2,2,0.511,91.3,0,0
8.32,0,0,68.6,50.6,71.3,0.2,100.0,5,2,1,0.549,76.9,1,1
7.54,0,0,49.7,48.8,48.3,0.67,89.6,2,2,4,0.584,57.9,1,0
7.91,1,2,61.9,44.8,45.4,-0.15,100.0,3,6,2,0.617,73.9,0,0
6.36,0,0,42.0,26.0,35.3,-1.26,100.0,3,2,4,0.398,69.9,1,0
10.0,1,1,99.1,100.0,41.1,0.43,98.5,1,0,2,0.835,83.1,0,0
7.74,0,0,87.8,67.8,47.3,-0.04,95.0,1,6,0,0.617,66.6,1,0
7.72,0,0,45.0,61.9,45.0,-0.15,71.7,4,6,2,0.78,68.0,1,1
8.4,0,0,45.9,58.2,75.8,1.57,100.0,5,0,4,0.777,47.1,1,2
8.13,0,1,63.3,77.1,59.7,0.91,94.3,5,0,0,0.792,74.8,1,1
7.85,0,0,45.2,49.8,70.7,0.1,72.4,2,6,2,0.869,59.5,1,1
6.73,0,0,52.9,60.1,0.0,-0.52,98.2,2,2,0,0.858,69.7,0,0
8.12,0,0,75.2,52.1,47.3,-0.5,100.0,5,2,1,0.793,68.1,0,0
9.67,0,1,99.6,72.3,91.1,1.63,96.0,4,0,0,0.799,52.8,1,2
9.08,0,3,78.2,85.5,68.4,1.93,49.2,4,0,1,0.556,64.6,0,0
9.35,0,0,76.2,90.0,92.4,2.47,97.0,2,2,2,0.502,63.3,1,2
7.04,0,0,31.6,60.8,17.0,-1.05,92.5,3,0,0,0.863,76.6,0,0
6.51,0,3,50.4,31.9,56.3,-0.68,100.0,4,0,1,0.923,60.8,0,0
7.46,0,0,60.5,50.8,43.0,-0.6,18.7,3,0,2,0.755,80.3,0,0
7.66,0,0,69.3,61.5,43.7,-0.32,99.3,3,0,3,0.886,79.5,1,0
8.8,0,0,64.5,59.9,88.5,1.51,99.3,4,0,0,0.522,65.0,1,1
5.74,1,1,37.2,57.3,54.8,0.4,94.9,4,6,0,0.717,69.7,1,0
9.28,0,0,60.1,43.5,95.0,1.3,96.6,2,0,0,0.772,75.1,1,1
7.43,0,0,31.8,45.8,90.8,1.25,97.3,2,3,0,0.789,65.0,1,0
7.13,0,0,43.0,46.3,73.4,0.28,100.0,4,0,2,0.943,77.3,1,1
6.49,0,0,31.0,6.5,28.5,-1.56,93.5,2,2,4,0.762,84.5,0,0
5.78,0,0,46.8,19.0,36.9,-0.61,94.8,5,2,1,0.757,88.6,0,0
8.51,0,0,63.8,77.3,60.6,0.89,95.9,4,2,1,0.911,86.9,1,1
7.68,0,0,55.3,59.9,93.7,1.6,95.0,4,6,2,0.675,74.1,1,2
6.18,0,0,35.0,65.0,59.1,0.67,92.6,2,0,0,0.497,63.1,0,0
6.18,0,0,10.0,64.6,35.7,0.29,88.9,1,2,0,0.466,89.6,0,0
7.23,0,1,75.4,60.6,67.6,0.46,91.5,1,3,2,0.868,71.1,1,0
9.44,1,1,67.4,83.2,56.1,1.52,100.0,3,3,0,0.693,77.1,1,0
7.31,0,1,53.2,56.4,57.3,0.55,97.0,2,12,1,0.849,33.4,1,1
5.95,0,0,27.0,5.0,19.5,-2.01,99.5,2,0,0,0.37,96.6,0,0
7.33,0,0,70.0,36.1,22.6,-0.74,95.3,2,6,3,0.578,94.9,1,0
7.3,0,0,59.7,56.7,66.7,0.23,72.9,3,2,1,0.918,55.9,0,0
5.0,1,3,25.1,38.6,41.4,-0.33,100.0,3,0,1,0.54,67.2,0,0
7.54,2,1,55.7,62.0,63.7,0.9,100.0,2,2,0,0.537,64.6,0,0
7.35,0,1,78.6,43.3,49.9,-0.53,99.8,1,3,0,0.836,50.9,0,0
8.37,0,0,67.8,80.1,42.6,0.61,97.6,5,0,1,0.518,60.4,1,1
9.63,0,0,79.2,100.0,59.7,1.55,98.6,2,3,3,0.495,100.0,1,1
8.84,0,0,62.1,85.4,53.6,0.84,98.1,1,0,1,0.765,77.0,1,1
7.3,0,0,35.3,69.2,48.4,0.72,96.5,1,3,2,0.937,91.3,1,0
6.38,0,0,46.9,37.4,61.0,-0.14,95.8,2,2,0,0.659,71.5,0,0
10.0,2,3,88.9,100.0,100.0,2.89,100.0,2,0,0,0.621,41.9,0,0
7.67,0,0,74.8,61.4,27.3,-0.56,93.1,3,0,0,0.812,68.2,0,0
7.62,0,0,34.2,65.9,43.9,-0.1,100.0,6,6,1,0.846,70.9,1,1
7.57,0,0,47.2,63.4,42.9,0.26,72.3,2,0,3,0.773,66.5,1,0
7.82,0,2,56.2,59.3,13.2,-1.1,93.1,4,0,1,0.828,47.5,0,0
7.44,0,0,59.4,44.8,64.5,-0.22,95.4,5,2,2,0.757,84.1,1,1
6.97,0,0,52.9,50.5,44.2,-0.9,94.4,2,0,3,0.866,58.5,0,0
7.0,0,2,53.5,65.8,46.9,0.56,95.3,2,0,1,0.532,66.1,0,0
7.56,0,0,65.5,52.0,80.0,0.56,73.1,3,3,1,0.871,82.5,1,1
7.0,0,0,44.2,64.5,50.6,0.46,46.8,4,0,0,0.885,59.0,0,0
6.82,0,0,64.4,60.3,39.0,-0.11,96.1,1,0,1,0.745,72.0,0,0
7.72,0,0,67.4,55.7,67.9,0.58,96.8,3,3,2,0.839,77.4,1,1
7.32,1,1,54.4,75.0,71.9,2.07,99.3,4,6,2,0.534,100.0,0,0
9.25,2,1,96.8,71.8,81.4,1.6,96.3,3,3,2,0.936,69.2,0,0
5.0,0,0,53.7,51.1,37.4,-0.09,98.0,3,2,0,0.725,82.8,0,0
8.8,0,0,84.2,77.9,68.0,1.33,97.0,3,2,0,0.891,66.6,1,1
8.97,0,0,38.5,73.5,71.2,1.13,98.6,3,6,2,0.843,94.0,1,1
5.32,0,0,57.1,21.1,30.9,-1.29,97.1,3,3,3,0.7,47.2,0,0
7.22,0,0,66.8,53.2,38.1,0.26,95.1,2,2,2,0.862,51.8,0,0
7.19,0,0,81.0,51.3,41.1,0.17,94.2,3,6,0,0.815,73.8,1,0
6.05,0,0,60.4,24.0,62.4,0.62,97.6,2,2,0,0.545,64.2,0,0
6.74,0,1,71.4,46.1,82.1,1.07,100.0,6,12,3,0.886,81.1,1,1
6.38,0,0,59.3,33.9,70.2,-0.04,72.1,2,6,0,0.75,83.1,0,0
9.53,0,0,96.5,88.0,55.5,0.85,94.9,2,2,0,0.808,46.5,1,1
8.63,0,0,95.2,88.2,43.0,0.14,96.2,2,6,1,0.736,86.8,1,1
9.0,0,2,77.6,56.8,51.6,0.51,66.8,5,0,0,0.484,76.0,0,0
8.39,0,0,50.1,91.3,68.1,1.29,95.0,3,3,0,0.333,98.7,1,1
6.36,0,0,44.9,43.1,0.0,-3.0,92.7,3,0,0,0.349,65.0,0,0
7.02,0,0,59.9,38.6,38.7,0.35,96.3,5,6,3,0.809,82.5,1,1
8.14,1,1,67.3,75.1,88.0,1.6,88.3,5,0,0,0.67,80.5,0,0
6.26,0,0,32.6,37.6,57.8,-0.25,93.8,2,6,3,0.826,92.8,1,0
8.38,1,1,49.3,66.1,56.4,1.24,94.4,3,0,1,0.612,34.6,0,0
7.34,0,3,49.5,50.0,45.2,-0.64,94.2,5,3,2,0.581,49.9,1,0
7.19,1,1,66.6,42.6,61.5,0.67,92.8,2,0,3,0.199,86.6,0,0
8.38,0,0,87.8,77.3,82.4,1.45,94.1,2,3,1,0.449,92.0,1,1
8.09,0,0,76.9,60.0,52.5,-0.23,96.4,4,2,2,0.72,81.7,1,1
7.2,0,0,69.7,34.1,47.2,0.24,93.0,3,6,1,0.786,54.4,1,1
8.88,0,4,72.8,80.3,61.3,1.42,68.8,1,3,1,0.659,67.6,0,0
6.41,0,0,28.2,28.6,18.0,-1.17,94.9,1,3,1,0.915,86.4,0,0
8.28,0,0,62.3,49.9,60.4,0.49,60.7,4,0,3,0.748,68.0,1,0
8.25,0,0,64.4,82.5,58.7,1.25,98.1,1,0,2,0.638,70.1,1,1
7.26,0,0,51.6,38.1,29.4,-1.44,95.1,5,6,0,0.16,91.9,1,0
7.96,0,0,65.2,30.1,72.1,0.34,95.6,2,0,1,0.909,80.2,1,0
6.22,0,0,52.5,52.2,48.4,-0.38,100.0,3,6,3,0.623,73.3,1,0
8.62,0,0,81.4,65.5,80.9,0.82,94.2,3,0,0,0.731,77.4,1,1
7.4,0,1,55.6,53.3,39.9,-0.1,100.0,2,0,1,0.792,82.1,0,0
7.03,0,0,32.4,47.9,13.6,-0.8,96.0,1,6,1,0.802,70.8,0,0
8.75,0,0,66.7,74.5,78.5,1.34,93.6,2,3,0,0.873,79.9,1,1
6.83,0,0,53.8,39.5,34.9,-0.82,95.3,3,0,1,0.712,59.9,0,0
6.05,0,0,60.2,62.2,21.6,-1.13,97.2,2,2,2,0.704,83.9,0,0
5.89,0,1,37.1,19.1,13.0,-1.92,100.0,2,6,2,0.584,66.3,0,0
8.27,0,0,73.8,72.2,59.2,1.1,99.4,1,0,1,0.626,60.6,0,0
6.19,0,0,50.4,52.1,67.7,0.95,97.2,2,0,2,0.571,88.8,0,0
9.53,0,0,80.8,69.2,70.3,1.32,100.0,3,2,1,0.817,76.9,1,1
5.31,0,3,49.3,19.1,9.1,-2.3,91.4,1,0,0,0.766,75.5,0,0
9.47,0,0,71.7,93.4,90.3,2.05,97.7,1,2,2,0.609,78.3,1,2
7.83,2,1,56.4,47.3,62.1,0.66,97.9,3,2,4,0.871,50.1,0,0
7.49,0,0,59.8,48.9,16.8,-0.81,98.0,3,6,0,0.733,82.4,0,0
7.0,0,0,47.3,64.4,60.9,0.62,92.2,2,6,4,0.759,70.0,1,1
8.04,0,0,71.5,63.9,99.8,1.8,93.9,2,2,4,0.668,94.0,1,2
7.56,0,2,52.0,33.0,8.9,-1.28,96.5,4,2,0,0.614,100.0,0,0
8.81,0,0,75.9,96.4,48.5,0.84,100.0,4,3,3,0.598,76.7,1,1
7.73,2,2,61.1,52.6,6.4,-1.1,100.0,2,0,2,0.434,78.2,0,0
7.77,0,0,65.2,54.8,56.8,0.28,95.0,2,6,1,0.903,74.6,1,1
7.2,0,0,51.5,57.8,69.2,0.39,93.1,4,0,1,0.68,46.3,0,0
7.54,0,0,56.3,66.7,57.3,1.26,99.4,6,0,2,0.924,50.8,1,1
7.94,0,1,65.5,89.8,85.3,2.11,100.0,2,2,2,0.731,54.5,1,1
5.72,0,0,44.6,14.7,48.6,-1.12,100.0,4,0,0,0.715,81.2,0,0
6.12,1,2,46.1,53.9,69.0,0.16,94.8,3,0,1,0.783,93.3,0,0
8.42,1,2,89.6,78.0,86.9,1.34,100.0,2,0,2,0.768,78.9,1,0
7.79,1,3,51.0,58.7,51.2,0.09,99.1,3,2,0,0.721,54.9,0,0
7.4,0,0,58.2,67.4,55.0,1.32,94.6,3,3,3,0.382,43.1,1,0
7.62,0,0,42.3,71.9,40.8,-0.05,100.0,2,3,4,0.959,65.4,1,0
7.98,1,1,69.3,43.5,56.6,0.65,94.4,1,0,2,0.528,66.1,0,0
7.01,0,0,41.7,76.6,50.2,0.54,95.1,4,0,0,0.858,82.9,1,0
6.74,0,0,49.1,27.4,44.4,-1.16,87.5,4,2,3,0.773,87.3,1,0
7.82,0,0,58.7,45.1,82.9,0.8,96.9,1,3,2,0.829,74.4,1,1
6.52,0,0,53.6,43.1,37.3,-1.09,97.1,3,3,0,0.909,55.9,0,0
8.05,0,0,58.9,90.5,44.8,0.38,97.1,2,6,1,0.747,72.9,1,1
5.73,0,0,35.1,33.7,18.1,-1.78,100.0,3,0,0,0.708,44.5,0,0
8.73,0,0,89.6,70.6,81.6,0.75,90.0,5,2,0,0.621,68.3,1,1
8.12,0,0,69.6,84.4,37.2,0.94,97.9,2,3,0,0.743,88.6,1,1
7.88,0,0,57.1,57.5,56.0,0.45,96.1,2,6,1,0.736,70.0,1,1
8.68,0,0,68.8,54.0,93.1,1.25,94.7,4,0,3,0.885,90.3,1,2
9.43,0,0,99.1,72.9,83.5,1.71,94.7,3,0,0,0.768,66.4,1,1
8.72,0,0,69.3,90.1,68.2,1.16,89.1,2,0,2,0.918,79.0,1,1
5.58,0,0,32.5,37.3,31.3,-1.98,94.9,4,2,4,0.914,52.1,1,0
6.19,0,0,38.7,70.1,20.8,0.66,68.9,5,2,2,0.69,77.8,0,0
6.91,0,0,47.5,61.4,32.5,-0.25,53.3,3,6,2,0.814,71.1,1,0
7.63,0,1,54.2,49.9,53.0,-0.14,96.4,1,6,3,0.573,66.1,0,0
8.17,0,0,51.3,65.6,67.9,0.17,78.4,3,0,2,0.962,89.0,0,0
6.8,1,1,39.5,37.9,63.7,-0.41,99.5,3,3,2,0.813,78.9,0,0
7.81,0,0,53.1,51.5,60.3,1.04,65.5,2,0,0,0.777,66.5,0,0
6.77,0,0,59.8,100.0,70.6,2.4,100.0,1,6,1,0.877,90.2,1,1
6.93,0,0,49.7,65.5,77.0,1.55,94.1,2,0,1,0.705,100.0,1,0
6.05,0,0,43.0,53.6,51.9,-0.3,94.4,1,12,1,0.831,56.4,1,1
6.58,0,0,66.1,38.7,66.1,0.89,100.0,3,2,1,0.941,67.5,1,1
6.11,0,0,61.7,64.2,20.5,-0.49,93.4,1,0,3,0.652,74.7,0,0
6.53,0,0,46.9,62.2,22.6,-0.38,61.0,3,2,3,0.655,100.0,0,0
8.76,0,0,65.0,97.7,79.4,2.22,91.7,2,0,0,0.96,61.8,1,2
6.56,0,0,40.2,72.8,19.5,-1.11,96.1,6,0,1,0.813,69.6,1,0
10.0,1,2,93.3,64.3,79.8,0.83,87.0,3,2,4,0.446,89.6,0,0
8.14,0,0,64.0,49.0,76.6,0.66,96.9,1,3,1,0.885,92.2,1,1
7.8,0,0,58.4,46.8,84.1,1.32,57.5,4,6,2,0.778,57.0,1,2
6.66,0,0,41.8,35.0,40.3,-1.21,93.3,2,2,1,0.783,74.4,0,0
8.37,0,0,59.5,71.6,53.7,0.53,94.5,3,3,1,0.588,67.9,1,1
6.97,0,1,58.5,43.7,54.4,-0.06,98.4,5,3,1,0.86,45.5,1,0
7.73,0,0,46.6,89.1,38.5,0.8,99.1,3,3,0,0.734,59.9,1,0
10.0,0,0,96.9,100.0,81.9,2.44,47.3,4,0,3,0.615,82.2,1,2
7.49,1,2,53.5,57.3,54.8,-0.08,70.2,2,0,1,0.7,63.4,0,0
8.86,0,0,71.8,99.9,70.9,2.38,92.0,3,0,1,0.798,86.3,1,1
6.83,0,0,37.2,70.9,48.5,-0.05,95.6,1,2,2,0.578,78.8,0,0
7.56,0,3,60.5,51.9,40.7,0.17,100.0,4,6,1,0.912,74.6,0,0
9.55,0,0,76.5,51.9,66.5,0.37,100.0,2,3,1,0.826,67.1,1,1
6.91,0,0,53.5,48.0,34.5,-0.5,98.9,2,3,3,0.44,74.5,0,0
9.59,0,0,98.6,71.5,51.0,0.6,96.5,5,0,2,0.695,88.6,1,1
8.38,0,0,70.9,70.1,71.7,1.25,100.0,2,0,4,0.879,45.8,1,1
6.98,0,0,45.3,53.0,64.9,0.83,98.3,2,0,2,0.99,55.7,1,0
8.3,0,2,59.4,67.1,78.9,1.5,92.4,3,3,2,0.872,90.2,1,1
8.67,0,0,78.8,77.7,64.3,1.41,100.0,6,0,1,0.387,44.8,1,1
8.28,1,1,83.4,49.1,49.8,0.16,94.4,3,0,0,0.68,56.4,0,0
5.87,0,2,47.1,45.4,48.9,-0.65,99.3,1,0,0,0.775,79.4,0,0
6.8,0,0,61.3,43.6,58.1,0.24,92.2,3,0,2,0.645,75.6,0,0
7.33,0,0,65.6,58.4,56.8,0.19,100.0,2,0,0,0.818,61.8,1,0
7.52,0,0,77.2,71.1,86.6,1.25,96.2,6,6,3,0.792,83.9,1,2
8.28,1,2,44.4,49.0,63.9,0.33,69.3,3,0,2,0.772,51.3,0,0
7.8,0,1,71.0,56.8,53.9,0.36,94.9,3,3,0,0.531,100.0,1,0
6.13,0,0,58.1,40.8,31.4,-0.73,96.0,3,12,1,0.956,81.6,1,1
8.02,0,0,49.1,56.0,33.1,-0.01,97.0,3,2,2,0.868,71.3,1,1
8.27,0,0,57.1,78.6,76.2,2.03,100.0,3,6,2,0.864,89.5,1,2
8.22,0,2,56.9,55.3,61.7,0.64,97.2,1,0,2,0.642,85.8,0,0
8.79,0,0,64.1,63.9,79.6,1.5,90.5,1,12,2,0.87,87.4,1,2
8.52,0,0,64.4,58.8,100.0,1.9,93.3,2,6,0,0.693,68.9,1,2
8.11,0,2,69.0,79.4,55.2,1.14,100.0,3,6,2,0.721,50.2,1,1
7.52,0,0,70.6,50.9,13.2,-1.01,97.4,2,0,2,0.871,87.1,0,0
5.77,0,0,55.7,44.9,42.9,-0.37,99.9,2,6,2,0.812,84.3,0,0
8.07,0,0,55.7,91.5,64.9,2.28,96.1,5,6,0,0.696,84.0,1,1
7.83,0,0,53.1,60.1,45.8,-0.14,94.0,1,3,2,0.69,61.7,0,0
7.9,0,0,79.8,77.5,66.9,1.76,95.6,5,0,4,0.641,85.7,1,1
6.2,0,3,54.7,66.6,53.5,-0.06,97.4,5,0,1,0.59,66.0,0,0
6.41,0,0,50.1,59.9,24.9,-0.29,95.6,3,0,2,0.863,90.2,0,0
8.76,0,0,78.3,71.1,64.7,1.53,100.0,1,3,1,0.813,70.4,1,0
7.56,0,0,60.2,67.1,82.3,0.69,95.2,2,0,1,0.909,54.4,1,1
8.35,0,0,74.8,48.8,52.2,0.1,93.8,6,6,1,0.458,58.6,1,1
7.63,0,0,57.3,48.0,57.8,0.5,99.4,5,2,3,0.889,63.5,1,1
7.63,1,1,64.6,50.5,9.4,-1.24,99.8,5,0,0,0.877,90.0,0,0
8.63,0,2,53.2,100.0,41.9,0.99,97.1,6,2,4,0.781,71.2,1,1
7.03,0,0,47.1,41.0,52.2,-0.07,95.2,1,3,2,0.699,66.3,0,0
7.71,0,0,53.9,48.2,79.6,0.51,91.3,3,0,1,0.921,100.0,1,1
7.09,0,0,51.4,38.4,25.6,-0.12,100.0,4,0,1,0.83,68.7,0,0
7.12,0,3,45.1,61.2,51.8,0.11,99.6,2,2,1,0.375,57.5,0,0
7.26,0,0,51.2,56.9,45.4,0.17,95.7,2,3,3,0.271,100.0,0,0
7.84,0,1,45.3,76.5,76.3,1.21,82.6,2,3,0,0.869,61.8,1,1
7.07,0,0,62.3,62.2,28.0,-1.37,78.1,1,0,1,0.522,55.9,0,0
8.98,0,3,73.8,54.5,80.5,0.75,100.0,1,0,0,0.82,88.7,0,0
6.62,1,1,30.7,36.5,32.6,-1.46,93.9,1,2,0,0.955,60.8,0,0
7.39,0,1,48.9,75.5,57.7,1.26,36.2,3,2,2,0.728,68.2,0,0
7.12,0,0,60.2,50.4,51.6,-0.18,94.8,3,2,0,0.59,74.6,0,0
9.19,0,0,70.4,92.7,70.8,1.44,97.9,2,2,0,0.819,67.9,1,1
7.82,0,0,54.8,58.9,67.4,0.35,97.2,4,0,0,0.574,68.9,0,0
8.74,1,1,71.5,57.5,70.6,0.89,97.6,4,0,0,0.475,80.4,0,0
5.97,0,0,48.8,36.4,34.2,-1.12,94.4,1,0,2,0.578,70.1,0,0
7.89,2,3,46.7,48.3,53.3,0.47,100.0,1,2,2,0.727,60.0,0,0
8.58,1,2,77.4,61.4,69.3,1.02,95.6,2,2,2,0.741,69.6,0,0
7.69,0,0,52.3,62.4,61.3,0.42,100.0,3,0,1,0.756,88.4,0,0
8.77,1,1,72.5,78.7,52.5,1.06,69.7,3,0,0,0.491,65.6,0,0
7.03,0,0,54.9,30.1,43.1,-0.67,94.4,3,0,2,0.702,85.6,0,0
9.15,0,0,70.2,75.4,55.8,0.77,98.0,2,6,0,0.983,75.0,1,1
10.0,0,0,72.7,76.8,84.3,1.15,96.6,2,2,1,0.741,65.9,1,1
7.2,0,0,53.6,45.1,40.7,-0.44,100.0,5,3,1,0.508,62.7,1,0
7.11,0,1,75.6,55.1,64.2,0.71,96.2,2,6,1,0.7,72.4,0,0
9.2,0,0,60.6,68.5,87.5,2.19,97.7,3,0,2,0.671,92.4,1,2
9.34,0,0,98.7,97.1,60.4,1.09,97.7,1,2,0,0.467,69.1,0,0
7.02,0,0,52.1,68.9,49.3,1.31,38.6,1,2,1,0.614,57.5,0,0
7.14,0,1,56.8,70.1,62.1,1.07,99.3,2,3,2,0.205,61.4,1,0
7.29,0,0,44.9,48.3,49.3,-0.67,97.3,3,12,3,0.924,83.0,1,1
6.12,1,2,37.0,28.9,25.3,-1.63,64.1,2,3,1,0.297,62.6,0,0
6.59,0,0,44.9,48.6,24.4,-0.31,97.6,2,2,1,0.852,92.6,0,0
6.5,0,0,37.4,44.3,58.3,0.65,95.2,3,6,1,0.601,87.0,1,0
6.76,0,0,50.0,40.8,62.3,0.21,84.5,1,3,1,0.985,60.7,0,0
7.56,0,0,55.7,41.7,52.0,-0.06,98.7,3,6,1,0.754,70.6,1,1
7.86,1,2,85.8,60.9,73.1,0.54,98.7,5,0,1,0.805,88.6,0,0
9.31,0,0,64.1,71.7,23.3,0.12,100.0,3,2,1,0.641,66.5,1,1
6.5,1,1,51.3,56.2,66.9,0.31,100.0,2,3,2,0.63,72.3,0,0
8.68,0,0,74.8,79.8,66.4,1.55,95.4,4,0,1,0.933,85.3,1,1
7.36,0,0,45.8,71.4,55.9,1.21,97.4,3,3,2,0.923,93.1,1,1
7.55,1,4,68.7,40.4,49.8,-0.2,96.4,5,0,1,0.813,81.2,0,0
8.34,0,1,63.6,72.4,90.2,2.23,86.1,3,2,2,0.566,74.1,1,1
6.37,0,0,18.7,34.8,22.3,-0.52,98.7,2,6,4,0.71,66.7,0,0
8.02,0,0,73.1,46.1,87.8,1.28,99.3,3,2,4,0.624,54.3,1,1
7.78,0,0,49.4,54.6,65.5,0.55,93.8,2,3,1,0.701,67.7,1,0
8.14,0,0,53.8,79.5,73.9,1.43,79.0,2,2,0,0.758,67.9,1,1
7.92,0,1,72.4,56.9,54.1,-0.01,95.6,3,2,3,0.636,81.8,1,0
10.0,1,1,80.8,100.0,61.5,1.19,92.5,3,2,0,0.668,69.6,1,1
6.9,0,0,65.0,58.6,64.5,0.85,96.9,3,2,3,0.912,72.4,1,0
7.02,1,2,69.7,46.7,54.8,0.02,70.4,3,3,2,0.822,91.3,0,0
6.91,0,0,46.4,67.3,72.5,1.26,97.5,1,0,3,0.666,72.8,1,0
6.99,0,0,64.4,58.1,45.4,-0.57,97.8,1,2,2,0.655,64.4,1,0
6.9,0,0,44.9,37.8,40.2,-0.63,98.2,1,0,4,0.845,55.5,0,0
8.91,0,0,100.0,99.0,96.9,3.0,98.3,4,2,1,0.934,65.7,1,2
9.16,0,0,68.3,79.4,100.0,1.87,72.9,1,6,1,0.856,58.7,1,2
6.97,0,0,67.0,52.0,48.8,0.01,25.1,2,0,1,0.87,63.9,0,0
6.68,0,0,62.0,36.6,31.7,-1.65,94.7,2,2,1,0.749,100.0,0,0
8.12,0,0,70.0,80.8,77.0,1.06,99.0,3,3,1,0.943,68.2,1,1
6.99,0,1,46.9,59.2,44.3,0.34,96.6,2,0,3,0.546,76.8,0,0
8.3,0,0,66.1,75.1,75.3,1.28,100.0,2,2,1,0.828,99.6,1,1
7.82,0,0,37.4,53.9,54.2,0.96,98.7,2,0,2,0.483,58.1,1,0
5.93,1,1,47.0,51.9,64.3,0.69,38.6,3,0,1,0.774,77.5,0,0
9.3,0,3,82.2,90.1,64.0,1.57,96.7,4,3,4,0.765,87.6,1,1
9.58,0,3,82.4,71.0,88.6,1.32,92.6,1,3,1,0.643,76.7,1,1
6.93,0,0,18.6,31.3,39.3,-0.92,76.4,3,2,0,0.51,65.9,0,0
7.17,0,0,41.5,62.0,46.0,-0.16,96.8,1,3,2,0.75,79.6,1,0
7.91,0,0,55.2,40.0,52.6,-0.56,98.6,3,2,2,0.946,59.6,1,1
7.97,0,0,68.2,64.8,73.9,1.39,99.0,3,3,1,0.691,69.3,1,1
8.32,1,3,71.7,60.3,81.4,1.62,95.4,3,12,1,0.398,49.6,1,0
9.81,0,0,81.1,100.0,92.8,2.7,94.0,1,0,1,0.723,80.2,1,2
7.41,0,0,66.7,51.0,51.9,-0.25,88.4,4,2,1,0.701,89.3,1,0
6.72,0,0,39.9,64.4,48.2,0.39,89.9,1,0,2,0.561,83.1,0,0
6.08,0,0,53.2,34.7,54.2,-0.97,78.8,4,2,2,0.428,80.8,1,0
6.8,1,1,58.7,63.8,63.3,1.28,95.8,4,2,1,0.382,71.7,0,0
7.56,0,0,65.2,87.0,7.3,-1.12,99.6,3,2,1,0.936,64.5,1,0
9.57,0,0,78.6,65.4,75.0,0.73,91.0,4,2,0,0.609,52.4,1,1
7.03,0,0,77.3,56.4,45.3,0.03,97.0,1,0,2,0.868,59.8,0,0
7.85,0,0,69.4,99.8,71.2,1.89,100.0,6,0,3,0.905,61.6,1,1
7.58,0,0,49.2,59.3,54.8,0.34,60.3,4,0,2,0.781,77.9,1,0
8.91,0,0,77.1,73.8,84.8,1.25,99.9,3,0,1,0.814,88.4,1,2
10.0,0,0,94.0,96.0,65.6,2.0,98.0,3,2,0,0.495,74.8,1,1
7.02,0,1,48.1,52.8,53.9,-0.48,92.0,3,2,3,0.867,70.3,0,0
7.06,0,3,68.7,28.8,65.9,-0.53,97.5,4,0,1,0.643,97.3,0,0
8.75,0,2,77.1,87.1,43.4,0.56,87.0,2,3,1,0.486,79.2,1,0
8.35,1,3,40.4,38.8,100.0,0.91,67.5,2,3,1,0.874,52.5,0,0
9.63,0,0,84.9,75.1,100.0,2.71,96.6,4,0,1,0.819,70.9,1,2
8.24,0,0,62.6,82.6,63.9,0.72,88.3,4,3,4,0.805,65.8,1,1
7.2,0,0,63.5,49.3,36.5,0.16,96.0,3,12,0,0.75,47.4,1,1
8.25,0,2,78.8,56.0,60.8,0.91,95.7,2,0,2,0.915,87.8,1,0
8.82,1,3,75.5,84.3,72.3,2.0,100.0,5,0,0,0.487,74.7,1,0
8.5,2,2,90.0,56.6,75.0,1.73,95.2,2,12,1,0.594,97.3,0,0
8.16,0,0,64.4,47.6,89.9,1.31,96.2,4,0,2,0.606,87.9,1,1
8.77,1,3,80.2,75.3,61.7,0.55,96.8,2,0,2,0.614,63.7,0,0
8.89,0,0,83.5,70.2,81.8,1.47,74.7,2,2,1,0.74,79.1,0,0
9.12,0,0,75.0,57.9,51.2,-0.01,99.2,3,2,2,0.785,78.4,1,1
8.31,0,0,77.5,75.4,57.3,0.52,91.0,4,0,3,0.81,71.0,1,1
7.42,0,0,52.0,63.1,60.8,0.71,100.0,6,0,3,0.518,46.4,1,0
7.76,0,0,57.5,55.3,70.6,0.68,55.9,1,2,1,0.486,83.7,1,0
8.93,0,0,58.5,69.1,58.6,0.41,80.2,4,3,1,0.572,47.9,1,1
6.7,0,0,54.9,55.3,37.5,-0.4,65.6,3,3,2,0.948,53.0,1,0
8.01,0,0,69.0,79.7,87.4,2.13,89.7,1,6,2,0.76,76.4,1,2
7.17,0,2,70.8,49.9,71.9,1.11,96.1,4,0,1,0.335,57.7,1,0
7.63,0,0,70.8,68.1,60.3,0.11,98.5,2,0,0,0.662,61.5,1,0
9.01,0,0,71.6,82.0,32.8,0.02,95.3,4,2,2,0.527,74.2,1,1
7.81,1,1,49.0,73.2,100.0,2.13,52.3,2,0,1,0.806,82.5,1,0
7.65,0,2,66.7,59.7,56.5,-0.04,99.9,3,0,0,0.921,67.8,0,0
6.1,0,0,59.4,29.4,32.6,-1.09,99.0,2,0,2,0.354,95.1,0,0
8.42,0,0,78.3,61.2,56.6,0.53,97.3,2,0,2,0.341,58.1,0,0
8.31,0,0,81.1,71.2,71.5,1.4,97.3,1,2,1,0.793,89.4,1,1
9.98,0,0,82.3,100.0,91.7,2.53,80.0,3,6,2,0.369,60.6,1,2
7.26,0,0,52.0,48.1,69.2,0.25,96.8,2,0,0,0.961,98.4,1,0
7.84,0,2,54.6,72.5,42.4,1.05,93.9,1,2,1,0.506,92.5,0,0
7.87,0,0,63.1,57.0,53.9,0.62,94.6,2,6,4,0.638,77.3,1,1
9.34,0,1,77.4,79.2,100.0,2.54,98.5,3,0,0,0.494,84.2,1,1
7.5,0,2,62.4,78.7,59.0,1.34,95.6,4,6,0,0.613,86.3,0,0
7.91,2,2,62.5,72.7,56.8,0.83,94.8,5,3,1,0.769,68.1,0,0
8.27,0,0,66.1,48.6,47.3,0.39,98.3,3,0,1,0.801,74.3,1,0
7.81,0,2,53.7,52.8,67.8,0.68,52.5,2,6,0,0.832,53.0,1,0
7.11,0,0,67.4,70.8,68.9,1.09,96.4,5,3,3,0.658,54.5,1,1
7.81,0,0,64.1,62.9,74.5,1.36,96.6,5,0,1,0.762,88.2,1,1
8.78,0,0,70.7,55.5,65.7,1.28,88.1,2,3,0,0.515,72.6,1,1
6.47,0,0,40.7,34.7,49.2,0.24,99.9,3,2,3,0.864,87.7,0,0
7.75,0,1,46.5,70.1,88.0,1.95,97.6,4,3,1,0.618,82.0,1,1
6.83,0,0,69.0,64.1,66.2,1.06,93.4,4,2,2,0.515,75.2,1,1
8.91,0,0,80.8,73.3,57.9,1.06,96.3,3,0,1,0.765,91.8,1,1
5.92,0,0,24.8,74.8,0.0,-0.72,35.7,3,2,3,0.934,89.2,0,0
6.99,0,0,64.0,63.4,54.2,0.96,93.8,2,2,1,0.697,62.2,1,0
8.01,0,0,76.2,59.8,75.6,0.97,98.5,4,3,2,0.808,53.3,1,1
9.32,2,1,79.7,66.1,57.3,1.13,98.7,2,3,2,0.632,58.6,0,0
7.53,0,0,79.5,44.2,55.2,0.18,99.2,2,3,0,0.713,90.6,1,0
6.99,0,0,57.5,56.6,44.1,0.21,94.0,3,12,2,0.658,84.0,1,1
9.67,0,0,64.7,74.5,82.9,2.19,66.9,4,3,2,0.735,51.1,1,2
6.01,0,0,49.5,64.5,27.3,-0.14,88.3,2,6,4,0.673,70.4,0,0
5.18,0,0,39.8,52.5,50.4,0.44,97.9,3,0,3,0.843,87.9,0,0
8.08,0,0,58.6,72.8,64.7,0.84,97.4,2,0,1,0.757,60.5,1,0
7.05,0,3,62.4,36.0,33.8,-0.25,97.0,4,0,1,0.659,72.3,0,0
6.48,0,0,29.8,36.8,59.2,0.29,96.6,4,2,3,0.835,86.4,1,0
8.38,0,0,80.7,84.8,42.8,0.58,100.0,4,6,0,0.713,83.0,1,1
7.87,0,0,53.1,53.7,82.5,1.61,94.4,1,0,2,0.839,55.3,1,1
6.98,1,2,43.0,67.5,66.6,1.98,96.5,3,2,0,0.46,82.1,0,0
6.19,0,0,45.6,49.8,64.3,0.0,100.0,1,0,2,0.881,75.4,0,0
8.56,0,0,75.8,69.9,64.9,0.62,94.6,3,3,2,0.853,83.9,1,1
8.32,0,1,70.1,56.6,55.9,1.42,94.7,2,0,2,0.926,63.9,1,0
7.49,0,0,51.0,56.1,56.4,0.52,26.8,4,2,4,0.774,85.1,0,0
9.63,0,0,75.2,83.6,79.1,1.79,92.7,1,0,1,0.49,78.6,1,1
6.42,0,0,35.6,60.1,30.3,-0.48,99.0,3,0,1,0.792,93.5,0,0
5.92,0,0,41.5,27.7,26.1,-0.81,95.5,1,0,1,0.603,70.2,0,0
6.84,0,0,66.3,46.5,40.5,0.65,98.2,3,3,4,0.89,61.7,1,0
7.55,0,0,60.4,58.7,34.5,-0.59,93.3,3,0,3,0.9,54.7,0,0
7.87,0,0,74.0,70.8,71.6,1.14,100.0,3,12,4,0.589,90.1,1,1
7.33,0,0,75.8,43.0,52.1,-0.23,93.3,2,0,4,0.82,41.3,0,0
7.99,0,0,57.8,44.4,55.3,0.35,99.2,1,0,3,0.722,49.6,1,0
6.22,0,3,45.0,52.9,19.7,-0.46,93.5,3,3,3,0.593,72.9,0,0
9.19,2,1,100.0,54.8,54.4,0.9,100.0,4,0,0,0.349,63.9,0,0
7.51,0,1,77.4,75.6,90.0,2.21,96.8,3,2,0,0.95,52.6,1,1
8.83,0,0,53.2,69.9,59.7,1.77,72.5,4,0,3,0.841,80.2,1,1
7.98,0,0,69.4,41.1,71.7,0.3,94.5,5,3,2,0.4,80.8,1,1
8.1,0,0,66.0,57.4,65.2,0.34,95.7,2,0,3,0.295,75.2,0,0
8.23,0,0,77.2,70.8,13.8,-0.16,100.0,3,3,2,0.504,86.0,1,0
8.09,0,3,57.0,56.6,94.4,1.67,92.7,2,2,0,0.765,76.1,1,0
8.31,0,0,58.0,66.7,77.0,0.72,72.0,5,2,3,0.565,42.7,1,1
9.06,0,0,67.5,85.0,59.9,0.98,98.5,3,6,2,0.842,67.3,1,1
7.82,0,0,56.3,58.1,58.3,0.56,93.9,4,3,1,0.945,75.2,1,1
8.38,0,0,78.6,54.1,44.9,-0.34,98.6,1,3,1,0.751,80.5,1,1
7.5,0,0,45.8,53.3,87.9,0.93,97.5,3,6,1,0.88,76.4,1,1
9.18,0,0,69.4,95.8,58.9,1.23,72.0,3,0,1,0.899,80.3,1,1
6.86,0,0,32.1,74.0,37.9,-0.3,99.9,2,3,2,0.547,64.3,0,0
9.58,0,2,92.9,52.1,66.8,0.86,93.2,1,0,3,0.57,72.0,1,0
7.56,0,0,75.8,73.4,57.1,-0.02,99.3,3,0,1,0.387,80.3,1,0
6.03,0,2,41.3,44.8,62.0,0.32,97.4,2,0,0,0.756,100.0,0,0
7.74,0,1,58.8,73.1,90.1,2.06,95.6,2,6,0,0.785,59.0,1,1
6.85,0,0,58.9,42.7,40.0,-0.53,93.7,3,3,2,0.549,81.0,1,0
8.52,0,1,87.9,44.0,74.1,1.11,27.8,1,0,3,0.802,56.3,0,0
6.88,0,0,58.7,58.9,49.1,-0.38,94.4,1,0,1,0.778,63.9,0,0
7.11,0,3,47.7,40.0,32.6,-1.08,100.0,5,2,0,0.578,86.1,0,0
5.52,0,0,20.8,16.3,74.9,-0.05,100.0,2,2,3,0.906,76.7,0,0
7.1,0,0,42.6,34.7,74.8,0.77,100.0,2,2,0,0.611,69.3,0,0
5.0,0,0,35.9,38.4,28.4,-0.89,58.2,1,2,0,0.836,100.0,0,0
5.86,0,0,35.7,41.4,63.8,1.12,95.8,2,2,0,0.637,64.1,0,0
8.44,1,4,71.7,78.8,88.1,1.59,96.1,2,6,3,0.811,78.2,0,0
8.46,0,0,63.0,77.5,68.0,0.65,95.9,2,0,1,0.76,82.2,1,0
8.07,0,0,53.0,57.9,67.7,1.48,97.7,2,6,0,0.692,49.1,1,0
6.54,0,0,36.2,45.9,70.7,0.03,98.3,3,0,4,0.342,69.2,0,0
7.55,0,3,79.2,50.9,38.5,-0.09,100.0,3,0,1,0.968,55.2,0,0
7.6,0,0,71.6,55.6,86.3,0.94,97.1,3,0,2,0.645,39.5,1,1
6.33,0,0,69.0,31.0,36.9,-1.69,59.4,4,0,0,0.794,77.2,0,0
9.25,0,0,84.0,82.3,100.0,2.23,95.8,4,12,2,0.72,79.1,1,2
8.57,0,1,65.5,84.3,67.7,1.71,100.0,3,0,0,0.879,63.5,1,0
7.36,0,0,74.4,44.5,59.4,-0.3,92.3,1,3,2,0.643,58.0,0,0
7.63,0,0,60.9,76.9,55.9,1.03,99.2,2,3,1,0.56,93.5,1,1
7.83,0,0,65.9,62.7,49.4,0.57,95.8,3,2,2,0.851,99.4,1,1
5.35,0,1,38.0,37.3,24.4,-1.65,94.3,1,0,2,0.86,80.6,0,0
7.33,0,0,22.9,31.8,77.8,0.43,98.2,1,2,3,0.853,72.9,1,0
6.85,0,0,72.8,25.0,5.5,-1.41,100.0,5,2,1,0.752,63.5,1,0
6.5,0,0,55.9,48.5,20.7,-0.75,98.0,3,6,2,0.513,76.1,0,0
7.29,2,2,61.9,66.3,39.4,-0.1,96.2,2,2,4,0.838,71.2,0,0
9.58,2,3,80.0,71.0,60.5,0.98,93.1,2,6,1,0.632,81.8,0,0
8.3,0,0,70.0,89.7,91.8,2.0,96.7,2,2,1,0.91,89.5,1,2
6.97,0,0,47.5,62.0,71.3,1.42,93.0,1,0,2,0.525,76.4,1,0
8.23,0,0,74.7,52.8,74.4,1.32,96.1,2,0,1,0.899,72.9,1,0
9.14,0,0,60.7,76.0,63.2,1.07,96.8,3,3,1,0.66,51.2,1,1
8.62,0,0,73.4,100.0,92.4,2.62,89.9,5,2,1,0.915,78.0,1,2
7.67,0,0,68.4,41.9,28.4,-1.3,100.0,4,0,3,0.633,81.1,0,0
6.89,0,0,51.5,58.2,86.2,0.85,93.3,2,0,0,0.518,86.7,1,0
8.37,1,3,73.1,62.5,53.1,0.23,96.4,2,0,1,0.728,47.3,0,0
8.03,0,0,53.4,73.3,56.7,0.7,98.6,3,2,0,0.732,76.8,1,1
8.58,0,0,59.3,87.2,60.3,1.59,100.0,2,3,3,0.778,62.5,1,1
8.3,0,0,70.8,60.9,45.3,0.45,94.6,4,2,0,0.835,82.2,1,1
8.75,0,0,80.7,87.0,100.0,2.56,89.5,2,3,0,0.672,74.9,1,2
7.01,0,0,32.6,83.2,63.3,1.66,100.0,2,2,4,0.659,63.1,1,1
9.05,0,0,81.8,75.5,95.5,1.7,93.3,3,2,1,0.535,95.5,1,2
7.82,0,0,56.7,72.0,36.8,0.48,98.1,1,0,2,0.87,66.6,0,0
9.88,1,1,81.5,75.4,86.9,1.48,98.3,3,6,1,0.655,63.3,1,1
6.84,0,3,37.3,50.5,56.5,0.72,87.2,5,0,1,0.6,66.0,0,0
9.51,0,0,69.9,77.1,84.0,1.73,92.2,3,0,3,0.817,45.8,1,2
7.82,0,0,74.8,72.2,37.9,-0.71,95.6,4,0,4,0.701,49.6,1,1
6.88,0,0,54.2,67.6,67.0,1.25,89.2,2,0,2,0.875,88.8,1,1
7.07,0,0,51.1,51.2,52.0,0.42,93.0,2,2,3,0.676,72.6,1,0
7.25,0,0,56.1,76.2,34.8,-0.11,97.4,2,0,3,0.84,79.0,1,0
8.07,0,1,71.5,85.2,28.4,-0.09,96.7,3,2,1,0.773,75.3,1,0
8.18,1,4,72.0,76.8,74.0,1.33,97.9,3,2,3,0.84,76.1,1,0
6.97,1,3,53.8,44.4,92.7,0.53,61.0,3,2,0,0.638,71.4,0,0
7.57,0,0,73.8,49.7,37.6,-1.36,92.0,1,0,3,0.786,63.2,0,0
9.96,0,2,96.2,73.1,87.5,2.29,93.1,3,3,1,0.637,80.5,1,2
9.5,0,1,85.0,92.8,99.0,2.25,99.3,3,2,0,0.689,74.6,1,2
8.08,0,0,66.5,46.9,39.1,0.31,88.2,2,0,2,0.377,56.5,0,0
7.64,0,0,69.3,68.5,48.1,0.9,94.1,4,6,3,0.697,80.7,1,1
7.73,2,1,66.1,44.9,42.3,0.26,97.8,4,0,0,0.496,93.9,0,0
8.27,0,0,80.5,77.6,82.0,1.42,99.4,2,3,1,0.708,77.0,1,1
6.47,0,0,60.5,46.5,66.6,-0.17,97.7,3,3,2,0.466,63.4,1,0
7.32,0,0,45.9,74.2,55.7,0.29,96.3,4,0,1,0.912,75.4,1,1
5.76,0,0,29.6,54.4,19.0,-1.11,95.1,3,6,0,0.552,82.8,0,0
8.04,0,0,57.0,83.5,53.5,-0.09,100.0,4,0,1,0.755,56.9,1,0
8.31,1,2,79.8,86.9,53.4,0.74,97.3,2,3,1,0.911,65.0,0,0
7.07,0,0,36.8,54.8,32.2,-0.57,98.2,1,0,2,0.79,72.4,0,0
9.33,0,0,83.1,61.4,75.1,0.57,98.0,1,2,0,0.259,67.5,1,0
6.25,0,0,51.9,29.0,50.4,-0.87,94.6,6,12,2,0.759,74.5,1,1
5.99,0,0,58.8,11.7,45.7,-1.08,97.2,2,2,1,0.562,91.7,0,0
7.85,0,0,65.6,46.1,59.0,0.36,51.3,4,0,3,0.982,51.3,0,0
8.75,0,0,56.4,72.2,71.0,0.84,96.0,2,2,1,0.722,52.8,1,1
9.45,0,0,68.0,71.1,77.0,1.49,98.0,1,3,1,0.885,66.2,1,2
7.1,0,0,41.8,50.5,26.8,-0.71,94.3,2,2,1,0.91,75.4,0,0
8.79,0,0,66.4,78.6,73.3,1.43,93.4,3,6,0,0.733,54.2,1,1
7.56,0,0,58.4,53.9,45.2,-0.34,98.5,1,6,1,0.877,97.3,1,1
7.41,0,0,45.1,40.8,29.7,-1.42,95.4,5,0,1,0.969,84.5,1,0
8.57,0,0,88.4,68.5,74.5,1.91,96.0,4,3,1,0.476,53.7,1,1
8.32,0,4,52.3,53.9,53.8,0.47,91.2,1,6,3,0.598,72.8,0,0
5.87,0,0,59.8,35.7,39.5,-0.27,99.9,3,0,1,0.732,77.7,0,0
9.22,0,0,91.5,95.3,90.9,2.34,65.8,3,0,1,0.838,60.0,1,2
9.12,0,0,87.0,71.5,57.3,0.66,52.0,6,0,3,0.572,48.4,1,1
6.91,0,0,45.8,75.8,49.6,0.76,98.2,1,0,2,0.595,60.7,0,0
8.04,1,3,69.5,83.4,28.8,-0.7,92.5,3,6,1,0.674,85.7,0,0
8.14,0,0,51.1,56.5,90.3,1.04,97.7,2,0,0,0.84,54.4,1,1
7.89,0,0,74.8,46.2,35.2,-0.9,95.2,3,0,1,0.686,90.5,0,0
6.99,0,0,54.1,51.2,39.7,-0.5,94.1,1,0,0,0.47,58.6,0,0
6.86,0,0,48.7,66.6,71.4,0.73,38.3,3,0,3,0.593,35.7,0,0
7.57,0,1,46.0,51.4,51.6,0.22,100.0,5,2,2,0.375,88.7,0,0
8.89,0,0,44.2,85.5,50.1,0.83,100.0,3,3,3,0.747,65.3,1,1
8.2,0,0,54.5,82.1,76.2,2.14,98.9,3,2,2,0.715,68.7,1,2
7.19,0,0,70.3,43.3,63.7,1.3,96.9,3,0,0,0.865,76.0,1,1
8.45,0,0,64.7,58.5,55.0,-0.15,96.4,2,3,1,0.668,53.4,1,0
5.0,0,2,33.0,40.0,15.6,-1.31,94.3,2,6,4,0.424,56.6,0,0
8.86,0,0,81.5,74.6,63.5,1.06,96.2,3,2,0,0.848,66.4,1,1
5.69,0,0,63.5,27.9,29.5,-1.18,72.1,6,0,0,0.97,86.2,1,0
7.2,0,0,72.9,49.3,17.3,-1.54,100.0,1,0,1,0.73,76.0,0,0
6.37,0,0,37.0,44.1,38.2,-0.89,94.6,2,0,1,0.751,75.7,0,0
6.18,0,0,23.4,21.0,71.2,0.16,91.0,2,2,0,0.596,85.8,0,0
8.88,0,0,100.0,83.4,55.4,0.54,95.4,3,3,1,0.577,83.3,1,1
7.09,0,0,83.1,46.2,39.5,-0.37,99.7,1,0,1,0.519,60.3,0,0
7.98,0,0,67.1,23.8,39.5,-1.03,100.0,5,0,0,0.868,61.1,1,0
7.55,0,0,45.2,57.7,66.6,0.78,100.0,3,2,1,0.635,79.3,1,0
8.12,0,3,77.8,54.0,84.2,0.85,100.0,4,0,0,0.636,70.0,1,0
7.68,0,0,60.5,83.2,78.5,1.75,94.5,2,6,0,0.45,70.4,1,1
6.19,0,0,45.5,34.9,16.8,-1.8,94.5,1,3,1,0.541,43.6,0,0
8.7,0,0,82.7,55.3,78.3,1.13,93.0,2,2,3,0.482,71.8,1,1
7.06,0,0,59.6,59.7,75.5,1.6,24.2,3,0,2,0.886,82.9,0,0
5.89,0,0,29.6,30.5,44.8,-0.5,55.7,1,3,2,0.455,66.9,0,0
7.13,0,1,52.4,42.5,59.2,0.27,100.0,4,2,2,0.738,69.0,0,0
9.25,0,0,85.4,83.9,67.5,1.66,98.0,4,3,4,0.83,93.5,1,1
8.54,0,0,76.5,54.3,71.4,0.25,96.2,3,0,4,0.756,62.8,1,1
7.22,0,0,60.3,34.0,73.9,1.13,93.8,4,0,2,0.707,97.0,1,0
7.22,0,0,68.4,78.5,57.5,0.46,96.7,3,2,2,0.719,49.6,1,1
7.25,0,0,53.1,62.8,29.5,-0.05,97.6,3,2,1,0.857,78.5,0,0
9.88,0,1,86.0,80.0,75.4,1.81,92.6,3,0,0,0.491,48.2,0,0
8.02,0,0,24.7,63.2,83.0,1.03,99.8,2,0,0,0.456,80.4,1,0
8.07,0,0,60.3,70.9,67.7,1.46,95.7,3,0,2,0.899,58.8,1,1
8.73,0,0,81.5,84.7,71.9,1.7,99.6,3,3,0,0.514,55.2,1,1
7.86,0,0,58.9,50.9,49.4,0.76,97.0,4,0,2,0.731,63.4,1,1
7.32,0,0,52.6,60.6,74.2,1.12,97.9,2,2,1,0.669,62.7,1,0
7.38,0,0,46.3,49.1,83.5,1.05,94.9,1,2,0,0.814,70.9,1,0
7.52,0,0,72.3,55.1,78.0,0.84,96.0,3,3,1,0.644,82.5,1,1
7.56,0,0,67.2,60.4,81.7,0.59,98.9,4,0,2,0.551,89.1,1,1
8.4,0,0,78.9,67.3,59.3,0.57,96.6,5,0,1,0.587,99.1,1,1
7.66,0,0,40.9,69.5,47.9,0.25,93.7,1,0,0,0.613,69.4,0,0
8.41,0,0,67.1,74.3,63.1,1.08,97.3,3,0,2,0.419,68.6,1,1
7.51,0,0,56.8,36.5,55.8,-0.67,98.2,3,2,3,0.773,74.2,1,0
7.69,0,0,58.5,40.5,83.0,0.79,100.0,1,2,1,0.425,65.3,0,0
5.4,0,0,31.6,29.2,50.8,-0.2,100.0,3,12,1,0.643,40.3,0,0
8.61,0,0,66.9,95.3,78.0,2.21,96.8,1,2,2,0.779,75.7,1,2
7.98,1,2,75.0,50.9,35.0,-1.22,95.4,4,0,2,0.586,55.2,0,0
8.7,0,0,49.0,67.8,39.0,0.31,96.3,3,2,0,0.626,71.9,1,0
5.0,0,0,56.3,22.5,29.3,-1.4,95.4,3,6,1,0.432,65.3,0,0
9.9,0,0,89.8,76.1,99.6,2.16,98.5,1,6,3,0.911,56.0,1,2
7.45,0,0,59.0,59.4,52.9,-0.64,100.0,5,6,4,0.459,62.6,1,1
8.82,0,0,84.1,91.6,100.0,3.0,100.0,4,6,1,0.462,57.6,1,2
6.46,0,0,32.1,52.4,23.0,-0.78,95.8,5,0,1,0.583,73.6,0,0
8.27,0,0,59.8,54.8,42.5,-0.76,95.5,2,0,0,0.633,65.7,0,0
6.44,0,0,48.0,84.4,30.3,0.26,95.7,3,2,2,0.527,74.3,0,0
6.91,0,0,70.5,52.2,35.3,-0.3,91.2,1,3,0,0.756,54.0,0,0
9.71,0,1,81.5,73.7,90.9,2.38,93.4,1,0,0,0.495,77.3,1,1
7.39,0,0,64.3,76.1,46.1,0.33,96.9,1,0,1,0.791,94.4,0,0
7.84,0,0,56.3,54.7,31.2,-0.52,98.1,3,6,2,0.74,75.8,1,1
8.56,0,0,76.4,92.4,83.7,1.81,98.5,2,6,1,0.822,86.7,1,2
8.15,0,0,86.6,52.4,31.1,-0.34,94.7,3,0,1,0.919,68.2,0,0
7.77,0,0,74.6,80.4,38.9,-0.01,95.5,3,0,2,0.627,67.6,1,0
8.0,0,0,64.0,65.8,31.8,-0.61,96.2,5,6,2,0.81,81.2,1,1
10.0,0,0,93.1,100.0,88.7,2.37,95.9,4,2,3,0.956,68.9,1,2
7.54,0,0,67.3,84.5,58.8,0.57,99.1,3,3,1,0.59,86.8,1,1
7.82,0,2,69.3,45.2,93.4,1.98,93.1,4,0,2,0.852,70.4,1,1
8.76,0,4,85.9,89.2,86.5,2.86,93.6,1,3,3,0.673,75.1,1,0
8.82,0,0,86.4,52.3,96.7,1.43,96.1,1,0,3,0.686,65.0,1,1
8.91,0,0,72.5,58.3,77.1,0.53,92.9,3,6,1,0.69,53.9,1,1
8.3,0,0,75.7,55.1,47.0,0.15,91.3,3,0,1,0.958,70.2,1,1
6.34,0,0,43.8,51.8,43.4,-0.37,92.5,4,2,3,0.559,68.6,1,0
9.4,0,0,67.9,78.8,88.4,2.39,96.3,2,2,1,0.834,64.4,1,2
6.34,0,0,45.2,42.4,53.7,-0.36,98.9,5,2,2,0.487,78.7,1,0
7.93,0,2,63.4,64.3,51.7,0.59,99.0,4,0,3,0.907,87.3,0,0
6.77,0,0,32.8,57.8,55.0,0.39,100.0,1,2,2,0.658,88.8,0,0
7.53,0,0,70.6,67.2,38.6,-0.27,97.3,2,0,2,0.718,70.2,1,0
7.96,0,0,31.4,77.9,41.8,0.44,97.7,6,6,0,0.751,64.0,0,0
7.95,1,1,97.1,88.0,40.4,0.87,96.2,2,0,0,0.736,60.4,0,0
8.06,0,0,83.7,63.4,62.2,0.74,96.4,2,3,2,0.671,100.0,1,1
9.38,0,0,75.6,70.8,56.3,0.71,100.0,2,3,2,0.751,90.1,1,1
8.1,0,0,66.1,72.7,54.5,0.31,97.8,3,0,0,0.624,72.7,0,0
7.33,1,1,61.9,39.6,69.2,0.87,98.0,3,0,0,0.553,43.6,0,0
8.66,0,0,64.5,60.8,50.4,0.67,93.6,1,6,1,0.475,70.2,1,0
8.91,2,2,76.4,87.0,62.8,1.09,46.5,4,0,2,0.81,84.4,0,0
6.25,0,0,45.8,42.0,41.3,-0.52,77.8,5,3,1,0.516,61.9,0,0
8.26,0,0,66.4,48.9,68.5,1.16,100.0,4,0,0,0.73,56.1,1,1
8.37,0,0,70.9,46.2,56.5,-0.32,98.9,5,6,0,0.423,81.4,0,0
7.27,0,0,42.0,55.7,66.4,0.92,96.6,1,3,2,0.925,72.4,1,1
9.11,0,0,76.6,91.2,85.0,1.86,96.5,3,6,1,0.972,72.6,1,2
7.43,2,2,61.3,72.6,74.7,2.04,96.8,1,6,0,0.705,72.3,0,0
7.74,0,0,63.9,61.7,56.4,0.5,97.3,4,2,0,0.547,53.8,1,0
7.41,0,0,56.5,84.6,44.7,1.1,100.0,5,0,3,0.283,62.2,1,1
7.62,0,0,74.8,57.3,44.1,-0.34,100.0,2,0,1,0.635,71.3,1,0
6.39,0,0,44.7,43.4,47.3,-0.74,99.3,3,0,1,0.703,54.0,0,0
6.02,0,0,47.9,5.2,30.4,-1.74,100.0,2,0,0,0.863,59.1,0,0
9.35,0,0,94.1,71.6,67.0,1.15,89.0,2,2,1,0.528,93.0,1,1
6.67,0,0,50.7,60.3,37.0,-0.41,86.7,3,6,2,0.743,75.3,1,0
6.51,0,0,52.7,68.5,30.8,0.07,97.0,4,0,0,0.577,75.2,0,0
5.23,0,3,36.2,20.9,31.4,-1.35,95.0,1,0,3,0.715,82.0,0,0
6.9,0,0,68.8,57.3,22.3,-1.59,94.2,2,2,2,0.802,80.5,0,0
6.14,0,1,43.4,57.2,44.2,0.19,91.8,2,6,2,0.626,74.2,1,0
9.41,0,0,94.5,78.6,90.1,1.62,87.1,1,0,1,0.906,61.7,1,1
8.71,0,0,70.9,38.9,59.1,-0.09,76.3,3,0,1,0.573,58.1,0,0
6.84,0,0,43.1,53.7,81.7,1.76,99.3,2,0,2,0.333,77.0,1,0
10.0,0,0,93.2,95.7,85.3,2.9,94.7,2,0,0,0.776,93.2,1,2
8.68,1,2,68.1,57.2,41.1,-0.37,84.3,3,3,0,0.806,38.9,0,0
7.24,0,0,64.9,51.1,46.8,0.15,77.1,2,3,1,0.616,83.4,0,0
5.0,0,0,10.0,13.8,26.1,-1.82,92.4,5,3,1,0.888,54.4,0,0
10.0,2,2,85.1,49.0,93.1,1.3,96.5,4,6,0,0.575,77.7,0,0
6.07,0,0,40.2,56.2,33.2,-0.66,97.9,2,6,1,0.705,68.8,0,0
5.79,0,0,30.1,38.6,16.3,-2.07,97.0,1,2,1,0.797,66.1,0,0
8.72,0,0,65.6,93.3,50.0,1.0,76.0,4,0,3,0.854,73.2,1,1
10.0,1,1,78.1,97.0,73.2,1.93,92.5,2,0,2,0.49,79.5,0,0
9.12,0,0,75.7,70.4,64.4,0.67,94.0,2,2,0,0.649,88.1,1,1
8.22,0,0,50.8,64.3,43.2,0.53,99.0,4,6,2,0.806,62.3,1,1
8.25,0,0,71.3,73.7,50.9,0.38,91.9,1,2,4,0.425,79.0,1,0
8.54,1,3,86.8,82.5,79.3,1.44,99.4,3,6,2,0.844,76.3,0,0
8.43,0,0,72.7,72.3,95.9,2.24,98.3,3,0,2,0.653,77.7,1,2
7.91,0,0,73.8,77.5,73.5,0.78,99.2,4,0,1,0.544,70.6,1,1
7.71,0,0,75.3,55.7,81.1,1.53,95.6,4,3,4,0.603,79.2,1,2
7.53,1,3,75.1,43.9,72.9,0.47,98.5,3,6,0,0.575,98.5,0,0
6.77,0,1,75.1,48.6,61.2,0.74,64.9,4,2,2,0.732,74.4,1,0
7.29,0,4,51.9,58.1,46.4,0.58,95.8,1,0,1,0.864,69.7,0,0
5.74,0,0,33.8,21.3,36.4,-0.84,97.1,2,0,1,0.648,68.8,0,0
7.49,0,0,69.3,38.7,47.3,-0.66,94.3,1,0,1,0.808,75.0,0,0
6.51,0,0,58.6,52.9,39.2,-0.8,97.7,2,2,1,0.868,70.6,1,0
6.39,1,1,58.2,39.6,42.9,-1.04,93.6,3,0,2,0.854,95.1,0,0
7.8,0,0,85.7,58.5,71.4,1.34,97.8,1,2,3,0.603,55.8,0,0
9.13,0,0,76.4,70.4,82.2,1.47,83.7,3,2,1,0.302,91.2,1,1
8.61,1,1,76.2,91.0,65.4,1.19,93.2,2,2,2,0.561,66.0,0,0
5.87,0,0,32.0,57.3,36.5,-0.34,96.9,1,2,2,0.63,71.0,0,0
6.51,0,0,75.7,29.3,50.9,0.0,92.1,3,3,0,0.917,80.7,1,0
8.63,0,0,67.3,62.5,80.6,1.61,94.5,3,0,4,0.881,64.5,1,2
6.52,0,0,46.5,58.6,15.9,-0.77,99.1,3,0,0,0.963,63.4,0,0
7.35,0,1,54.4,64.3,33.8,0.03,95.7,4,0,3,0.631,59.9,1,0
8.21,0,0,59.3,64.7,83.4,1.51,99.2,2,0,4,0.646,61.8,1,1
6.53,0,0,41.6,31.0,42.3,-0.56,44.5,6,0,0,0.888,74.4,0,0
7.72,0,0,55.9,50.3,50.0,0.09,96.8,1,0,3,0.743,100.0,0,0
6.13,0,0,29.9,35.2,33.8,-0.87,93.9,3,0,2,0.771,80.2,0,0
6.94,0,0,45.0,55.2,43.5,0.2,99.1,6,3,2,0.645,83.4,1,1
7.95,0,0,87.9,86.3,70.5,1.63,97.9,2,12,0,0.715,56.4,1,1
5.85,0,0,52.3,29.7,15.2,-1.96,92.4,2,6,2,0.746,56.8,0,0
8.08,0,0,77.0,49.6,62.5,0.62,94.1,3,3,2,0.782,83.3,1,1
7.58,0,0,74.9,56.8,60.4,0.6,88.7,4,3,1,0.653,45.1,1,1
8.21,0,0,89.1,79.7,70.6,1.59,92.9,2,6,1,0.416,71.0,1,1
7.85,0,1,42.2,41.1,63.2,0.2,96.1,4,3,2,0.85,88.0,1,1
9.1,0,1,61.2,95.5,83.5,2.45,93.8,2,2,1,0.518,69.2,1,1
7.74,0,1,52.7,57.7,47.5,0.06,94.5,4,2,3,0.883,69.2,1,1
7.13,0,0,50.6,43.1,33.6,-0.41,84.5,2,0,1,0.651,82.6,0,0
7.73,0,0,58.7,37.7,100.0,1.21,100.0,3,0,3,0.825,69.5,1,1
8.2,0,0,61.6,75.1,57.9,0.67,94.9,2,0,0,0.914,85.9,1,0
7.65,0,0,64.2,56.8,53.5,0.51,45.3,2,2,3,0.872,63.2,1,1
7.64,0,0,61.9,61.5,68.9,0.75,74.2,2,3,3,0.892,88.8,1,1
6.83,0,0,44.6,37.5,75.7,1.46,98.9,3,6,0,0.68,71.8,1,1
6.87,2,4,27.6,46.1,37.6,-0.27,97.9,4,6,2,0.364,53.2,0,0
6.06,0,0,33.7,34.8,19.7,-1.34,100.0,4,0,1,0.852,75.7,0,0
9.52,0,0,73.7,78.4,56.9,1.19,99.3,2,6,1,0.776,52.3,1,1
6.23,0,1,44.4,34.2,68.5,0.07,77.4,2,3,0,0.4,72.3,0,0
6.84,0,0,39.8,28.7,28.4,-0.82,96.4,4,0,0,0.691,58.4,0,0
6.81,0,1,47.2,88.1,46.2,1.08,95.3,4,2,4,0.691,47.7,0,0
8.58,0,1,57.3,50.3,50.4,0.52,100.0,3,0,1,0.664,44.2,0,0
7.28,1,3,56.2,57.6,26.2,-0.8,95.3,3,0,0,0.88,83.5,0,0
8.97,0,0,61.8,48.9,67.4,0.07,94.7,2,2,1,0.704,56.5,1,1
6.86,0,0,43.4,22.5,30.4,-1.51,100.0,1,2,4,0.595,79.2,0,0
7.91,0,0,48.4,63.3,47.4,0.1,97.8,2,0,1,0.691,78.5,1,0
6.68,0,0,50.0,50.9,81.3,1.73,100.0,3,6,0,0.77,90.4,1,1
9.96,0,0,74.2,100.0,92.2,3.0,94.4,4,2,2,0.363,78.4,1,2
6.29,0,0,58.8,49.8,57.3,0.38,95.4,4,0,3,0.5,42.1,0,0
7.94,0,0,69.3,60.3,75.1,1.07,100.0,1,3,3,0.421,85.7,1,0
8.3,0,0,67.1,53.0,62.8,0.35,93.2,3,2,2,0.566,68.5,0,0
8.06,0,1,56.0,84.6,53.7,1.22,100.0,2,2,0,0.979,92.3,1,1
7.4,0,1,63.5,69.4,58.2,1.58,93.4,3,3,2,0.58,75.3,0,0
7.46,0,0,67.9,39.6,57.5,0.73,98.8,2,0,2,0.36,81.3,0,0
7.65,0,0,63.2,59.7,46.5,0.55,74.0,3,2,2,0.783,83.7,1,1
7.44,0,1,78.6,58.8,56.6,0.87,97.1,3,3,1,0.708,60.8,1,1
8.66,0,0,77.1,65.4,56.2,0.88,92.9,4,3,1,0.762,82.2,1,1
10.0,0,2,96.0,95.8,81.9,2.06,100.0,2,0,0,0.859,77.5,1,2
6.99,0,2,56.5,63.5,42.8,-0.23,93.8,1,3,2,0.944,81.8,0,0
6.09,0,0,54.0,39.4,15.3,-1.4,94.5,2,6,2,0.749,74.2,0,0
7.5,0,1,50.5,53.6,12.7,-0.99,98.6,3,3,0,0.904,65.4,0,0
10.0,0,0,79.5,100.0,68.1,1.13,95.2,1,6,0,0.662,55.8,1,1
6.72,0,0,56.4,61.9,78.1,1.14,99.1,2,0,4,0.945,71.2,1,1
9.4,0,0,83.1,79.4,72.3,1.07,94.9,6,0,0,0.643,83.4,1,1
9.45,0,0,85.5,56.1,92.3,1.95,94.6,2,0,2,0.708,71.3,1,1
6.99,2,1,68.1,56.7,10.7,-1.38,48.6,3,3,1,0.648,78.5,0,0
8.23,0,0,50.2,75.3,45.6,0.54,93.3,1,6,2,0.74,31.8,0,0
9.39,0,0,67.2,39.7,53.3,-0.4,98.2,3,6,0,0.378,86.8,1,1
7.18,0,0,59.6,57.5,47.6,0.73,99.6,2,0,2,0.882,82.6,1,0
7.38,0,1,50.1,50.3,97.1,0.9,98.7,3,2,2,0.521,76.9,1,0
6.96,0,2,95.1,48.5,56.8,0.38,74.6,3,12,3,0.256,88.5,1,1
6.48,1,1,56.0,33.6,73.3,-0.1,91.2,5,0,1,0.828,74.1,0,0
6.89,0,0,52.9,48.7,43.0,-0.46,95.6,2,2,2,0.685,86.1,1,0
6.25,0,0,41.4,63.3,64.6,0.86,81.4,3,6,1,0.852,71.5,1,1
7.64,0,0,55.6,52.8,94.0,1.63,84.2,2,6,4,0.527,66.2,1,2
6.75,0,0,52.9,62.8,44.1,0.18,95.3,2,0,1,0.728,75.6,0,0
7.86,0,0,64.9,50.1,49.6,0.05,90.1,1,0,2,0.513,55.5,1,0
5.89,0,0,38.4,50.4,11.9,-1.52,94.0,3,2,0,0.879,88.2,0,0
7.96,0,0,61.4,62.6,55.0,0.38,95.0,2,6,1,0.733,88.2,1,1
8.52,0,1,86.3,73.6,68.7,1.16,90.5,3,2,0,0.406,97.5,1,1
5.41,0,0,55.7,34.6,66.4,0.28,99.9,2,2,0,0.89,70.9,0,0
8.01,0,0,68.1,72.1,37.8,0.06,92.3,3,6,1,0.564,74.2,0,0
8.95,0,0,58.4,37.5,73.5,0.8,98.3,2,2,1,0.85,74.2,0,0
6.27,1,1,54.2,24.1,7.6,-1.95,93.7,2,3,1,0.719,66.6,0,0
9.44,0,1,98.0,84.7,70.6,1.54,100.0,2,0,1,0.495,75.3,1,1
8.06,0,2,82.0,35.1,67.3,0.09,96.2,1,0,0,0.747,76.3,0,0
6.82,0,0,62.1,42.6,56.1,-0.38,95.6,2,0,1,0.974,36.6,0,0
7.54,1,4,77.5,57.2,66.1,0.76,42.0,4,0,3,0.736,58.1,0,0
8.21,0,0,67.8,53.8,70.7,1.26,94.0,4,6,3,0.902,86.5,1,1
7.68,0,0,69.4,49.8,67.7,0.76,98.7,3,0,1,0.794,75.9,1,0
8.19,2,4,58.8,68.9,64.1,0.56,95.6,3,0,2,0.368,46.4,0,0
6.59,0,0,54.4,61.6,25.2,-0.24,95.2,4,2,2,0.519,58.0,1,0
7.79,0,0,78.8,47.2,25.1,-1.03,96.7,1,2,0,0.836,72.9,0,0
6.04,0,0,38.4,33.4,27.7,-0.83,93.7,3,2,2,0.693,60.1,0,0
7.48,0,0,49.4,47.0,52.3,-0.14,96.4,1,2,2,0.791,79.9,0,0
6.61,0,2,52.2,13.8,66.8,-0.1,98.0,4,0,1,0.878,77.9,0,0
6.79,0,0,50.2,51.7,44.7,-0.35,90.1,3,0,1,0.888,79.6,0,0
8.96,0,0,82.4,86.6,69.0,1.25,76.4,4,0,1,0.908,73.0,1,1
8.8,0,0,67.6,86.0,77.5,1.09,99.4,4,6,1,0.517,71.1,1,1
8.27,0,0,88.3,53.8,59.4,0.6,91.4,3,2,2,0.763,96.2,1,1
6.4,0,0,33.5,27.9,56.4,-0.13,91.0,3,0,2,0.652,59.4,1,0
7.25,0,0,72.6,55.1,87.7,1.54,99.5,1,2,0,0.867,32.1,1,1
8.93,0,0,65.2,84.9,100.0,2.55,99.3,3,3,1,0.888,47.7,1,2
7.76,0,0,41.0,62.5,59.8,0.3,98.9,3,0,1,0.718,60.2,1,0
10.0,0,2,87.9,89.1,91.1,2.62,92.7,2,3,1,0.865,99.2,1,2
8.03,0,0,62.3,79.3,89.8,2.38,100.0,6,0,0,0.815,84.7,1,2
7.81,0,0,49.8,50.6,56.0,-0.1,94.7,6,0,0,0.907,55.2,0,0
7.26,0,0,37.4,51.8,64.3,0.73,87.7,2,6,0,0.347,59.2,1,0
7.75,0,0,62.4,83.1,37.5,0.67,97.8,3,0,1,0.823,77.7,1,0
7.43,0,1,71.0,54.0,48.6,-0.15,100.0,1,3,1,0.975,69.3,1,0
8.38,2,3,75.8,49.4,86.4,1.08,97.4,3,0,2,0.679,54.8,0,0
8.65,0,0,72.2,60.8,55.9,0.65,98.2,3,2,4,0.945,54.3,1,1
6.74,2,2,58.1,36.0,43.5,-1.13,96.8,4,0,3,0.601,59.7,0,0
6.14,0,0,46.0,47.5,10.3,-1.81,93.4,2,0,2,0.554,56.8,0,0
5.58,0,0,23.6,23.8,68.1,-0.38,90.0,4,0,2,0.869,60.2,0,0
8.16,0,0,49.5,68.5,85.6,0.88,54.8,4,3,1,0.788,74.0,1,1
6.39,0,0,46.4,34.9,45.0,-0.07,92.8,3,6,1,0.561,74.5,0,0
5.23,0,0,35.4,5.0,36.9,-2.23,98.1,3,0,1,0.568,43.7,0,0
8.03,0,2,75.5,67.6,68.5,1.14,97.4,3,0,0,0.798,71.1,1,0
10.0,0,0,94.1,87.1,100.0,2.82,97.4,3,2,1,0.911,62.4,1,2
7.59,0,2,68.2,65.8,46.8,0.13,93.8,6,2,0,0.874,76.6,1,1
8.52,0,1,66.9,59.3,80.4,0.95,100.0,1,3,0,0.621,84.9,1,0
7.69,0,0,45.3,48.7,76.7,0.95,98.4,2,3,2,0.594,79.7,1,0
7.49,0,0,64.9,63.0,76.8,1.18,93.5,4,3,1,0.596,54.3,1,1
8.61,0,0,77.4,91.0,27.7,0.57,100.0,2,0,1,0.508,73.9,0,0
7.28,0,4,29.1,55.2,41.6,-1.22,96.4,3,0,2,0.46,86.2,0,0
7.89,0,0,53.9,67.8,41.4,-0.26,75.9,1,6,0,0.592,64.8,1,0
7.95,0,0,56.2,58.0,63.1,0.84,94.7,3,2,0,0.844,30.9,0,0
6.87,0,0,55.1,28.9,11.1,-1.75,92.5,3,12,0,0.751,82.6,1,0
8.69,0,0,62.3,84.1,32.5,0.48,100.0,3,2,2,0.588,54.7,1,1
7.41,0,0,58.6,69.2,93.0,1.96,100.0,4,2,0,0.859,91.0,1,2
6.77,0,0,50.2,59.4,57.3,0.4,99.2,4,2,3,0.704,66.8,1,1
8.19,0,0,65.0,62.5,65.5,0.67,98.7,4,0,1,0.868,86.3,1,1
6.61,0,0,42.5,56.1,50.9,1.09,100.0,1,0,1,0.741,57.8,0,0
7.63,0,0,53.6,71.5,59.2,1.4,96.3,3,6,0,0.784,67.2,1,1
7.59,0,0,47.9,81.2,74.0,1.69,98.3,2,0,1,0.425,78.6,1,0
8.79,0,0,77.5,85.6,59.1,1.13,94.6,2,0,3,0.485,88.8,1,1
8.12,0,0,73.1,65.2,65.8,1.08,96.5,4,2,1,0.92,78.0,1,1
7.57,0,0,51.5,40.0,60.0,0.44,98.4,3,2,1,0.881,76.2,1,1
8.5,0,0,88.2,70.7,48.2,0.57,87.8,3,0,1,0.512,76.8,1,0
9.13,0,0,72.5,79.0,97.5,1.93,39.6,4,2,3,0.813,55.2,0,0
8.21,0,0,85.5,75.3,55.5,1.46,97.5,3,0,1,0.934,84.6,1,1
7.61,0,0,53.4,77.7,74.7,1.54,96.8,4,6,2,0.916,39.2,1,1
6.16,0,0,22.3,41.4,41.0,0.31,95.6,1,3,1,0.196,78.6,0,0
6.43,0,0,54.1,75.1,71.5,1.35,98.8,4,6,2,0.907,45.2,1,1
7.26,0,1,60.6,30.3,33.4,-1.09,94.9,2,3,3,0.661,72.4,0,0
6.93,0,1,54.7,57.1,28.6,-0.0,93.3,2,3,1,0.896,66.6,0,0
7.39,1,1,51.2,45.2,37.4,-0.41,100.0,2,6,3,0.531,66.1,0,0
7.66,2,1,61.2,32.6,59.3,-0.02,100.0,2,0,2,0.634,77.0,0,0
8.18,0,0,60.7,62.2,90.9,1.16,95.2,3,0,4,0.915,70.7,1,1
7.52,0,0,56.6,37.3,83.9,1.11,76.9,3,3,2,0.54,78.9,0,0
8.14,0,0,76.5,62.2,21.0,-0.89,99.5,2,6,2,0.797,81.4,1,0
7.67,0,0,63.9,59.9,61.5,0.43,97.1,2,3,2,0.608,32.9,0,0
5.43,0,0,46.6,50.4,0.0,-1.85,98.6,1,0,0,0.945,94.8,0,0
6.57,2,1,47.9,26.1,58.1,-0.08,98.4,2,6,1,0.846,56.0,0,0
7.44,0,0,55.3,69.6,74.4,0.64,90.0,2,3,0,0.773,77.0,1,1
6.27,0,0,33.9,45.3,39.5,-0.54,98.5,1,3,0,0.883,84.6,0,0
8.26,0,0,63.2,80.3,65.6,1.59,94.1,4,3,3,0.635,81.5,1,1
9.28,0,0,38.0,71.1,77.7,0.89,98.2,4,3,0,0.904,85.2,1,1
8.94,0,0,67.3,54.7,58.2,0.45,96.8,1,0,1,0.831,55.0,0,0
7.37,0,2,57.7,39.0,61.2,-0.13,95.9,2,0,1,0.968,70.7,1,0
9.24,0,0,84.2,58.6,71.7,0.75,93.3,3,6,2,0.508,82.4,1,1
7.76,0,1,59.4,67.1,74.9,1.87,97.4,4,0,2,0.652,67.2,1,1
7.23,0,0,61.5,75.2,49.7,-0.11,97.1,1,3,2,0.691,84.0,0,0
6.93,1,2,28.1,43.3,32.6,-0.42,94.5,5,2,2,0.301,77.4,0,0
7.27,0,0,57.0,63.7,24.6,-0.73,92.2,1,6,1,0.629,73.1,0,0
7.17,0,0,36.6,32.6,17.5,-1.68,92.1,3,2,4,0.656,86.7,0,0
7.79,0,0,48.4,63.2,82.1,0.92,96.2,1,2,0,0.71,45.2,0,0
7.78,0,1,60.5,69.9,50.1,0.75,97.9,5,0,1,0.929,47.9,1,1
7.6,1,3,76.3,38.4,62.3,0.08,55.1,2,0,2,0.582,81.0,0,0
8.08,0,0,70.3,61.0,94.1,1.59,96.9,3,3,0,0.853,70.9,1,2
8.91,0,0,74.3,83.0,61.8,1.17,92.1,2,0,2,0.342,69.7,1,1
8.64,0,3,71.2,29.0,57.4,-0.29,96.4,2,3,1,0.902,69.7,0,0
5.97,0,0,36.1,59.3,34.2,-1.12,100.0,3,2,0,0.527,89.4,0,0
5.0,0,0,28.5,35.0,25.5,-1.35,95.0,6,3,1,0.881,65.5,0,0
8.63,0,0,76.4,79.9,100.0,2.69,100.0,6,0,2,0.633,75.9,1,2
6.1,0,0,29.3,36.3,66.3,-0.36,97.5,4,2,0,0.692,76.2,1,0
7.35,0,1,65.6,31.8,64.4,-0.36,98.9,4,2,1,0.546,87.2,1,0
6.31,0,1,43.5,51.9,66.8,0.43,100.0,5,0,2,0.542,75.5,0,0
5.62,0,0,51.1,35.6,29.2,-1.3,91.5,1,3,2,0.586,77.7,0,0
8.2,0,0,78.5,65.6,68.7,0.96,99.7,2,0,1,0.824,54.4,1,1
8.44,0,1,49.3,83.0,60.8,0.66,96.7,1,0,1,0.597,55.2,0,0
6.97,0,0,47.7,62.3,25.4,-0.7,94.2,3,0,3,0.587,59.3,0,0
5.0,1,2,24.7,56.9,46.7,0.02,23.8,5,0,0,0.876,68.3,0,0
7.0,0,0,33.2,54.1,58.6,0.64,100.0,3,6,4,0.681,61.1,1,1
8.03,0,0,52.9,53.7,61.7,0.97,100.0,3,2,1,0.838,70.7,1,1
5.97,0,3,74.0,38.1,36.6,-0.82,91.0,4,0,1,0.884,67.8,1,0
7.8,0,0,70.3,66.6,31.5,0.51,94.7,5,0,0,0.54,41.3,0,0
7.58,0,0,83.8,72.6,38.4,0.04,99.8,3,3,0,0.802,66.6,1,1
8.24,0,0,77.3,45.1,69.9,0.89,52.5,4,3,2,0.525,61.4,1,1
7.73,0,0,53.4,60.2,48.3,0.94,96.9,2,0,2,0.852,85.1,1,0
6.53,0,0,45.7,69.4,39.4,0.13,92.3,3,0,0,0.745,78.6,0,0
8.92,0,4,81.2,69.7,70.1,0.56,94.8,2,6,3,0.388,87.5,0,0
7.43,0,1,64.5,69.7,41.8,0.2,92.9,2,0,2,0.709,88.6,0,0
7.57,0,0,53.8,65.2,38.4,-0.29,69.1,2,0,1,0.896,100.0,0,0
6.57,0,0,32.6,60.7,14.9,-1.04,93.2,4,0,1,0.611,61.4,0,0
7.11,0,0,95.6,41.9,47.7,0.54,94.2,3,2,0,0.411,80.7,0,0
6.63,0,0,49.6,36.6,55.7,-0.6,70.2,3,3,2,0.59,66.5,0,0
7.41,0,0,55.2,56.8,24.3,-0.58,94.5,2,2,2,0.686,67.7,0,0
9.48,1,1,81.2,57.9,78.4,0.77,100.0,5,0,1,0.764,54.5,0,0
6.09,0,0,43.0,38.2,43.2,-0.61,94.3,3,2,2,0.905,59.6,0,0
5.83,0,1,44.7,42.6,17.1,-0.96,100.0,1,0,4,0.347,96.4,0,0
9.22,0,0,92.6,100.0,100.0,2.91,95.5,2,3,2,0.832,69.3,1,2
7.37,0,0,57.2,61.7,46.5,0.05,79.6,6,2,2,0.683,49.6,1,1
6.86,0,0,39.7,59.3,45.5,-0.2,98.4,6,6,1,0.628,61.7,1,1
8.74,0,0,70.5,87.5,67.0,1.53,94.3,3,2,0,0.572,68.6,1,1
6.93,0,0,48.8,37.8,16.3,-0.71,96.0,3,2,4,0.573,56.1,0,0
9.61,0,3,98.2,78.4,98.5,1.89,95.5,5,2,2,0.739,81.2,1,2
8.35,0,0,82.5,100.0,47.9,1.81,98.1,3,0,2,0.766,69.1,1,1
7.06,0,2,56.9,51.6,45.5,0.37,79.2,5,2,0,0.403,77.0,0,0
9.97,0,0,69.4,100.0,95.4,3.0,94.8,3,0,2,0.729,47.7,1,2
6.93,0,4,39.6,64.8,74.5,1.27,97.4,6,3,2,0.522,55.1,1,0
8.42,0,0,69.3,46.9,46.6,0.28,98.0,3,0,1,0.94,56.5,1,0
7.93,0,3,68.3,66.6,52.1,0.04,100.0,3,0,2,0.795,85.7,0,0
9.03,0,0,70.8,76.4,98.3,1.93,97.2,1,2,3,0.533,68.2,1,1
9.32,1,1,72.4,82.1,85.2,2.19,97.0,3,2,0,0.747,76.9,1,0
7.64,0,2,54.2,48.4,68.7,0.71,98.3,4,3,0,0.951,100.0,0,0
6.77,0,0,52.4,33.8,27.3,-1.17,94.2,2,3,3,0.617,62.3,0,0
8.11,0,0,37.5,57.5,55.4,-0.65,91.8,3,0,0,0.821,69.8,0,0
6.85,0,0,40.3,49.0,44.2,-0.39,96.1,2,6,3,0.67,69.0,1,0
9.81,0,3,75.6,99.6,67.3,1.21,100.0,5,0,0,0.613,53.4,1,1
7.75,0,0,77.0,85.7,27.9,0.25,82.7,3,0,2,0.514,77.2,0,0
7.2,0,0,47.2,73.7,42.2,0.19,87.6,1,0,3,0.614,58.7,1,0
7.8,0,0,65.2,72.9,83.0,1.36,76.7,1,3,2,0.642,50.7,1,1
6.12,0,0,48.9,28.2,39.5,0.22,90.4,4,0,2,0.877,20.0,0,0
6.53,1,1,65.9,41.1,68.1,0.82,98.4,3,0,0,0.609,72.6,0,0
8.92,0,0,89.4,76.1,75.3,1.84,76.0,1,2,0,0.852,73.5,1,1
6.88,0,0,53.1,41.8,33.8,0.16,91.8,2,2,3,0.625,81.8,0,0
6.45,0,2,43.8,54.0,65.4,0.92,40.5,5,2,2,0.638,92.7,0,0
8.19,0,0,58.9,75.2,67.1,0.82,100.0,5,2,0,0.875,70.8,1,1
8.9,0,0,71.1,80.5,89.2,1.63,80.3,1,12,2,0.516,71.3,1,2
8.39,0,0,63.7,81.7,46.5,0.97,97.4,1,6,1,0.838,47.1,1,1
8.7,0,0,78.6,58.0,88.0,0.62,100.0,1,0,1,0.763,100.0,1,1
6.77,0,0,57.7,62.5,65.5,0.76,93.6,4,3,0,0.726,28.9,0,0
6.04,0,1,52.5,31.7,42.6,-1.52,66.2,1,2,1,0.587,69.0,0,0
9.25,0,0,92.6,63.6,61.5,0.72,94.5,1,0,1,0.648,93.9,1,1
7.25,0,0,79.8,62.1,51.1,0.65,48.4,2,0,2,0.472,64.4,0,0
7.32,0,0,59.7,72.6,63.9,1.08,97.1,5,3,2,0.365,52.5,1,1
9.06,0,0,88.8,81.5,78.0,2.01,95.3,3,2,1,0.621,80.4,1,2
8.21,0,1,62.9,65.6,74.4,1.95,96.1,3,2,0,0.576,97.8,1,1
8.1,0,0,80.2,68.5,80.4,1.37,95.4,4,0,0,0.974,100.0,1,2
9.98,0,0,97.6,86.7,73.1,2.71,95.5,3,6,0,0.77,57.7,1,1
6.89,0,0,66.0,35.1,26.9,-1.02,94.7,3,3,3,0.731,78.8,0,0
8.62,0,0,72.3,52.4,67.8,1.03,94.7,1,6,3,0.751,89.0,1,1
7.66,0,0,53.6,58.2,51.0,-0.03,91.0,3,0,2,0.884,80.5,0,0
7.9,0,0,47.2,63.0,73.9,1.73,96.3,4,2,0,0.666,79.0,1,1
9.28,0,0,77.3,77.3,57.0,1.26,69.9,3,2,2,0.372,64.2,1,1
8.16,0,1,85.0,74.2,81.3,2.17,99.3,1,0,0,0.951,67.0,0,0
8.19,0,0,63.2,62.1,87.7,1.55,95.3,2,0,1,0.607,64.0,1,1
8.78,1,2,82.2,79.5,70.4,0.83,96.6,5,0,2,0.656,52.3,0,0
7.2,1,2,67.1,52.2,52.5,0.31,95.9,3,12,0,0.95,57.6,0,0
6.68,0,0,48.4,74.0,31.3,-0.77,96.3,3,2,1,0.856,59.3,0,0
6.45,0,0,65.3,47.1,32.6,-0.78,100.0,3,0,1,0.704,84.9,0,0
5.44,0,0,10.0,67.6,22.9,-0.44,92.9,1,3,1,0.471,80.2,0,0
9.86,0,0,68.9,88.4,100.0,3.0,49.9,1,3,1,0.539,68.4,1,2
6.39,1,1,37.9,42.3,40.3,-0.37,97.4,2,0,2,0.39,63.6,0,0
7.36,0,0,48.7,43.3,29.5,-0.78,95.5,2,12,1,0.881,39.5,1,1
7.3,0,0,62.0,35.1,57.1,-0.12,98.1,4,3,1,0.649,66.8,1,0
7.94,0,0,67.9,48.4,75.1,0.27,64.9,2,2,3,0.625,74.4,1,0
8.5,0,0,74.7,56.2,66.5,0.72,93.7,2,3,4,0.922,100.0,1,1
8.55,0,0,77.6,74.5,94.0,2.05,98.8,1,3,2,0.913,86.1,1,2
6.96,1,1,43.2,44.2,62.5,-0.1,93.9,2,0,1,0.946,72.7,0,0
7.42,0,0,44.5,59.2,35.1,-0.77,56.7,2,6,3,0.904,71.3,1,0
7.91,0,1,68.9,80.0,50.0,0.47,93.3,2,3,2,0.292,55.7,1,0
7.33,0,0,50.7,54.4,57.0,0.36,97.4,2,3,0,0.858,75.2,1,0
9.37,0,0,59.8,100.0,47.4,0.84,96.9,2,0,0,0.803,75.2,1,1
8.14,0,0,78.1,48.1,68.7,0.16,93.7,2,0,2,0.747,75.6,1,1
8.41,0,0,85.8,65.4,34.2,-0.07,92.9,3,0,2,0.817,58.8,0,0
8.33,0,0,87.0,59.1,83.4,1.53,99.3,2,0,3,0.901,95.8,1,2
8.89,0,1,76.2,85.9,88.0,2.11,75.9,1,6,2,0.89,98.5,1,2
7.8,0,2,70.5,29.4,67.7,-0.09,100.0,2,6,2,0.933,71.2,0,0
6.17,0,0,63.2,22.7,26.9,-1.14,95.4,4,0,0,0.939,82.9,0,0
8.04,0,0,57.7,61.9,64.5,0.67,82.9,1,3,1,0.748,49.2,1,0
6.88,0,0,67.2,72.4,38.4,-0.36,94.2,5,0,1,0.781,53.9,1,0
7.02,0,2,58.5,55.4,30.7,-0.11,100.0,2,0,0,0.8,80.0,0,0
8.25,0,0,78.4,46.8,57.8,0.33,97.5,1,0,2,0.599,79.5,0,0
8.96,2,3,76.9,56.8,85.1,1.27,71.1,2,2,0,0.816,79.8,0,0
7.62,0,0,76.8,82.3,57.3,0.33,94.0,1,0,2,0.701,72.0,1,0
7.94,0,0,67.1,53.6,86.4,1.0,99.2,3,0,2,0.94,82.8,1,1
9.47,1,2,61.9,66.0,92.5,2.58,99.3,2,3,1,0.774,57.5,0,0
7.86,0,0,81.1,82.2,71.2,0.82,96.0,4,0,1,0.629,67.7,1,1
10.0,0,0,73.6,99.2,56.0,1.19,73.3,3,2,0,0.648,100.0,1,1
8.22,0,0,82.3,83.3,58.5,1.02,93.7,3,6,0,0.775,69.4,1,1
5.66,0,0,40.5,24.0,13.8,-1.66,93.7,3,0,0,0.604,87.1,0,0
8.43,0,0,83.4,46.4,62.9,-0.25,98.3,3,3,0,0.674,68.2,1,1
8.02,0,0,78.8,65.1,48.8,0.36,95.6,2,0,3,0.651,75.7,1,0
9.02,0,1,80.3,78.9,66.4,0.52,95.7,1,2,1,0.758,87.2,1,1
8.34,0,0,74.5,71.8,84.2,1.66,95.3,2,0,0,0.976,54.9,1,1
7.45,0,3,64.5,77.6,62.9,0.78,41.5,1,2,3,0.641,90.6,0,0
6.25,0,0,23.4,19.5,58.2,-0.75,73.2,2,3,1,0.484,67.7,0,0
7.37,0,0,60.1,68.1,24.6,-0.11,97.6,3,0,0,0.991,79.1,1,0
6.66,0,0,38.3,33.0,46.0,-0.61,95.1,3,0,2,0.889,61.7,0,0
6.96,0,0,56.7,63.6,65.9,1.02,96.9,1,2,1,0.815,63.3,1,0
8.25,0,0,53.8,59.1,91.1,1.77,94.1,1,2,1,0.788,51.8,1,1
9.44,0,4,65.1,67.4,50.4,0.91,98.0,1,0,2,0.677,59.1,0,0
8.03,0,0,84.6,54.8,55.1,-0.21,93.6,1,2,0,0.651,72.2,1,0
6.28,0,0,60.7,23.9,59.0,0.09,99.2,2,0,3,0.558,72.8,0,0
8.09,0,0,65.8,64.5,58.6,0.62,94.8,2,0,1,0.904,82.2,1,1
8.92,0,1,76.4,62.3,55.6,0.31,37.7,2,2,2,0.828,68.5,0,0
6.93,0,2,51.3,62.2,20.3,-1.18,100.0,2,2,3,0.78,86.5,0,0
7.45,0,0,66.4,65.9,37.4,0.18,66.0,2,3,1,0.559,86.7,0,0
7.62,0,0,53.0,82.4,26.0,-0.45,100.0,1,3,2,0.891,63.6,1,0
6.74,0,0,64.3,54.2,46.9,0.2,99.3,2,6,4,0.912,20.0,1,1
8.31,0,0,65.1,73.7,80.9,2.33,65.0,2,0,3,0.686,76.8,1,1
7.47,0,0,54.6,76.7,31.9,0.38,97.3,1,2,2,0.561,71.4,1,0
8.06,0,0,65.9,54.9,66.4,1.21,98.5,4,2,1,0.836,55.2,1,1
6.62,0,0,44.1,27.0,59.7,-0.47,98.8,3,6,1,0.741,93.3,0,0
7.12,0,0,60.1,56.1,50.4,0.45,97.5,2,6,1,0.864,65.7,1,1
8.39,0,0,62.5,47.4,36.7,-0.96,97.5,2,3,2,0.829,57.2,0,0
7.19,0,3,62.5,88.4,58.2,1.04,97.0,2,2,0,0.771,100.0,0,0
9.5,1,2,94.6,99.9,78.0,2.74,97.4,1,0,3,0.755,67.1,1,0
7.16,0,0,48.0,84.1,48.1,0.45,78.5,2,0,0,0.53,72.0,1,0
7.85,0,0,61.9,62.2,49.3,0.69,39.6,2,2,0,0.894,77.2,0,0
8.63,0,0,76.8,77.6,70.1,1.69,92.6,2,0,1,0.708,53.4,1,0
6.04,0,0,40.2,35.0,46.7,-0.01,95.5,4,0,1,0.699,61.7,0,0
5.66,1,1,47.2,49.7,76.0,0.35,95.2,5,6,1,0.73,69.0,1,0
5.92,0,0,50.9,23.1,38.1,-0.78,95.0,3,6,1,0.685,93.9,1,0
8.99,0,2,87.9,38.3,100.0,1.34,93.8,4,0,1,0.907,58.7,0,0
6.99,0,3,47.7,40.9,55.4,0.41,97.8,2,6,1,0.656,85.9,0,0
10.0,0,0,73.7,64.6,83.2,0.77,96.0,3,6,1,0.716,78.3,1,1
6.98,0,0,51.1,72.5,51.4,0.69,95.7,1,2,1,0.697,70.2,1,0
7.8,0,0,51.4,86.3,36.6,0.45,92.8,5,2,2,0.832,61.6,1,1
9.3,0,0,84.7,57.6,82.1,0.44,96.1,3,6,1,0.534,56.7,1,1
9.81,0,0,69.1,100.0,46.8,0.65,100.0,2,0,1,0.587,100.0,1,1
9.87,0,0,100.0,96.9,67.9,0.91,100.0,4,3,1,0.824,87.4,1,1
8.93,0,2,89.8,51.2,74.1,0.54,98.1,1,0,0,0.714,68.0,1,0
8.73,0,0,72.4,65.5,91.2,1.94,96.1,2,2,0,0.899,70.2,1,1
8.25,0,0,77.9,57.6,89.8,1.57,98.7,4,0,2,0.839,63.5,0,0
8.46,0,0,49.9,78.5,62.2,1.11,89.4,2,2,1,0.793,51.3,1,1
6.99,0,0,85.2,34.7,51.7,-0.7,96.1,3,3,0,0.819,63.9,1,0
6.7,0,0,44.9,47.3,63.1,0.83,85.4,2,0,1,0.526,65.7,0,0
7.6,1,2,59.5,49.0,32.2,-0.62,99.7,2,3,1,0.491,92.2,0,0
7.41,0,0,36.9,63.2,61.2,0.68,99.3,3,6,0,0.795,72.5,1,1
7.1,0,0,61.8,50.1,35.3,-0.11,96.9,5,6,1,0.728,63.3,1,1
8.37,0,0,55.4,59.5,62.3,0.23,100.0,2,6,0,0.666,96.0,1,1
8.65,0,0,72.7,67.2,60.5,0.82,98.2,2,2,1,0.802,61.9,1,0
7.7,1,1,55.4,88.2,65.2,1.52,69.0,3,3,1,0.927,67.8,1,0
9.23,0,0,64.3,70.6,85.6,1.43,97.7,3,2,2,0.6,89.6,1,2
6.34,2,1,38.8,30.2,57.2,0.06,93.2,3,2,3,0.853,57.4,0,0
7.39,0,0,61.6,64.4,59.9,0.84,94.3,4,0,0,0.528,61.8,1,0
6.81,0,0,37.7,47.9,49.8,-0.09,96.8,4,0,1,0.807,64.0,1,0
5.55,0,0,31.5,16.2,64.9,-0.31,96.9,2,0,1,0.699,77.1,0,0
7.51,0,0,68.0,88.8,27.7,0.33,98.8,1,2,1,0.694,48.7,0,0
7.47,0,0,90.9,52.2,85.1,1.53,95.0,2,0,2,0.48,68.9,1,0
9.26,0,1,83.4,71.6,71.0,1.2,97.2,3,0,1,0.629,56.5,1,1
8.29,0,0,56.9,68.5,74.8,1.69,97.3,5,0,2,0.83,68.2,1,1
6.47,0,0,45.3,70.4,36.8,0.28,97.4,3,0,0,0.751,79.1,0,0
9.64,0,0,81.8,57.5,68.0,0.05,97.0,3,6,0,0.981,55.8,1,1
8.94,0,0,70.2,77.2,81.0,1.08,92.8,3,2,2,0.731,54.3,1,1
8.24,0,0,78.2,94.9,82.6,2.56,90.2,2,2,1,0.82,64.7,1,2
7.35,0,0,61.1,57.7,61.7,0.46,94.2,1,0,1,0.558,64.1,0,0
6.54,0,0,61.3,29.7,33.8,-0.93,95.4,2,2,3,0.652,82.0,0,0
7.19,0,0,53.1,45.4,100.0,2.02,93.5,6,3,2,0.323,45.1,1,2
8.8,0,0,88.9,74.7,92.1,1.95,96.8,4,0,2,0.806,69.4,1,2
9.67,0,0,79.7,100.0,97.9,2.72,80.6,3,12,0,0.893,58.4,1,2
9.3,0,0,66.3,72.5,70.2,0.83,20.9,2,6,0,0.572,53.0,0,0
7.06,0,0,81.8,64.3,38.5,0.08,98.4,3,12,1,0.595,56.4,0,0
6.37,1,3,26.8,25.0,36.4,-0.78,100.0,2,0,2,0.818,59.8,0,0
7.75,0,0,53.7,40.1,77.5,0.47,94.2,3,3,1,0.917,54.6,1,1
5.65,0,0,34.0,30.4,15.0,-1.97,95.6,2,0,0,0.696,58.4,0,0
7.96,0,0,94.7,82.6,41.2,1.48,98.8,1,3,2,0.63,68.0,1,1
7.44,0,0,81.1,57.8,64.0,0.6,95.6,2,6,2,0.791,56.3,1,1
7.09,0,1,73.8,57.0,55.8,0.08,95.7,3,0,3,0.866,71.1,1,0
5.85,0,0,39.5,43.2,21.3,-0.83,100.0,3,0,1,0.494,78.0,0,0
8.16,0,3,95.8,80.3,43.3,0.43,29.4,1,0,1,0.665,74.5,0,0
7.01,0,2,59.6,43.6,75.1,0.26,100.0,4,3,3,0.772,65.7,0,0
6.31,0,0,59.9,54.1,47.2,0.19,91.5,4,3,2,0.797,73.5,1,0
5.0,0,0,37.2,18.4,0.5,-2.7,81.8,3,2,0,0.6,49.8,0,0
7.57,0,0,60.1,86.0,32.6,0.85,98.2,3,3,1,0.628,52.4,1,0
9.55,0,0,77.5,68.8,73.1,1.39,82.1,2,3,0,0.902,75.6,1,1
9.43,0,0,76.8,66.3,91.3,1.63,90.8,5,6,0,0.524,66.1,1,2
7.1,0,0,63.3,60.8,60.9,0.65,33.3,2,0,0,0.771,67.5,0,0
6.94,0,0,58.8,52.4,68.6,1.04,45.7,2,2,0,0.814,64.3,0,0
8.12,0,0,65.8,68.8,35.6,0.01,97.7,3,6,1,0.957,82.6,1,1
6.5,0,0,68.1,49.7,47.1,0.74,98.8,2,2,1,0.688,92.3,0,0
7.93,0,2,28.7,47.0,85.9,1.58,95.1,5,2,0,0.78,63.1,1,1
8.44,0,0,75.5,90.5,90.3,2.44,97.7,3,6,1,0.505,71.5,1,2
8.95,1,1,83.1,86.0,78.9,1.39,97.0,2,3,2,0.69,81.2,0,0
7.49,0,0,73.7,76.4,97.1,2.1,100.0,5,2,0,0.812,79.4,1,2
7.38,0,0,58.0,48.7,64.5,0.65,100.0,3,0,3,0.62,59.1,1,0
6.63,0,0,53.8,53.8,63.4,0.2,98.2,3,6,2,0.735,46.0,1,1
6.69,0,0,63.7,51.4,46.1,0.42,97.2,2,0,1,0.81,97.3,1,0
7.35,0,0,76.4,71.7,39.2,-0.27,92.0,4,0,1,0.718,55.7,1,0
8.0,0,0,61.4,79.3,45.3,0.24,48.5,2,6,1,0.734,95.1,1,0
8.6,0,1,74.3,72.4,71.5,0.99,97.2,1,2,1,0.948,99.7,1,1
6.72,0,0,72.3,27.6,41.8,-0.47,99.6,3,2,0,0.612,79.9,0,0
9.24,0,0,51.9,100.0,44.1,0.59,100.0,5,2,0,0.661,83.5,1,1
7.3,0,1,49.7,63.1,34.2,-0.96,76.4,2,0,1,0.495,68.3,0,0
7.58,0,1,78.4,49.8,50.2,0.44,92.5,2,3,2,0.582,73.2,0,0
6.78,0,0,65.9,55.3,59.4,0.25,99.8,3,3,1,0.848,59.3,0,0
5.0,0,0,41.3,8.8,24.7,-2.18,94.6,4,0,2,0.732,89.4,0,0
8.57,0,2,65.3,84.1,66.6,1.01,92.3,2,2,1,0.394,100.0,1,0
8.41,0,0,58.5,46.9,48.2,0.56,95.5,4,0,2,0.499,89.5,1,0
7.29,0,0,50.8,52.1,52.9,-0.12,95.5,2,2,1,0.719,67.2,0,0
7.67,0,0,80.3,62.8,80.8,1.26,100.0,2,3,1,0.848,56.1,1,1
8.17,0,1,59.1,79.4,65.8,1.0,99.6,2,2,1,0.785,98.9,1,0
5.88,0,0,45.0,41.2,8.4,-2.07,94.8,2,6,1,0.905,54.8,1,0
7.02,0,4,46.1,61.1,26.7,-0.83,100.0,2,0,0,0.864,75.6,0,0
8.47,0,0,79.9,67.8,77.3,0.78,97.4,2,2,1,0.549,84.2,1,1
6.22,0,1,40.7,43.0,35.6,-0.25,100.0,1,0,1,0.501,87.7,0,0
7.92,0,0,63.1,63.3,58.7,0.63,100.0,3,3,2,0.882,89.5,1,1
6.11,0,0,25.9,39.5,27.3,0.0,96.2,3,2,1,0.729,68.5,0,0
8.11,0,2,46.8,40.6,71.4,0.22,98.7,3,2,2,0.87,64.8,0,0
7.56,0,0,60.7,47.4,50.3,-0.39,95.8,2,0,0,0.496,55.2,1,0
5.82,0,0,27.3,42.5,31.5,-0.17,99.8,2,12,0,0.687,42.3,1,0
8.88,0,0,99.1,69.2,56.3,1.06,97.3,5,3,1,0.618,73.3,1,1
6.79,0,0,28.2,47.5,63.1,0.54,77.3,3,2,1,0.82,89.1,1,0
6.71,0,0,42.5,44.3,41.5,-0.86,100.0,3,2,2,0.632,62.6,1,0
7.82,0,0,63.4,48.9,69.8,1.33,84.8,2,2,1,0.653,76.8,0,0
8.86,0,0,69.3,65.6,49.9,0.31,96.7,1,6,0,0.94,79.1,1,1
6.48,0,0,36.6,42.0,74.0,0.45,96.8,1,3,2,0.781,65.5,0,0
7.67,0,0,50.2,59.4,80.0,1.67,88.1,3,0,3,0.932,81.6,0,0
8.07,0,0,53.8,69.3,27.5,-0.33,94.9,3,12,1,0.927,100.0,1,1
8.36,2,1,65.2,64.5,50.9,-0.11,99.8,4,0,2,0.809,70.8,0,0
7.79,0,0,86.4,46.3,67.1,0.51,61.6,3,2,1,0.45,76.4,1,0
7.2,0,0,57.9,34.6,27.6,-1.4,94.8,5,3,1,0.945,73.5,0,0
6.69,0,3,66.1,85.0,42.9,-0.66,97.5,1,0,3,0.606,46.4,0,0
7.69,0,0,68.0,43.8,65.0,0.01,89.4,4,6,2,0.577,42.1,0,0
6.42,0,2,62.6,38.4,38.7,-0.85,99.1,3,0,2,0.711,74.2,0,0
5.0,0,2,10.0,37.2,34.7,-1.26,100.0,2,2,0,0.848,71.2,0,0
8.08,1,1,62.1,68.9,49.5,0.63,37.7,3,0,0,0.968,61.8,0,0
8.59,0,0,86.6,76.8,27.7,-0.46,95.0,3,6,2,0.816,73.3,1,1
5.0,1,1,28.1,23.8,42.7,-0.63,96.8,2,0,1,0.72,82.4,0,0
6.49,0,1,71.0,49.7,60.4,-0.15,100.0,2,0,2,0.631,54.5,0,0
8.28,0,0,85.6,67.0,100.0,2.41,92.8,3,0,0,0.61,62.3,1,1
9.86,0,0,78.0,79.1,43.6,-0.08,95.2,2,2,1,0.635,32.5,1,1
7.62,0,0,55.2,62.3,70.0,0.0,99.1,1,2,1,0.735,81.8,1,0
6.8,0,0,40.8,64.6,11.2,-0.48,100.0,4,0,3,0.778,86.8,0,0
7.4,0,0,51.4,56.1,85.4,0.97,98.8,3,0,0,0.757,75.9,0,0
9.11,0,0,61.3,75.0,83.1,2.36,30.6,2,0,1,0.705,49.6,0,0
6.89,0,0,59.0,65.7,30.5,-0.07,85.9,2,3,0,0.773,86.0,1,0
6.72,0,0,34.7,62.4,59.7,0.91,98.2,4,0,1,0.609,78.6,0,0
7.07,0,0,62.9,74.9,39.9,0.63,98.1,2,2,3,0.536,62.5,1,0
6.55,0,0,58.1,22.5,49.0,-0.6,96.7,2,0,2,0.769,83.3,0,0
7.73,0,2,42.4,72.8,61.5,0.94,97.2,4,6,2,0.848,78.6,1,1
9.39,0,0,97.5,86.7,100.0,2.99,65.0,2,0,0,0.472,60.3,1,2
7.96,0,0,70.7,50.1,93.1,1.48,45.0,3,3,1,0.881,54.4,1,1
7.32,0,0,67.2,59.1,42.1,-0.35,97.5,2,3,2,0.776,62.8,1,0
7.28,0,0,48.7,69.8,71.4,1.39,98.6,3,12,2,0.711,72.8,1,1
5.88,1,1,51.3,28.1,42.0,-1.6,96.3,4,3,4,0.725,84.2,0,0
8.57,1,3,84.2,75.5,42.4,0.84,99.5,6,2,1,0.61,62.7,0,0
7.51,0,0,59.0,69.9,42.6,0.73,93.1,4,0,0,0.52,63.9,0,0
7.4,1,3,83.0,41.4,95.9,1.82,91.8,2,0,3,0.295,59.0,0,0
10.0,0,0,85.5,83.0,91.4,2.58,96.9,2,6,4,0.691,85.3,1,2
7.93,0,0,78.0,66.4,78.1,1.27,100.0,2,2,3,0.609,82.9,1,1
6.77,0,0,56.2,38.4,42.5,-0.55,100.0,3,3,2,0.695,65.9,1,0
7.13,1,2,63.3,41.1,40.9,-0.99,94.6,3,2,0,0.544,53.2,0,0
8.86,0,0,53.6,70.6,71.9,1.89,43.0,5,6,0,0.509,73.2,1,1
7.72,0,0,66.7,71.2,52.9,0.37,95.1,1,3,2,0.706,49.3,1,0
6.02,1,1,36.4,50.2,10.3,-1.18,98.3,2,0,0,0.861,54.0,0,0
8.61,0,0,61.0,57.7,50.3,0.28,69.2,2,3,4,0.792,83.9,1,1
6.87,0,0,74.6,59.6,60.1,0.02,99.8,3,0,1,0.826,100.0,1,0
9.66,0,2,79.0,69.6,74.1,0.54,92.3,3,3,0,0.755,41.4,0,0
8.79,0,0,60.8,49.1,70.9,0.68,93.2,1,6,0,0.751,78.4,1,1
7.11,0,0,51.8,48.0,54.5,-0.07,96.8,4,6,1,0.867,34.9,1,1
9.01,0,0,59.5,89.8,78.7,1.81,93.9,2,0,2,0.844,69.4,1,1
7.67,0,0,79.0,68.6,77.7,1.76,93.7,2,0,2,0.458,62.4,1,1
8.54,0,0,62.0,68.9,47.7,0.43,97.8,2,3,0,0.55,78.5,0,0
8.13,0,0,72.7,58.6,72.9,1.26,94.3,5,3,2,0.485,77.4,1,1
6.67,0,0,68.0,42.9,58.6,0.31,100.0,5,0,0,0.846,83.4,1,0
6.89,0,0,47.9,52.3,65.5,0.44,95.4,1,3,0,0.81,53.2,1,0
8.73,0,2,78.7,56.1,44.4,-0.45,96.2,2,0,1,0.878,77.9,1,0
7.23,1,4,45.0,49.7,56.4,0.31,97.9,3,2,2,0.709,75.2,0,0
7.16,0,0,85.9,50.7,81.8,1.11,92.5,3,3,3,0.613,69.8,1,1
6.55,0,0,61.7,28.1,41.8,-0.39,98.5,2,2,1,0.443,85.4,0,0
8.07,1,2,63.3,52.0,70.5,0.67,98.0,3,0,0,0.749,91.6,0,0
9.87,0,0,74.4,89.3,97.5,2.34,96.0,3,12,3,0.422,74.7,1,2
6.43,0,0,47.9,45.8,23.7,-1.06,97.8,5,0,1,0.62,48.3,0,0
7.63,0,2,57.2,54.6,89.5,1.05,98.3,3,0,1,0.77,88.2,0,0
9.15,2,1,100.0,62.9,83.8,1.99,100.0,1,0,3,0.962,69.3,0,0
7.51,0,1,45.4,79.7,64.5,1.6,100.0,3,0,1,0.663,79.6,1,0
8.1,0,1,67.6,52.3,32.3,-1.02,93.8,1,0,1,0.506,71.4,0,0
6.43,0,0,49.1,49.3,56.5,0.52,93.1,3,3,1,0.886,49.2,1,0
8.07,0,0,64.3,57.0,71.0,0.12,97.3,3,3,2,0.666,62.2,1,1
7.39,0,0,57.6,56.8,83.0,1.65,90.8,4,2,3,0.207,84.2,1,1
8.68,0,0,70.5,76.9,63.6,0.77,98.9,1,6,0,0.746,56.6,1,1
8.91,0,0,84.5,53.8,54.1,0.36,97.3,4,12,1,0.916,67.9,1,1
10.0,1,1,92.3,84.9,72.7,0.76,98.1,3,0,3,0.839,86.7,1,1
8.24,0,1,72.4,82.3,54.8,0.4,96.1,1,0,0,0.658,84.5,0,0
7.96,0,0,28.2,87.2,40.4,0.69,97.8,2,3,0,0.611,96.2,0,0
7.81,0,1,66.7,59.1,82.0,0.99,98.4,1,2,1,0.499,71.6,0,0
7.21,0,1,37.2,54.9,75.4,0.62,97.6,4,0,2,0.517,80.3,1,0
7.97,0,0,72.5,93.7,57.1,1.77,93.0,2,3,2,0.525,74.8,1,1
7.28,0,0,75.4,70.9,45.2,1.19,72.6,1,3,0,0.717,46.9,1,0
7.79,0,0,51.7,52.0,25.7,-0.39,100.0,1,12,0,0.73,87.2,1,0
9.05,0,0,72.4,65.9,86.1,1.12,97.7,3,2,2,0.753,71.0,1,1
6.49,0,0,42.7,59.8,72.7,1.68,97.4,3,3,0,0.918,72.5,1,0
8.85,0,0,88.4,58.2,59.8,-0.12,100.0,2,3,1,0.916,79.4,1,0
9.05,0,0,76.6,89.8,71.5,1.48,94.8,5,0,2,0.684,71.6,1,1
7.47,0,0,80.4,61.9,62.5,0.7,99.7,4,3,0,0.552,50.4,0,0
5.27,0,2,42.6,40.2,59.2,0.86,95.4,2,2,2,0.966,50.4,0,0
6.93,0,0,57.2,47.7,51.8,0.37,100.0,3,0,1,0.783,69.6,1,0
9.03,0,1,76.1,65.5,76.8,1.05,99.4,3,3,1,0.529,64.5,1,1
7.57,0,0,70.6,78.8,59.1,0.57,95.8,4,0,0,0.576,67.8,1,0
6.5,0,0,29.2,43.1,17.4,-0.84,96.2,2,2,2,0.891,57.5,0,0
7.04,0,2,56.5,46.7,23.5,-1.17,99.9,3,0,3,0.667,60.7,0,0
8.52,0,0,69.4,67.6,52.8,0.57,91.4,2,0,2,0.557,59.3,0,0
8.2,0,0,75.7,67.9,81.6,0.91,95.7,4,0,1,0.788,63.8,1,1
7.34,0,1,56.1,41.3,47.0,-0.07,98.9,3,2,2,0.747,68.1,0,0
7.2,0,0,44.5,46.3,41.8,-0.16,96.1,4,2,1,0.642,84.3,1,0
7.17,0,0,56.8,45.2,41.2,-0.9,97.4,1,0,3,0.665,87.1,0,0
6.59,0,0,37.9,59.3,41.5,0.34,90.9,5,0,1,0.681,90.7,1,0
9.38,2,1,55.7,65.7,100.0,2.24,85.6,4,6,0,0.7,69.9,0,0
7.25,0,0,66.2,30.1,49.2,-0.17,99.0,4,6,0,0.533,63.8,1,0
8.94,0,0,81.3,45.8,58.1,0.03,94.7,1,2,1,0.294,52.7,1,0
9.27,0,0,83.3,56.4,76.7,1.11,93.1,2,2,1,0.479,76.6,1,1
8.7,0,0,87.6,89.7,100.0,2.58,52.0,6,2,0,0.775,70.2,1,2
7.13,2,1,48.3,53.6,41.5,-0.26,98.5,5,0,0,0.444,73.2,0,0
8.04,0,0,48.3,70.5,40.3,0.2,93.7,2,12,1,0.881,75.0,1,1
7.57,0,0,59.9,65.8,46.9,0.75,97.4,2,3,1,0.371,87.6,0,0
6.61,0,0,46.9,48.5,46.6,0.28,93.8,2,0,1,0.725,78.6,0,0
7.96,0,2,54.5,61.5,72.9,0.54,96.5,2,0,1,0.83,76.4,1,0
6.3,0,0,47.1,59.0,58.8,0.89,97.5,2,2,2,0.884,59.8,1,0
8.91,1,1,66.7,75.0,53.1,1.13,94.6,1,0,4,0.628,93.3,0,0
7.09,0,1,33.9,72.6,33.0,-0.13,28.4,3,0,1,0.501,71.3,0,0
7.82,0,0,57.9,69.7,53.0,0.74,36.4,2,3,3,0.503,70.2,0,0
7.91,0,0,50.5,53.4,72.3,1.01,97.8,6,0,0,0.505,78.1,1,1
7.32,0,0,60.9,48.5,30.1,-1.04,98.2,3,3,2,0.807,61.3,1,0
8.25,0,1,59.6,55.5,53.0,0.07,81.5,2,6,2,0.585,81.5,0,0
7.08,0,0,69.1,69.9,39.3,0.38,78.0,5,0,0,0.859,94.9,1,0
8.56,0,0,89.8,63.5,84.7,1.26,76.8,3,0,2,0.868,64.0,1,2
6.12,0,1,54.3,31.1,47.9,-0.1,94.2,1,6,3,0.811,72.9,0,0
7.74,0,0,43.8,64.6,74.1,1.65,97.4,3,0,3,0.784,65.2,1,1
9.73,0,0,100.0,80.7,100.0,2.81,99.2,2,0,2,0.567,76.9,1,2
6.5,0,0,68.9,50.6,37.5,0.39,82.4,4,6,2,0.6,80.1,1,1
6.85,0,0,53.8,76.9,25.9,-0.24,93.7,3,0,0,0.711,78.2,0,0
8.17,2,1,82.5,77.6,41.7,0.41,99.3,2,0,0,0.681,83.1,0,0
7.8,0,0,56.4,61.2,25.5,-0.44,96.8,3,0,1,0.902,52.6,0,0
7.99,0,0,42.5,43.1,52.6,-0.09,98.5,3,6,1,0.41,81.0,1,0
8.14,2,2,57.3,57.5,55.7,0.58,72.2,2,3,1,0.803,74.3,0,0
8.3,0,0,88.7,76.2,78.8,0.86,100.0,1,2,2,0.637,100.0,1,1
8.82,0,3,55.3,55.6,71.2,0.91,97.5,5,2,1,0.569,68.8,1,0
8.05,0,3,65.5,93.5,52.8,0.51,37.3,3,0,2,0.678,97.2,0,0
7.33,0,0,58.8,55.9,50.9,-0.22,92.4,3,6,2,0.632,88.1,1,0
8.34,0,0,62.2,67.4,46.4,0.56,93.5,3,3,2,0.782,85.8,1,1
9.69,0,1,76.6,72.3,99.7,2.07,96.3,2,0,2,0.82,73.0,1,2
7.45,0,0,60.4,63.9,40.3,0.27,100.0,3,6,2,0.659,94.1,1,1
6.53,0,0,43.5,30.6,22.8,-1.43,100.0,3,6,2,0.563,59.1,0,0
8.82,0,1,56.1,100.0,85.5,2.74,94.3,3,3,0,0.762,81.6,1,2
7.47,0,0,62.3,75.6,64.9,0.97,97.2,3,12,2,0.809,98.9,1,1
5.21,0,2,50.0,46.1,0.0,-2.54,63.2,3,0,0,0.832,67.6,0,0
8.53,0,0,80.8,49.4,82.8,1.17,99.2,4,3,2,0.817,79.5,1,1
7.01,0,0,45.4,55.0,35.8,-1.23,99.7,4,0,0,0.736,58.5,1,0
7.5,0,0,45.0,74.4,48.3,-0.1,79.3,4,3,4,0.989,99.3,1,1
7.97,0,3,61.2,70.9,63.9,0.58,97.2,2,6,2,0.516,67.8,0,0
7.81,0,0,81.9,46.9,69.3,0.17,91.0,3,2,0,0.915,70.7,1,1
8.38,1,1,76.6,58.1,73.6,0.75,99.4,4,3,1,0.547,63.8,1,0
7.12,0,0,64.7,47.0,49.6,-0.5,96.0,3,0,2,0.724,66.5,0,0
8.16,0,0,77.3,56.4,55.3,-0.24,93.4,4,2,0,0.449,68.4,1,0
7.31,0,0,63.2,76.9,60.2,1.55,53.9,4,0,1,0.674,78.3,1,1
8.41,0,0,70.6,40.6,63.8,-0.02,95.9,2,0,0,0.661,69.2,0,0
8.28,0,0,75.7,75.2,96.8,1.23,100.0,2,2,2,0.944,40.8,1,1
6.57,0,0,44.2,29.2,54.4,-0.46,94.3,3,2,0,0.551,79.3,1,0
8.79,0,0,56.0,58.3,53.9,-0.14,100.0,2,0,1,0.654,97.1,1,0
7.01,0,3,63.8,24.0,40.5,-1.25,99.6,5,2,1,0.695,51.4,0,0
8.49,0,0,84.7,60.7,67.7,1.11,100.0,2,3,0,0.827,77.7,1,1
8.0,2,3,51.6,84.2,84.4,1.73,57.0,2,2,3,0.751,100.0,0,0
9.62,0,0,91.1,84.5,100.0,1.97,100.0,6,0,1,0.731,67.3,1,2
7.35,0,0,78.7,39.1,46.1,-0.19,93.4,2,3,0,0.945,71.9,1,0
7.22,0,0,57.1,68.6,34.8,0.37,96.4,2,3,2,0.647,63.5,0,0
7.58,0,0,51.0,75.6,36.8,0.34,100.0,2,3,3,0.762,88.5,1,1
7.27,0,0,59.1,56.4,56.7,-0.61,98.5,4,3,3,0.612,84.8,1,1
8.48,0,0,63.2,96.8,100.0,2.26,93.3,2,2,1,0.69,60.3,1,2
5.82,0,0,35.8,50.5,44.6,-0.15,100.0,2,6,1,0.675,75.9,0,0
6.44,1,1,54.6,55.4,13.6,-1.19,98.0,5,12,3,0.988,62.1,0,0
6.43,0,0,30.0,34.4,29.0,-1.18,95.8,2,3,0,0.535,62.5,0,0
8.65,0,1,54.1,78.9,57.5,0.5,92.4,3,0,2,0.858,61.6,1,1
9.48,0,0,80.0,82.3,64.0,0.62,98.3,2,0,0,0.515,65.7,1,1
7.49,0,0,59.6,64.6,47.8,1.06,82.3,2,3,1,0.358,62.9,1,0
7.41,0,0,63.3,47.0,60.6,0.3,97.5,4,0,4,0.661,73.2,1,1
7.68,0,0,84.3,61.2,69.4,1.15,92.2,1,0,1,0.798,94.6,0,0
8.88,0,0,75.0,61.2,91.2,1.62,95.7,2,6,1,0.784,62.3,1,2
6.58,0,0,58.0,17.3,53.4,-0.59,98.4,4,2,0,0.881,61.0,0,0
7.86,0,0,51.9,75.5,24.2,-0.32,100.0,3,0,1,0.794,78.5,1,0
8.67,0,0,80.9,49.4,50.0,-0.46,96.4,3,6,0,0.872,65.0,1,1
8.15,0,0,60.2,66.2,60.0,0.09,100.0,1,3,3,0.555,60.2,1,0
7.81,0,0,63.9,65.6,61.4,0.88,99.4,3,2,2,0.866,75.1,1,1
8.7,0,0,70.7,75.3,84.9,1.8,81.6,2,0,0,0.862,71.3,1,1
5.0,1,3,47.4,26.0,25.8,-0.96,94.0,4,3,1,0.939,66.4,0,0
8.35,1,1,52.7,70.6,66.1,1.29,42.6,3,3,2,0.611,84.8,0,0
6.88,0,0,26.4,57.3,51.8,-0.1,98.9,3,3,0,0.546,66.7,0,0
5.59,0,2,38.3,46.7,27.4,-0.37,95.4,2,0,0,0.858,87.7,0,0
8.16,0,2,72.2,89.1,64.5,1.66,74.2,2,3,1,0.582,76.4,1,0
9.11,0,0,77.9,78.5,94.6,2.4,68.3,4,2,0,0.634,51.5,1,2
7.45,0,0,74.3,57.8,52.9,1.17,96.5,5,6,1,0.604,77.3,1,1
8.65,2,3,76.7,57.4,68.2,1.59,99.7,2,2,4,0.866,65.8,0,0
9.37,0,0,72.0,84.2,76.9,1.93,95.5,4,0,1,0.546,54.2,1,2
9.05,0,2,47.6,83.9,96.9,2.54,99.4,1,0,2,0.799,72.0,1,0
9.4,0,0,76.2,75.8,57.9,1.27,98.3,2,3,2,0.896,65.1,1,1
8.42,0,0,81.5,75.2,98.0,1.93,92.0,5,3,0,0.393,100.0,1,2
7.68,0,0,57.1,55.4,36.0,-0.57,97.9,5,0,2,0.765,66.4,0,0
5.84,0,0,43.7,48.6,23.3,-0.65,89.0,2,0,0,0.669,75.2,0,0
7.33,0,1,63.3,68.4,66.4,0.61,94.3,2,0,3,0.736,60.2,1,0
6.67,0,4,39.5,61.0,63.6,0.93,98.4,1,0,0,0.817,69.8,0,0
9.99,0,0,92.4,86.5,59.6,1.19,61.2,3,0,4,0.538,79.8,1,1
7.41,0,0,78.7,41.9,34.2,-1.05,91.7,1,6,2,0.875,100.0,0,0
7.74,1,1,60.3,51.5,62.8,0.47,93.6,2,3,0,0.823,75.5,0,0
8.21,0,0,53.5,73.6,100.0,2.71,89.2,1,6,0,0.618,50.6,1,1
7.65,0,0,60.7,93.4,79.2,1.97,93.0,2,6,0,0.629,93.5,1,1
9.46,0,0,53.0,74.3,74.1,1.38,98.7,5,2,0,0.962,85.0,1,1
6.92,1,1,58.2,57.4,4.4,-1.22,95.3,2,2,2,0.74,33.2,0,0
7.81,2,1,68.6,53.2,60.2,0.6,97.5,1,6,1,0.521,50.5,0,0
6.78,0,0,72.9,36.0,52.9,-0.35,97.0,3,0,2,0.856,65.6,1,0
6.15,0,0,44.2,33.2,31.9,-0.84,75.9,5,0,0,0.797,58.9,0,0
6.93,0,3,59.2,22.0,32.8,-1.61,38.5,3,2,0,0.601,70.7,0,0
7.56,0,0,50.3,77.1,58.6,0.57,96.4,3,0,2,0.804,64.4,1,1
7.13,0,0,52.0,22.2,33.6,-1.43,99.7,5,0,2,0.479,85.3,0,0
6.84,0,0,35.1,46.5,80.8,1.14,89.6,2,0,1,0.937,86.9,1,0
6.05,0,1,43.2,25.1,64.9,0.01,100.0,3,0,0,0.799,55.1,0,0
7.51,0,0,56.4,45.2,66.9,0.4,93.1,2,2,1,0.677,100.0,0,0
5.94,0,0,48.0,59.7,38.0,0.09,93.8,5,3,1,0.727,92.3,1,0
8.44,0,0,61.9,70.6,54.3,0.75,94.9,3,2,2,0.819,31.8,1,1
7.69,0,0,62.9,46.1,56.9,0.03,100.0,4,0,1,0.699,59.4,1,0
6.0,0,0,41.0,32.7,66.5,-0.25,94.3,3,0,3,0.489,56.0,0,0
7.26,0,0,53.6,44.1,67.8,0.13,95.0,3,0,1,0.885,58.4,1,0
6.77,0,0,53.7,48.9,49.9,-0.61,94.1,2,3,0,0.838,36.9,0,0
7.95,0,0,65.0,64.9,77.0,1.29,97.8,5,3,0,0.639,74.4,1,2
9.07,0,0,84.9,100.0,83.7,1.89,99.2,3,0,1,0.827,60.9,1,2
5.54,0,0,38.9,9.1,38.6,-1.49,100.0,1,0,2,0.877,79.7,0,0
7.73,0,3,58.1,59.5,75.4,1.01,100.0,1,2,3,0.888,100.0,0,0
7.42,1,2,57.1,52.2,63.4,0.91,68.1,3,0,0,0.797,95.3,0,0
8.34,0,0,59.8,80.0,80.5,2.05,98.1,1,0,0,0.87,63.1,1,1
7.83,0,1,59.0,66.1,61.9,0.73,93.3,3,0,3,0.928,71.3,1,0
6.77,0,0,77.1,57.8,41.7,0.4,100.0,2,0,0,0.922,81.7,0,0
7.25,0,3,46.5,59.6,42.1,-0.85,97.6,3,6,2,0.498,97.9,0,0
6.72,0,0,48.9,35.9,33.7,-0.11,96.1,2,6,1,0.793,73.1,0,0
8.78,0,0,68.2,88.6,41.5,0.85,98.2,2,2,1,0.8,55.9,1,1
7.62,0,0,58.3,70.0,40.1,0.16,95.1,2,3,0,0.489,81.3,0,0
9.69,0,0,77.9,94.4,64.4,1.11,90.0,3,0,2,0.909,54.3,1,1
7.53,0,3,63.7,75.6,46.3,0.27,98.7,2,0,2,0.663,54.7,0,0
6.82,0,0,32.7,55.9,75.0,1.21,100.0,2,0,1,0.743,86.3,1,0
5.93,0,0,56.8,61.0,33.4,-0.06,98.7,2,2,1,0.672,89.6,0,0
5.62,0,0,48.8,42.1,36.8,-0.35,97.0,4,6,2,0.531,95.0,0,0
5.86,0,1,28.7,36.4,40.2,-0.92,97.0,3,0,1,0.9,93.9,0,0
7.89,0,0,36.7,61.7,88.3,1.17,97.5,3,0,2,0.905,81.8,1,1
8.16,0,0,54.9,64.4,52.6,0.48,11.6,5,3,0,0.622,65.2,0,0
5.86,1,3,40.7,32.2,31.3,-0.71,82.9,3,2,3,0.705,52.3,0,0
8.58,0,0,100.0,92.3,66.1,1.48,97.1,5,3,1,0.735,70.4,1,1
7.07,0,0,62.2,56.9,70.3,1.42,100.0,3,2,0,0.855,67.9,1,1
7.76,1,2,40.9,61.7,82.3,1.35,98.4,1,0,0,0.721,69.3,0,0
9.37,0,0,70.5,83.5,86.0,1.95,97.3,3,3,2,0.79,70.9,1,2
8.59,0,0,70.2,100.0,90.2,2.72,99.0,2,2,0,0.775,66.0,1,2
7.3,0,0,61.1,39.5,55.9,0.45,99.0,2,0,4,0.939,76.2,0,0
6.62,2,1,35.4,36.0,41.3,-1.14,91.0,3,6,1,0.721,57.3,0,0
5.23,0,0,35.7,13.2,49.0,-1.3,64.5,2,0,2,0.84,78.4,0,0
6.81,0,3,44.5,46.6,55.5,-0.02,95.6,1,2,2,0.897,53.2,0,0
7.37,2,1,45.4,59.5,40.2,1.15,72.3,2,0,1,0.795,76.9,0,0
6.51,0,0,53.3,40.1,61.1,0.05,99.3,4,0,2,0.792,66.5,1,0
7.46,1,1,68.8,49.5,50.7,-0.04,99.2,1,0,3,0.448,78.0,0,0
7.68,0,0,71.9,61.5,51.3,0.55,93.2,1,0,1,0.601,94.1,1,0
7.35,0,0,65.4,48.8,69.3,1.01,98.2,4,2,2,0.701,42.4,1,1
6.88,0,1,47.9,55.1,46.0,0.05,100.0,2,0,2,0.912,68.2,0,0
7.79,2,3,71.4,76.2,65.4,1.56,46.6,5,3,1,0.81,77.1,0,0
8.09,0,0,69.6,73.4,73.9,0.84,97.9,2,0,1,0.685,67.1,1,0
6.4,0,0,50.6,57.7,27.7,-0.88,99.2,4,3,1,0.622,73.3,1,0
9.15,0,0,69.2,90.9,81.8,2.43,93.0,2,0,1,0.667,74.1,1,1
7.49,0,0,54.0,61.4,79.2,1.23,97.5,1,0,1,0.808,93.4,1,0
7.62,0,0,62.1,56.6,39.2,-0.72,100.0,4,0,4,0.873,51.0,1,1
8.38,0,0,98.1,56.4,73.6,0.4,95.2,5,3,1,0.789,47.2,1,1
7.86,0,0,67.2,55.9,44.3,-0.38,99.5,3,0,2,0.811,76.2,0,0
8.65,0,0,64.2,62.8,87.2,1.52,72.7,4,0,1,0.806,90.7,1,1
7.92,0,0,54.2,72.3,78.2,1.62,95.0,1,0,1,0.745,88.7,0,0
6.93,0,1,48.4,56.0,41.7,-0.27,96.7,4,2,0,0.27,65.2,0,0
8.0,1,1,91.1,72.7,100.0,2.33,95.4,3,6,2,0.699,54.9,1,1
6.34,0,0,43.6,28.5,61.0,-0.28,94.3,3,0,2,0.765,78.1,0,0
7.72,0,0,73.1,80.0,70.4,1.83,96.2,3,2,1,0.664,80.1,1,1
7.56,0,0,56.1,52.2,67.5,1.65,97.2,2,2,1,0.775,52.2,1,1
7.37,0,0,61.8,40.7,71.2,0.34,96.5,3,12,3,0.674,61.8,1,1
7.46,0,0,69.1,50.9,36.6,-0.24,96.2,2,3,0,0.838,76.7,0,0
5.53,1,1,33.4,70.6,34.9,0.11,97.7,3,0,3,0.156,72.2,0,0
7.0,0,0,47.3,46.5,55.9,0.17,98.6,1,0,1,0.728,89.4,0,0
7.7,0,0,81.9,55.2,50.2,0.38,93.6,3,2,3,0.694,76.2,1,0
7.78,0,0,74.6,57.8,66.7,0.92,96.2,2,2,3,0.827,52.9,1,1
6.47,0,0,59.2,44.1,64.8,0.17,91.1,2,0,0,0.765,76.6,0,0
8.99,0,0,84.4,63.0,65.3,1.33,81.4,1,3,2,0.829,51.6,1,1
6.65,1,4,57.0,50.1,43.8,-0.12,97.5,1,2,2,0.302,78.2,0,0
8.67,0,0,95.9,85.4,54.2,0.77,98.7,2,2,0,0.589,67.8,1,1
8.07,0,0,66.2,68.2,29.7,0.7,97.5,2,2,3,0.744,100.0,1,1
6.89,0,0,60.8,35.2,61.7,0.01,98.6,2,6,2,0.801,77.8,1,1
9.55,0,3,63.1,75.3,79.2,1.64,97.2,1,0,0,0.604,89.0,0,0
6.29,0,0,38.0,36.4,41.3,-0.52,95.0,5,3,0,0.773,69.4,0,0
8.61,0,0,56.7,70.5,50.6,0.42,93.7,1,0,1,0.538,65.0,1,0
8.7,0,2,87.3,89.3,66.1,1.59,59.7,3,0,0,0.985,79.9,1,0
6.86,0,0,23.0,48.4,67.1,0.2,94.7,3,6,0,0.687,63.8,1,0
9.13,0,0,71.5,74.2,74.6,1.6,96.6,3,3,3,0.926,75.8,1,1
7.32,0,0,22.3,80.5,53.4,0.09,95.5,1,2,2,0.469,60.8,0,0
7.92,0,0,54.2,74.4,63.7,0.48,98.3,2,0,2,0.759,97.2,0,0
7.89,0,0,58.0,69.8,37.4,0.75,97.1,4,0,0,0.801,72.8,1,0
7.45,0,0,76.1,84.4,65.7,0.78,98.3,3,0,0,0.653,61.5,0,0
8.49,0,0,74.7,75.3,44.3,-0.41,98.3,3,2,1,0.71,65.4,1,1
8.47,0,0,59.7,40.4,49.8,-0.71,96.5,3,2,2,0.36,85.8,0,0
5.68,0,0,54.6,49.1,14.2,-0.52,96.6,2,0,0,0.74,74.7,0,0
9.03,0,0,75.6,52.1,70.3,0.01,31.8,4,2,0,0.667,59.9,0,0
5.77,0,0,43.2,44.8,27.9,-1.23,41.8,3,2,3,0.642,89.4,0,0
8.74,0,3,57.9,47.1,69.8,0.01,94.0,2,6,2,0.755,73.1,1,0
8.84,0,0,61.5,65.7,54.8,0.4,97.1,4,2,2,0.591,75.9,1,1
6.4,0,0,39.1,40.3,59.9,-0.06,93.4,3,2,1,0.618,61.2,0,0
7.15,0,0,57.0,42.8,65.8,0.18,96.9,3,3,0,0.535,67.7,0,0
6.38,0,0,49.8,40.3,38.5,0.14,74.5,4,2,0,0.565,70.4,0,0
7.36,0,0,77.2,70.5,44.8,-0.2,96.6,3,0,3,0.848,58.6,1,0
7.26,0,0,62.2,44.9,41.7,-0.43,97.5,4,2,1,0.665,38.6,1,0
8.46,0,0,37.1,75.7,60.9,1.07,95.5,3,3,2,0.825,91.7,1,1
9.04,0,0,78.6,60.9,48.3,-0.21,91.6,2,2,1,0.631,52.2,1,0
9.14,0,1,59.0,72.8,57.4,0.95,100.0,4,0,2,0.737,61.0,1,1
6.98,0,0,43.2,56.3,64.3,0.46,99.5,1,0,0,0.855,63.9,0,0
7.37,0,0,49.0,42.1,58.9,0.27,96.6,3,2,1,0.358,96.0,0,0
5.75,0,0,34.5,19.9,63.4,-0.27,94.3,1,2,1,0.563,67.0,0,0
6.71,0,0,35.6,55.7,40.2,-1.02,97.3,2,0,0,0.817,76.4,0,0
8.66,0,0,74.1,86.0,62.4,1.74,98.1,3,2,1,0.324,82.5,1,1
9.38,0,0,61.8,77.0,70.2,2.1,99.3,2,3,1,0.653,91.4,1,1
6.24,0,0,51.7,37.3,34.2,-0.88,99.6,2,2,1,0.65,62.4,0,0
6.95,1,1,81.3,53.6,36.5,-0.73,100.0,5,2,1,0.854,80.3,0,0
7.57,1,2,44.8,59.1,60.7,1.16,91.8,2,3,0,0.591,61.7,0,0
7.91,0,0,60.7,65.4,60.4,1.45,96.1,3,3,1,0.745,47.4,1,1
6.71,0,0,21.8,13.4,36.3,-1.34,74.9,3,2,1,0.813,70.0,0,0
8.07,2,2,62.1,48.8,84.3,1.03,94.2,1,12,2,0.847,61.6,0,0
7.08,0,0,63.5,41.0,84.1,0.9,100.0,3,0,0,0.758,95.9,1,0
7.58,0,0,69.5,60.5,77.0,0.46,80.4,3,0,1,0.828,93.4,1,1
8.2,0,0,67.9,67.8,73.5,1.06,100.0,2,0,3,0.422,87.7,0,0
7.61,0,0,71.7,67.6,70.0,1.74,99.0,1,3,1,0.456,73.9,0,0
7.12,0,0,86.8,56.9,83.9,1.21,95.7,2,3,0,0.445,71.6,1,1
7.48,0,0,80.3,39.1,68.4,-0.04,97.8,4,3,2,0.883,76.7,1,1
7.5,0,0,53.8,77.8,44.5,0.63,93.0,2,0,0,0.935,71.6,0,0
7.19,0,0,39.5,71.9,58.4,0.5,94.7,2,3,1,0.698,63.2,0,0
7.32,0,1,53.3,37.9,64.1,0.17,94.9,2,0,3,0.843,65.0,0,0
9.36,0,0,67.2,82.6,59.4,0.53,66.0,4,6,4,0.842,82.7,1,1
8.22,0,0,72.6,57.1,58.5,0.02,95.8,3,0,0,0.527,100.0,1,0
7.27,0,0,43.6,57.0,72.1,1.19,97.8,4,0,1,0.837,74.3,1,1
8.37,1,1,67.8,81.8,32.6,0.17,99.6,5,6,1,0.67,72.2,0,0
7.23,2,1,67.4,84.4,29.3,-0.24,94.9,5,2,0,0.75,62.8,0,0
8.89,0,0,72.7,83.3,68.5,1.41,97.4,3,2,0,0.875,47.3,1,1
8.01,0,0,53.7,67.2,67.4,0.72,95.8,3,0,1,0.73,81.0,0,0
7.48,1,1,73.9,52.5,30.3,-0.91,97.6,4,3,0,0.873,58.8,0,0
8.09,0,0,43.4,66.6,59.8,1.16,99.1,2,0,3,0.857,46.8,1,1
5.87,0,0,39.8,58.6,56.2,0.71,99.8,1,0,1,0.68,93.8,0,0
6.36,0,0,48.1,44.3,42.6,-0.38,99.0,2,0,1,0.75,86.7,0,0
6.29,0,0,48.1,31.7,57.3,-0.1,98.2,3,2,2,0.812,48.4,0,0
7.76,0,0,64.7,37.7,47.4,-0.36,92.7,1,6,1,0.885,100.0,1,1
9.51,0,0,87.4,86.7,64.5,1.49,93.8,4,6,2,0.779,50.3,1,1
10.0,0,0,84.6,88.5,100.0,2.2,94.5,4,12,0,0.564,50.4,1,2
8.3,0,2,63.6,57.3,71.3,1.22,98.1,1,2,1,0.778,45.8,0,0
8.15,0,1,61.6,79.0,41.5,0.5,60.7,1,3,2,0.677,65.6,1,0
5.62,0,2,33.9,30.9,18.0,-1.6,98.0,2,2,1,0.651,89.6,0,0
7.0,1,3,64.5,50.1,77.2,0.71,97.8,2,2,0,0.702,48.6,0,0
6.73,0,0,44.6,48.8,29.2,-0.38,91.2,3,3,2,0.282,62.2,1,0
6.92,0,0,64.3,46.2,64.8,0.35,93.7,3,3,1,0.539,77.0,1,0
7.42,0,0,59.4,59.9,45.4,-0.21,100.0,4,0,1,0.918,64.4,1,0
7.08,1,2,49.6,69.0,49.9,0.27,99.1,1,6,4,0.66,72.1,0,0
5.42,0,0,46.6,18.7,35.4,-0.88,94.4,3,3,3,0.485,85.3,0,0
8.42,2,4,60.5,74.5,28.3,-0.82,73.4,3,3,0,0.632,63.7,0,0
6.42,0,0,56.9,48.0,15.7,-1.33,89.6,3,6,1,0.587,58.5,0,0
7.86,0,1,66.2,63.6,60.9,1.1,100.0,2,2,1,0.749,77.8,1,0
9.88,0,0,76.7,95.9,70.5,1.64,97.1,3,3,0,0.507,72.2,1,1
6.59,0,0,57.2,48.2,62.0,0.47,100.0,1,2,0,0.73,82.5,1,0
5.0,0,1,41.6,36.7,0.0,-1.53,96.4,1,2,1,0.927,84.7,0,0
7.29,0,0,71.7,65.2,62.6,1.11,97.8,2,0,1,0.548,44.6,0,0
8.81,1,1,84.7,64.9,46.0,0.02,49.3,3,3,2,0.312,60.8,0,0
9.75,0,0,88.4,86.5,75.7,1.62,100.0,1,6,1,0.687,64.3,1,2
6.25,0,0,33.9,40.2,20.8,-0.83,98.5,4,12,2,0.685,66.2,1,0
8.15,0,0,95.8,62.8,97.0,2.23,97.0,5,0,2,0.802,96.1,1,2
7.09,0,0,39.0,48.5,25.9,-0.87,97.1,3,0,2,0.773,33.0,0,0
7.48,0,0,71.2,63.9,52.6,0.37,93.9,1,3,1,0.952,65.1,1,1
10.0,0,0,90.2,86.1,53.9,1.04,95.9,3,6,4,0.746,57.2,1,1
5.95,0,0,30.4,45.9,65.2,0.96,97.2,2,3,1,0.849,86.3,1,0
7.88,0,0,62.3,61.4,66.8,1.24,100.0,3,2,1,0.676,59.7,1,1
8.11,0,0,65.2,41.8,64.8,0.59,95.7,2,3,1,0.85,93.5,1,1
8.79,0,0,88.6,72.2,97.1,1.63,100.0,1,0,1,0.842,71.1,1,1
7.71,1,1,53.5,60.7,60.1,0.47,96.8,2,3,0,0.917,68.2,1,0
7.94,0,0,61.2,65.7,64.2,0.73,100.0,2,0,1,0.575,63.5,0,0
7.17,0,0,28.7,45.5,53.4,0.58,82.8,3,0,0,0.571,66.7,0,0
7.9,0,0,84.8,45.1,69.9,0.46,98.8,1,3,3,0.866,46.2,1,1
7.22,0,0,44.4,63.2,42.8,0.55,99.9,2,2,2,0.463,50.9,0,0
8.28,0,0,71.8,62.3,60.5,0.4,99.5,1,0,1,0.369,63.4,0,0
7.19,2,3,55.7,56.5,65.9,0.48,44.7,3,2,1,0.862,82.2,0,0
8.01,1,2,64.0,59.2,66.2,0.94,70.2,3,0,3,0.901,86.0,0,0
7.57,0,0,70.4,58.2,53.8,0.93,100.0,5,0,3,0.841,47.6,1,1
8.84,0,0,93.4,65.9,45.9,0.13,76.2,3,0,0,0.708,85.2,1,0
7.54,0,1,63.5,44.4,82.5,-0.07,95.7,4,0,2,0.602,75.2,0,0
5.65,0,0,49.4,43.8,20.9,-1.73,91.1,2,0,4,0.442,81.1,0,0
8.99,0,0,78.8,65.4,90.6,1.82,91.2,2,0,1,0.804,70.3,1,1
6.6,0,0,63.2,49.9,47.4,-0.68,50.6,3,0,4,0.726,85.7,1,0
6.88,0,0,48.3,56.4,24.3,-1.06,91.3,1,2,4,0.864,61.5,0,0
6.94,1,3,67.4,43.2,70.9,0.55,100.0,4,2,2,0.749,69.8,0,0
9.11,0,0,89.4,58.4,78.9,0.17,69.5,4,3,2,0.685,56.5,1,1
5.25,0,0,50.5,66.7,52.0,0.29,92.6,1,3,1,0.474,50.0,0,0
10.0,0,0,77.1,77.6,81.7,1.2,96.8,4,3,3,0.913,25.0,1,2
8.76,1,1,70.6,80.1,82.8,1.16,93.8,1,2,1,0.679,61.1,1,0
7.85,0,1,66.3,88.5,27.4,-0.22,91.8,1,0,1,0.647,72.2,0,0
7.54,0,0,43.9,69.0,46.5,-0.12,70.5,1,2,2,0.825,83.8,1,0
7.91,0,0,83.3,57.8,37.1,-0.07,98.9,3,3,3,0.668,89.5,1,1
8.17,0,0,66.6,64.0,56.3,1.0,99.3,4,2,2,0.873,100.0,1,1
8.31,0,1,71.5,54.8,73.2,0.73,97.5,2,2,0,0.867,65.4,1,1
8.21,0,1,60.2,77.7,52.7,0.46,92.0,4,3,1,0.91,63.1,1,1
7.7,0,0,46.1,67.6,72.9,0.99,97.4,2,6,2,0.491,100.0,1,1
7.38,0,1,51.6,49.0,38.2,-0.86,92.5,6,6,1,0.882,72.8,1,1
7.43,0,0,62.0,42.2,70.1,-0.02,92.7,4,3,3,0.843,57.3,1,1
7.39,0,0,66.9,37.7,77.2,-0.02,94.0,3,0,3,0.704,61.0,1,0
8.85,0,0,75.4,86.1,89.4,1.58,100.0,3,12,1,0.627,62.7,1,2
8.25,0,0,71.7,67.5,57.8,1.3,98.6,2,3,1,0.726,81.3,1,1
5.0,0,0,31.0,33.0,0.0,-2.32,98.0,1,3,0,0.808,68.7,0,0
8.32,0,0,74.2,55.0,75.3,-0.22,94.4,3,0,2,0.566,67.5,1,0
7.81,0,0,80.9,40.5,56.5,-0.23,95.8,2,2,1,0.656,85.7,1,0
7.58,0,0,69.3,71.9,38.3,-0.54,78.7,3,2,2,0.577,67.7,1,0
7.17,0,0,66.4,54.5,41.1,-0.17,100.0,2,0,2,0.855,67.2,1,0
8.84,0,0,76.9,84.9,96.9,2.32,100.0,3,0,1,0.681,60.4,1,1
8.64,0,0,53.4,64.7,48.2,0.29,98.7,3,2,0,0.67,86.8,1,1
6.75,0,0,40.0,45.9,54.4,0.04,99.2,2,2,3,0.854,85.4,0,0
8.05,0,0,70.9,73.5,65.5,0.89,96.5,4,0,1,0.697,76.7,1,1
6.53,1,2,50.2,57.1,36.9,-0.86,92.1,2,2,1,0.683,70.5,0,0
6.08,0,1,51.1,53.1,49.6,0.02,94.5,2,0,2,0.917,89.0,0,0
6.91,0,2,74.2,46.9,77.3,1.25,95.6,2,2,2,0.962,49.9,0,0
8.55,0,0,79.2,77.6,62.3,1.75,95.8,2,0,0,0.795,89.4,1,1
8.65,0,0,86.6,85.7,64.4,1.18,85.5,2,12,2,0.388,78.7,1,1
8.16,0,0,67.8,63.3,74.2,1.05,48.2,3,0,1,0.795,56.5,0,0
8.4,0,0,59.3,60.2,82.3,1.5,94.4,5,2,2,0.595,47.3,1,1
8.17,0,0,66.0,83.6,60.7,1.7,100.0,4,0,3,0.495,63.0,1,1
6.89,0,0,44.3,41.7,42.2,-0.64,92.9,2,0,0,0.585,70.3,0,0
8.08,0,1,84.5,72.6,22.0,-0.15,99.7,4,0,3,0.674,84.4,0,0
8.48,0,0,79.3,67.5,52.8,0.15,96.2,5,12,3,0.512,82.7,1,1
8.43,0,2,75.5,41.9,45.6,-0.19,98.4,2,0,1,0.51,79.9,0,0
8.91,0,2,88.9,88.8,84.2,2.39,78.8,5,2,0,0.736,83.9,1,2
8.38,0,0,44.6,28.6,61.2,-0.62,38.2,6,2,2,0.875,91.5,0,0
7.99,1,1,71.9,35.1,55.7,-0.35,93.6,4,3,1,0.71,100.0,0,0
8.78,0,0,57.0,78.9,70.2,1.7,32.0,2,2,0,0.523,64.3,0,0
7.57,0,1,60.6,65.7,40.2,0.27,97.5,3,0,0,0.764,71.1,1,0
6.63,0,0,47.6,39.0,72.5,0.92,97.3,2,2,0,0.855,55.4,0,0
7.42,0,1,67.1,58.7,77.4,1.45,93.9,6,12,0,0.929,71.5,1,2
6.78,0,0,55.5,14.1,75.5,-0.08,100.0,1,3,2,0.655,60.2,0,0
6.86,0,3,69.7,60.3,59.6,1.43,23.8,4,2,2,0.818,93.4,0,0
7.44,0,0,52.2,60.3,53.8,0.41,96.2,1,2,1,0.922,71.4,0,0
6.73,0,0,60.8,48.4,74.8,-0.43,94.2,1,0,1,0.534,55.2,0,0
7.26,0,1,59.6,55.2,39.9,-0.34,97.5,5,2,3,0.703,62.9,1,0
5.52,0,1,20.5,42.6,15.5,-1.5,47.2,4,0,3,0.867,66.4,0,0
7.83,0,0,52.3,60.8,48.2,0.5,49.2,2,0,2,0.724,52.3,0,0
7.6,0,0,59.2,32.4,65.6,-0.05,100.0,5,2,1,0.694,72.8,1,1
6.7,0,0,65.4,79.5,31.7,0.48,97.6,4,0,1,0.503,89.4,0,0
8.33,0,3,73.8,83.4,62.1,1.37,54.2,5,0,3,0.756,49.2,1,1
8.63,1,1,57.3,52.0,39.7,-0.7,92.7,3,0,3,0.772,77.8,0,0
5.83,1,1,41.6,34.3,43.6,-0.62,13.5,5,12,2,0.805,38.5,0,0
6.76,0,0,76.8,46.1,18.8,-1.44,79.5,4,3,2,0.626,82.6,1,0
6.75,0,0,53.9,64.4,29.3,-0.3,97.6,5,2,1,0.497,57.5,0,0
6.57,0,0,46.7,17.0,65.7,-0.52,97.4,2,0,1,0.495,91.9,0,0
8.51,0,1,76.0,61.7,88.4,1.57,96.8,3,2,0,0.219,85.9,1,0
7.39,0,0,68.0,31.6,60.4,-0.17,92.9,4,2,0,0.725,78.7,1,0
7.31,0,2,52.6,51.4,57.7,0.23,92.8,3,0,2,0.923,69.6,0,0
5.4,0,0,45.0,27.7,20.2,-0.67,52.7,4,12,2,0.767,59.0,1,0
8.3,0,0,64.0,67.4,50.7,0.27,39.2,6,2,1,0.89,76.3,0,0
6.24,0,0,56.0,35.1,33.3,-1.66,100.0,4,12,0,0.792,72.8,1,1
7.67,0,0,63.7,48.8,29.7,-0.3,94.5,2,2,3,0.72,77.6,0,0
7.91,0,0,69.8,70.6,64.4,1.34,96.5,1,2,1,0.832,58.9,1,1
9.1,0,0,66.9,81.4,75.0,0.74,90.2,2,2,4,0.777,92.4,1,1
6.16,0,0,36.7,50.5,22.1,-1.2,93.3,3,0,2,0.713,95.3,0,0
5.0,2,1,46.3,27.5,53.2,-0.22,52.3,1,3,0,0.661,66.2,0,0
7.8,0,0,62.1,52.8,69.6,0.92,95.2,2,2,1,0.944,72.2,1,1
9.58,0,0,84.2,78.7,92.4,2.05,94.4,2,2,2,0.621,73.1,1,2
8.96,0,0,71.0,80.6,63.8,1.15,96.9,4,0,2,0.781,74.2,1,1
7.83,0,0,74.1,30.7,58.9,-0.51,93.6,1,2,0,0.841,60.5,0,0
7.06,1,1,48.3,58.2,61.0,-0.41,91.3,1,3,0,0.91,80.1,0,0
8.49,0,0,68.3,72.7,69.6,1.98,55.3,3,3,1,0.484,55.9,1,1
6.53,0,1,59.7,47.7,72.2,0.3,98.6,2,3,2,0.573,75.9,0,0
8.12,0,0,80.3,62.3,58.8,0.64,74.2,2,12,0,0.747,42.8,1,1
8.16,0,0,60.3,28.8,53.8,-0.41,98.8,2,0,2,0.533,81.4,0,0
8.77,0,0,96.2,65.3,81.6,1.75,100.0,3,0,3,0.669,75.7,1,2
10.0,0,0,88.8,100.0,62.2,1.56,100.0,1,2,1,0.805,62.9,1,1
8.03,0,0,52.8,63.5,78.0,1.3,99.2,5,0,0,0.933,78.3,1,1
7.04,1,1,59.8,48.1,26.1,-1.89,85.0,1,3,0,0.719,95.1,0,0
7.57,0,0,56.1,58.5,67.4,0.43,100.0,5,2,1,0.759,95.5,1,1
5.65,0,0,46.7,42.2,21.2,-0.84,90.4,4,0,0,0.629,81.0,0,0
6.84,0,0,52.8,59.4,55.6,0.66,95.6,4,6,1,0.572,79.9,1,1
7.15,0,0,57.4,50.4,67.1,0.2,56.0,2,2,1,0.759,88.8,0,0
7.02,0,0,44.3,58.2,52.0,-0.38,99.0,3,0,0,0.78,85.7,0,0
7.77,0,0,74.6,83.9,36.6,0.36,94.8,4,0,0,0.682,59.2,0,0
6.7,0,0,38.1,62.7,29.2,-1.57,100.0,3,6,3,0.79,78.1,1,0
8.83,0,0,60.0,100.0,57.9,0.91,95.4,3,0,1,0.859,67.7,1,1
7.6,0,0,65.4,49.4,22.1,-0.24,97.3,2,12,3,0.529,99.4,1,1
7.59,1,2,80.1,82.0,76.4,2.17,72.7,2,2,0,0.943,82.5,1,0
7.24,0,0,53.2,43.6,53.9,0.18,95.5,2,0,0,0.832,68.8,0,0
7.77,0,0,71.1,65.4,37.8,0.06,93.3,6,2,2,0.617,69.4,1,1
8.51,1,3,83.0,78.8,93.3,1.3,93.2,3,0,1,0.819,50.3,0,0
6.65,0,0,61.2,41.0,32.1,-1.09,70.9,1,3,3,0.75,74.4,1,0
6.88,0,0,50.0,51.9,52.0,-0.01,98.6,3,2,2,0.616,63.7,1,0
7.27,0,0,44.6,67.7,37.3,-0.32,95.7,3,6,1,0.425,75.1,1,0
6.12,0,0,19.7,32.4,2.1,-2.13,100.0,1,3,1,0.76,100.0,0,0
6.7,0,0,48.8,72.1,20.8,0.04,93.3,3,0,2,0.55,71.6,0,0
7.08,0,3,69.9,33.5,41.8,-0.86,100.0,2,2,2,0.748,51.6,0,0
8.56,0,1,57.1,96.3,83.9,2.02,100.0,2,2,1,0.841,66.3,1,1
7.89,0,1,72.3,75.8,65.9,1.4,100.0,3,6,2,0.971,71.5,1,1
7.81,2,1,51.7,59.7,61.3,0.02,97.7,2,2,2,0.784,67.2,0,0
8.54,0,0,71.6,63.3,31.3,-0.67,96.0,2,2,3,0.505,75.6,0,0
7.45,0,0,68.0,49.8,77.2,0.61,10.8,4,0,3,0.944,71.5,0,0
8.03,1,2,57.4,61.4,65.4,0.79,94.6,2,0,1,0.552,78.5,0,0
7.49,0,3,61.9,56.7,52.7,0.1,71.6,3,2,3,0.815,75.8,0,0
7.89,0,0,58.9,79.4,80.1,1.53,96.9,4,3,3,0.839,94.8,1,2
6.96,2,3,63.1,79.1,71.0,1.08,94.3,2,2,0,0.775,82.1,0,0
5.0,0,0,37.8,32.8,45.8,-0.95,97.8,1,2,1,0.752,88.5,0,0
7.45,0,0,60.2,45.1,50.0,0.13,99.2,4,0,1,0.702,61.8,1,0
9.17,0,0,95.4,68.2,56.9,0.5,94.2,3,3,1,0.721,81.9,1,1
8.62,0,0,79.1,67.2,86.2,1.84,98.4,4,0,2,0.872,82.1,1,2
8.66,0,0,63.3,55.9,44.4,-0.5,14.9,2,2,0,0.46,57.2,0,0
8.96,0,0,73.6,57.1,100.0,1.56,93.9,4,0,2,0.745,64.7,1,1
7.7,0,0,61.1,89.0,57.9,1.04,95.6,1,2,0,0.455,75.6,1,0
7.82,0,0,64.1,65.2,39.7,-0.06,98.1,4,0,1,0.741,75.3,1,0
6.92,0,0,84.5,39.5,25.9,-0.74,99.6,4,6,0,0.765,77.5,1,0
7.25,2,4,62.0,66.2,29.0,-0.51,97.2,3,2,2,0.67,71.4,0,0
8.28,0,0,43.3,49.6,66.9,0.85,98.7,3,3,1,0.562,76.2,1,0
8.92,0,0,67.7,57.8,72.0,1.06,96.5,2,6,4,0.838,68.8,1,1
7.45,0,0,36.3,45.7,32.1,-0.74,71.6,2,0,3,0.751,72.2,0,0
7.1,0,0,52.1,76.3,43.8,-0.0,98.1,3,2,1,0.84,84.4,1,0
7.6,2,1,37.2,55.1,31.6,-0.2,95.5,3,6,1,0.737,67.0,0,0
8.26,0,0,57.2,31.7,74.7,0.05,95.9,6,2,1,0.8,84.4,1,1
6.01,1,1,26.9,58.1,36.2,-0.29,98.8,4,0,2,0.55,78.2,0,0
5.07,0,0,40.4,26.5,19.1,-1.57,100.0,2,0,1,0.403,92.9,0,0
6.99,0,0,55.0,26.0,25.7,-1.42,23.1,3,0,0,0.882,76.4,0,0
6.26,0,0,51.2,39.4,34.7,-0.9,93.6,1,2,2,0.901,82.5,0,0
7.04,0,0,54.2,59.7,42.0,-0.38,93.6,2,0,0,0.677,20.1,0,0
7.44,0,0,42.6,62.5,60.0,-0.04,95.4,2,2,1,0.653,57.3,1,1
7.1,0,0,62.2,78.3,53.2,1.3,48.8,6,2,3,0.878,76.0,1,1
9.2,0,0,100.0,64.2,89.6,1.44,97.1,2,3,0,0.618,85.4,1,2
7.96,0,0,69.5,63.2,51.8,0.3,100.0,1,2,1,0.896,77.4,1,1
7.93,2,4,59.2,52.4,26.7,-0.78,100.0,1,6,2,0.79,66.6,0,0
8.28,0,0,50.7,44.5,82.3,1.39,97.0,3,2,3,0.655,57.0,1,1
6.35,0,0,37.6,57.2,24.3,0.08,96.3,2,3,1,0.887,68.7,0,0
8.74,0,0,77.9,77.7,50.0,0.68,98.6,4,0,0,0.698,79.3,1,1
7.52,0,0,73.0,61.7,54.4,0.34,100.0,3,0,3,0.804,76.6,1,1
8.34,0,0,71.5,72.7,70.5,0.74,98.7,2,3,2,0.793,84.3,1,1
6.42,0,2,58.8,36.0,32.5,-1.47,95.7,4,2,1,0.757,70.1,0,0
5.89,1,3,52.4,25.7,26.0,-2.05,95.2,2,6,1,0.398,73.8,0,0
8.5,0,0,76.1,69.0,60.0,0.44,76.0,3,3,0,0.507,50.6,1,1
8.01,0,0,57.2,79.4,86.7,1.04,97.6,3,2,0,0.781,61.8,1,1
6.61,0,0,53.2,70.2,44.2,0.69,98.9,3,3,2,0.915,89.7,1,1
6.64,0,0,41.3,59.2,27.3,-0.38,99.2,4,2,0,0.87,81.4,1,0
8.84,0,0,73.6,72.6,53.8,0.53,100.0,4,0,0,0.284,85.9,0,0
6.29,0,0,51.9,48.0,36.0,-0.07,100.0,3,0,0,0.805,65.6,0,0
9.41,0,0,99.2,78.6,82.2,1.28,92.9,5,6,1,0.651,94.3,1,2
6.61,0,0,35.4,33.3,53.0,-0.6,98.2,1,2,0,0.676,76.6,0,0
8.3,0,0,73.8,66.7,66.9,0.16,98.3,5,3,3,0.915,62.5,1,1
7.24,0,0,75.2,35.9,36.7,-0.45,96.8,1,0,1,0.671,77.9,0,0
8.26,0,0,76.7,64.2,56.5,0.21,27.7,2,3,3,0.882,82.8,0,0
7.0,0,0,65.0,74.9,62.2,0.97,54.3,4,3,4,0.391,79.6,1,1
7.42,1,2,66.3,68.2,33.4,0.25,95.2,2,2,2,0.944,62.1,0,0
7.65,0,0,77.0,46.2,48.4,0.41,90.4,2,3,0,0.768,72.5,1,0
6.5,0,1,36.9,45.5,53.7,0.01,80.0,2,2,0,0.925,86.6,0,0
8.41,0,0,52.5,55.9,81.7,1.34,90.3,2,2,1,0.727,66.2,1,1
7.04,0,0,55.3,51.5,46.0,-0.46,67.8,1,6,1,0.421,73.7,0,0
7.35,0,0,32.6,70.4,45.8,0.99,98.5,2,6,0,0.728,57.7,0,0
6.51,0,0,64.8,55.7,19.3,-0.96,96.1,3,0,0,0.85,84.9,0,0
5.0,0,3,49.6,64.8,34.5,-0.16,96.4,3,0,0,0.623,64.0,0,0
7.39,0,0,53.7,73.0,77.4,1.26,64.6,3,0,1,0.81,96.9,1,1
10.0,0,0,80.6,87.9,100.0,2.99,78.8,2,3,0,0.924,84.0,1,2
8.46,0,0,68.8,77.6,73.5,1.48,99.0,5,3,0,0.539,70.8,1,1
7.58,2,3,61.4,55.5,55.0,0.59,92.8,2,0,0,0.9,44.7,0,0
7.31,0,0,59.6,39.6,36.2,-0.55,96.3,1,0,2,0.625,71.3,0,0
7.62,0,3,67.9,77.2,22.7,-0.4,96.9,5,2,0,0.955,39.4,0,0
8.2,1,2,64.9,79.3,66.6,1.58,93.7,3,0,2,0.482,65.1,0,0
6.3,0,0,59.3,40.9,82.9,1.03,91.7,6,0,1,0.835,98.3,1,1
8.83,0,1,78.6,75.9,93.8,1.65,98.8,2,2,2,0.823,69.5,1,2
8.39,0,4,61.6,84.6,85.7,1.57,94.6,4,6,1,0.358,63.5,1,1
8.39,0,0,84.9,79.1,70.1,1.38,100.0,1,0,3,0.8,66.5,1,1
8.08,0,0,49.5,43.4,68.5,0.83,97.0,4,3,1,0.677,77.8,1,1
7.62,0,0,60.1,62.2,12.8,-0.31,95.6,2,6,2,0.675,73.5,1,0
8.34,0,0,80.0,64.4,78.8,0.57,89.7,1,0,0,0.843,100.0,1,0
8.25,0,0,58.8,81.3,53.6,0.83,100.0,1,2,3,0.685,78.4,1,1
7.21,0,0,60.8,68.8,38.9,0.24,97.9,3,6,0,0.814,74.8,1,1
6.97,0,0,61.2,70.1,42.8,0.33,95.7,2,0,1,0.794,70.5,0,0
7.71,0,0,51.8,44.2,51.1,0.31,94.3,5,12,1,0.442,70.3,1,1
9.3,0,0,77.2,66.4,63.7,1.08,100.0,4,0,2,0.684,94.9,1,1
6.24,0,2,45.5,59.2,40.1,-0.52,93.8,4,0,1,0.887,82.0,0,0
5.99,0,1,38.2,32.6,26.8,-1.57,95.9,4,3,1,0.854,53.9,0,0
7.78,0,0,90.4,39.3,60.2,0.23,98.7,4,2,3,0.646,82.6,1,1
7.66,0,0,52.4,66.7,30.1,0.1,100.0,4,3,0,0.603,86.1,0,0
7.79,0,0,75.0,53.0,54.6,0.28,96.4,5,2,0,0.621,100.0,1,1
7.87,1,3,59.0,86.6,39.7,-0.16,94.8,5,2,2,0.551,72.9,0,0
7.35,0,0,45.5,60.0,41.7,-0.47,96.7,2,0,0,0.778,68.4,0,0
9.24,0,0,78.6,78.9,78.4,1.87,99.7,2,0,3,0.649,88.1,1,1
5.84,0,2,51.2,34.1,6.2,-1.95,100.0,3,3,1,0.935,69.8,0,0
6.69,0,3,62.9,70.8,30.5,-0.14,92.9,1,0,0,0.959,80.6,0,0
7.49,0,1,78.6,62.4,65.1,1.2,97.3,2,3,0,0.781,100.0,0,0
5.79,0,1,78.3,33.0,9.1,-2.22,92.7,4,6,2,0.704,76.2,0,0
7.41,0,0,62.1,45.4,85.9,0.93,99.7,3,0,3,0.652,82.2,1,0
9.43,0,0,71.3,77.7,99.8,2.07,98.3,3,6,0,0.538,69.0,1,2
7.62,0,0,66.7,45.2,47.6,-0.05,56.6,5,0,0,0.824,49.0,1,0
7.85,0,0,60.3,75.8,45.1,0.72,100.0,3,6,4,0.704,85.9,1,1
6.21,0,1,58.2,18.0,43.2,-1.53,89.8,2,6,2,0.565,79.5,0,0
6.92,0,0,38.7,49.2,22.0,-0.95,97.7,2,2,0,0.661,85.8,0,0
7.19,0,0,85.3,62.6,15.2,-0.53,96.5,2,2,1,0.633,58.8,0,0
7.25,1,3,67.8,59.5,43.7,-0.74,97.0,2,3,3,0.591,60.1,0,0
9.01,0,0,54.9,64.1,70.7,0.98,95.9,1,6,2,0.581,78.2,1,1
8.21,0,3,58.6,74.6,65.3,0.57,94.8,2,0,1,0.805,72.1,0,0
6.38,0,4,58.6,32.7,30.5,-1.29,100.0,4,0,0,0.359,55.1,0,0
7.87,0,0,77.8,61.3,82.4,0.33,95.5,3,2,2,0.9,57.5,1,1
8.15,0,0,51.2,73.8,35.9,0.61,100.0,3,3,1,0.517,68.5,1,1
8.85,0,0,82.1,78.9,50.8,0.52,96.6,5,0,1,0.888,65.0,1,1
9.34,0,0,55.0,68.3,85.8,1.28,100.0,2,2,2,0.812,55.8,1,1
6.48,0,0,48.8,63.1,21.9,-0.51,89.2,3,0,1,0.763,60.2,0,0
6.71,0,0,65.4,50.0,23.9,-1.29,95.8,1,6,0,0.557,71.0,0,0
6.22,0,3,40.5,53.8,41.8,-0.64,100.0,4,0,2,0.685,73.1,0,0
7.34,0,0,40.3,77.2,34.1,0.68,97.3,2,12,1,0.779,56.2,1,1
8.11,0,1,67.9,79.9,60.0,1.72,94.5,2,0,1,0.664,83.6,0,0
8.69,0,0,64.6,86.2,56.6,0.79,95.6,2,0,0,0.74,78.7,1,1
7.52,0,0,67.7,60.4,39.7,0.31,100.0,4,2,1,0.757,73.9,1,1
7.25,0,2,46.9,65.8,14.1,-0.7,100.0,1,0,1,0.583,87.6,0,0
7.77,0,0,53.4,63.4,60.7,0.09,98.0,5,3,2,0.812,80.7,1,1
6.68,0,0,27.6,31.6,22.7,-1.69,95.3,2,3,1,0.72,48.7,0,0
9.9,0,0,86.0,88.1,80.8,2.49,96.6,2,3,3,0.753,51.6,1,2
5.83,0,1,41.4,42.7,25.8,-1.54,94.7,2,12,2,0.952,83.8,1,0
7.8,0,0,48.8,69.0,54.9,1.5,95.1,2,2,1,0.461,58.1,0,0
9.83,0,0,85.6,81.3,80.2,1.47,94.9,3,12,0,0.777,79.1,1,2
7.61,0,0,73.4,48.0,59.8,0.91,96.8,3,0,0,0.91,77.6,1,0
7.39,1,3,56.3,65.5,40.6,-0.09,97.4,2,3,0,0.768,69.3,0,0
7.21,2,2,60.3,35.9,73.9,0.8,63.5,2,0,1,0.721,55.3,0,0
7.4,0,0,62.3,76.8,20.6,0.17,96.3,2,2,2,0.589,72.5,0,0
9.11,1,1,61.6,72.0,70.2,1.72,99.3,2,2,2,0.538,56.0,0,0
5.17,0,0,61.3,35.3,42.1,-0.83,80.8,3,6,0,0.634,81.9,0,0
9.29,0,0,72.2,85.0,85.0,1.6,22.7,3,3,1,0.835,92.4,1,1
6.03,0,0,53.2,49.6,19.9,-1.05,96.5,1,2,1,0.566,67.2,0,0
7.31,0,0,67.3,35.6,38.1,-1.23,91.4,4,6,1,0.71,75.2,1,0
7.13,0,0,54.6,64.9,32.4,-0.16,95.5,3,6,1,0.928,87.6,1,1
8.25,0,0,74.8,70.0,74.8,0.94,98.8,2,0,1,0.861,68.0,1,1
5.84,0,0,46.4,30.4,21.8,-0.94,94.8,3,6,1,0.825,63.0,0,0
8.11,0,1,49.1,53.7,66.9,0.42,98.0,5,2,1,0.791,80.6,0,0
9.83,0,0,79.3,78.4,87.7,1.19,98.6,1,3,1,0.805,51.6,1,1
6.1,0,0,38.7,23.9,80.8,1.01,100.0,4,0,3,0.846,48.9,1,0
7.81,0,2,57.5,85.0,64.3,1.33,86.3,3,0,1,0.955,48.5,0,0
6.87,0,0,38.1,71.4,32.9,-0.08,93.7,3,3,3,0.694,68.8,0,0
8.07,0,0,79.2,70.1,35.5,0.4,94.6,3,0,2,0.934,73.0,1,0
7.62,0,1,80.4,55.7,51.5,0.52,99.9,3,2,1,0.946,63.4,0,0
6.89,0,0,65.7,48.1,45.6,-0.49,47.3,2,3,1,0.893,56.2,0,0
8.14,0,0,81.6,75.1,22.8,-0.53,99.5,5,2,3,0.78,76.2,1,1
9.58,0,0,76.7,100.0,67.2,1.24,93.2,3,3,1,0.979,60.5,1,1
7.39,1,2,51.3,48.3,59.0,-0.32,99.4,3,2,2,0.869,79.6,0,0
8.39,0,0,59.6,51.7,56.1,0.47,94.2,2,0,2,0.71,90.1,1,0
6.18,2,2,54.5,64.6,56.6,0.7,83.6,3,0,3,0.639,90.0,0,0
6.55,0,0,53.2,22.0,15.5,-1.47,97.6,4,6,0,0.733,77.7,1,0
8.12,0,0,65.3,50.2,74.6,1.34,98.1,1,3,4,0.532,75.0,0,0
9.23,0,1,92.9,73.1,92.2,2.23,97.2,4,0,4,0.578,66.8,1,2
7.99,0,0,69.8,41.1,78.1,1.08,55.6,1,3,1,0.628,76.1,1,0
7.26,0,0,47.5,70.4,23.9,-1.25,33.3,3,0,2,0.652,83.0,0,0
7.6,0,0,52.8,70.6,61.9,0.73,95.4,2,0,0,0.322,87.0,0,0
6.22,0,1,55.4,35.4,27.7,-0.68,100.0,3,2,0,0.923,91.3,0,0
8.26,0,0,80.2,83.8,38.9,-0.09,92.9,1,3,1,0.511,66.7,1,0
8.57,0,0,77.3,89.6,60.4,1.26,97.6,3,0,2,0.712,88.6,0,0
7.1,0,0,78.8,51.5,33.9,-0.29,93.3,4,3,1,0.879,65.9,1,0
7.08,1,2,75.4,46.6,66.6,0.65,94.5,3,6,2,0.759,81.5,0,0
7.89,0,0,69.2,93.5,68.9,1.74,95.5,1,6,2,0.622,70.6,1,1
7.12,0,0,46.1,63.4,29.7,-0.14,59.3,1,0,0,0.608,59.1,0,0
7.53,0,0,44.6,61.4,42.3,0.07,100.0,3,6,2,0.678,96.1,1,1
9.91,0,0,79.4,100.0,77.1,1.43,89.9,1,2,1,0.747,88.9,1,2
7.33,0,0,67.3,59.8,51.6,0.48,97.1,1,3,0,0.634,52.5,1,0
7.21,0,0,79.0,47.2,69.6,0.7,97.6,2,6,0,0.756,76.3,1,1
6.89,0,0,58.9,51.9,60.1,-0.2,100.0,2,3,1,0.529,67.4,1,0
8.42,1,1,83.2,82.1,66.9,1.83,4.1,2,2,3,0.653,77.8,0,0
7.4,1,1,56.1,28.5,49.1,-0.29,97.1,3,2,0,0.597,79.7,0,0
6.89,0,0,61.3,46.7,15.7,-1.77,100.0,2,3,0,0.849,83.7,0,0
9.05,1,2,85.4,94.0,96.9,2.21,99.4,2,6,2,0.82,58.0,1,1
9.16,0,0,52.9,68.6,66.9,0.75,97.7,3,6,4,0.873,46.0,1,1
6.94,2,2,49.4,73.0,76.3,1.16,95.6,2,2,1,0.796,83.1,0,0
5.55,0,0,51.9,55.8,35.1,-0.25,95.4,1,0,1,0.551,56.9,0,0
8.71,0,0,75.4,69.9,100.0,1.72,96.0,3,0,1,0.714,67.0,1,1
6.85,0,2,39.1,42.4,58.1,0.55,98.4,3,0,0,0.738,71.5,0,0
8.47,2,2,40.5,64.1,40.9,0.43,99.5,2,0,0,0.567,69.0,0,0
5.43,0,0,34.9,72.1,19.1,-0.29,73.2,3,3,0,0.755,82.8,1,0
8.58,0,0,70.0,95.6,64.9,1.53,91.2,5,3,1,0.802,50.5,1,1
6.27,0,0,37.1,45.7,24.5,-0.57,78.7,5,0,4,0.89,57.3,0,0
8.4,0,0,70.8,58.9,59.1,0.39,95.8,3,3,2,0.561,64.2,0,0
7.62,0,0,67.2,60.4,31.8,-0.67,100.0,1,3,2,0.741,68.1,1,0
6.55,0,0,58.6,50.5,43.7,0.28,96.2,3,2,1,0.807,51.8,1,0
7.15,2,2,28.3,36.3,55.1,-0.01,97.8,1,3,2,0.518,80.8,0,0
8.35,0,0,52.8,68.0,47.2,0.03,66.2,2,3,1,0.847,53.7,0,0
7.72,0,0,58.5,78.4,92.5,1.88,47.0,5,2,0,0.557,54.9,1,1
8.24,0,0,74.3,40.5,65.1,-0.0,100.0,3,2,1,0.699,83.4,0,0
9.77,0,0,88.6,94.1,67.6,2.37,95.0,3,0,1,0.858,67.2,1,1
5.88,0,0,49.5,58.9,6.2,-1.26,100.0,2,0,3,0.525,87.2,0,0
9.38,0,0,74.2,70.3,78.6,1.47,96.6,1,6,2,0.76,27.8,1,1
7.71,1,1,58.2,83.6,52.9,1.13,96.0,6,0,2,0.727,62.4,1,0
6.61,0,2,42.4,38.1,58.4,-0.47,93.7,2,3,0,0.705,86.2,0,0
6.14,0,0,55.6,48.7,36.1,-0.06,97.6,2,6,2,0.513,62.5,0,0
7.39,0,0,47.9,52.0,32.2,-0.79,100.0,3,3,4,0.755,79.8,0,0
8.61,0,0,81.3,65.5,98.4,2.69,98.2,3,0,2,0.831,61.4,1,2
7.46,0,2,62.1,48.4,62.4,0.25,97.8,2,3,2,0.661,78.2,0,0
9.26,0,1,77.1,86.7,71.6,1.95,95.0,3,3,4,0.742,67.5,1,1
6.0,0,0,37.2,52.9,40.0,-1.27,98.8,2,0,1,0.856,99.1,0,0
7.59,0,0,44.6,57.6,64.6,0.18,97.5,3,3,2,0.627,74.1,1,0
6.22,0,1,39.5,24.4,13.9,-1.89,96.8,2,3,1,0.26,62.8,0,0
8.0,0,0,61.0,68.6,63.8,0.06,98.5,3,0,1,0.985,58.2,1,1
8.58,0,0,42.3,75.2,59.8,1.13,91.6,1,6,2,0.811,80.9,1,1
7.14,1,2,54.0,50.5,59.8,0.46,96.7,4,0,1,0.782,87.5,0,0
5.0,0,1,46.1,56.1,11.7,-1.54,93.4,3,2,4,0.933,59.6,0,0
7.82,0,0,70.0,39.1,47.9,-0.32,72.3,5,0,1,0.666,90.2,1,0
8.08,0,0,59.8,32.8,91.9,1.34,94.8,3,3,0,0.862,82.3,1,1
8.04,0,0,66.0,53.3,83.7,0.35,72.8,2,0,1,0.621,72.9,1,0
8.96,0,0,67.9,83.5,13.2,-0.99,93.0,3,0,3,0.87,70.9,1,0
6.42,0,0,51.0,30.9,62.9,-0.13,100.0,3,0,1,0.537,92.8,0,0
8.35,0,0,87.0,53.1,63.9,0.54,95.0,2,3,2,0.853,77.3,1,1
8.91,0,1,85.7,86.3,59.2,1.09,95.1,3,0,3,0.531,74.4,1,0
5.64,1,2,47.7,43.6,14.6,-0.97,100.0,2,3,1,0.577,62.5,0,0
7.95,0,0,58.6,67.7,43.3,0.36,98.7,4,3,0,0.712,71.2,0,0
7.05,0,0,64.5,63.4,37.3,0.15,90.9,5,0,0,0.617,99.6,1,0
7.51,0,0,39.9,51.7,34.8,-1.02,100.0,2,2,1,0.883,70.5,0,0
7.98,0,0,61.8,57.5,36.4,-0.23,100.0,4,2,0,0.874,93.7,0,0
7.06,0,0,62.6,64.0,31.0,-0.44,69.3,1,2,1,0.788,40.6,0,0
6.86,0,0,62.5,31.6,53.1,0.28,99.0,2,6,3,0.92,64.8,1,1
7.64,0,2,69.4,29.0,57.6,-0.14,93.7,3,0,2,0.943,83.0,0,0
6.4,0,0,52.6,39.4,51.9,-0.44,96.9,2,3,1,0.519,80.6,1,0
6.41,0,2,46.7,58.5,40.7,0.22,92.7,3,6,3,0.905,58.2,1,0
8.35,0,4,74.9,70.4,41.6,0.4,67.6,3,0,0,0.88,93.2,0,0
6.34,0,0,36.9,56.7,49.9,-0.18,93.7,1,3,2,0.824,100.0,0,0
8.33,0,0,58.2,38.4,46.9,-0.5,34.6,1,3,0,0.66,99.5,0,0
8.11,1,3,66.8,68.6,73.9,1.08,97.5,1,2,1,0.645,90.5,0,0
5.7,0,3,44.1,46.9,12.4,-0.83,95.7,5,2,1,0.732,57.1,0,0
6.85,0,0,31.6,31.5,34.9,-0.83,95.5,3,0,1,0.899,81.0,0,0
8.91,0,0,79.6,85.1,65.5,1.59,96.1,4,3,2,0.799,73.5,1,1
6.52,0,0,59.5,45.2,55.4,-0.13,56.1,3,0,0,0.914,81.3,0,0
7.09,1,4,55.0,96.0,53.2,1.26,100.0,2,2,1,0.662,54.2,0,0
8.11,0,0,94.6,33.7,62.7,0.58,95.6,3,6,1,0.679,78.9,1,1
8.46,0,0,61.4,87.2,100.0,2.35,98.0,3,0,1,0.884,66.4,1,2
7.32,0,1,53.9,50.0,19.8,-0.96,94.5,2,2,0,0.504,67.0,0,0
6.94,0,0,49.7,28.7,29.6,-1.7,43.0,2,2,2,0.845,72.1,0,0
9.16,0,0,75.7,68.4,55.5,0.29,62.3,3,0,0,0.612,50.5,1,0
9.51,0,0,76.2,83.5,47.3,0.52,94.9,3,2,2,0.835,88.8,1,1
8.68,2,2,54.9,85.0,56.2,0.56,100.0,2,0,1,0.849,80.8,0,0
7.69,0,0,55.4,83.7,69.7,1.94,78.6,4,2,0,0.57,72.0,1,1
6.71,0,0,50.9,68.7,34.9,-0.42,89.6,3,2,1,0.701,52.9,0,0
6.69,0,0,66.6,35.0,39.2,-0.38,99.2,3,2,1,0.695,54.8,0,0
8.17,0,0,93.2,80.7,32.1,0.16,95.9,3,0,1,0.877,85.6,0,0
8.06,0,0,81.6,69.1,47.4,0.35,95.1,2,0,0,0.886,63.0,0,0
9.14,0,0,67.1,66.4,66.4,1.51,100.0,5,2,0,0.729,59.3,1,1
8.32,0,0,59.8,63.5,76.3,0.27,99.2,2,0,2,0.822,51.1,1,1
5.95,0,1,42.6,30.5,6.2,-1.97,96.8,2,0,3,0.441,72.6,0,0
8.76,0,1,94.0,71.8,61.9,0.45,94.9,4,3,0,0.537,59.9,1,1
6.5,0,0,48.0,36.3,62.6,-0.67,98.3,2,0,0,0.478,63.1,0,0
7.18,0,0,40.8,39.6,43.1,-0.94,91.8,4,2,0,0.812,85.5,0,0
7.88,0,0,57.7,68.3,21.4,-0.54,95.5,2,3,3,0.632,71.9,0,0
9.8,0,1,92.0,91.5,100.0,2.3,96.9,3,0,1,0.872,50.8,1,2
10.0,0,0,93.3,82.4,98.2,2.69,97.6,2,0,3,0.981,65.3,1,2
8.27,0,0,65.3,85.1,79.9,1.69,96.6,3,2,1,0.727,75.9,1,1
7.4,0,0,67.2,52.7,22.4,-0.99,94.9,2,0,3,0.817,77.6,0,0
8.19,0,0,39.6,60.8,90.5,1.46,99.8,4,0,4,0.873,97.2,1,2
8.58,0,0,72.0,78.6,54.0,0.73,92.0,2,0,1,0.563,81.3,0,0
7.25,0,0,67.8,52.9,42.8,-0.34,96.2,3,0,2,0.771,74.6,0,0
9.57,0,0,70.8,81.5,67.2,0.93,95.4,1,12,2,0.411,86.8,1,1
7.85,0,1,53.5,26.1,76.3,0.74,100.0,6,0,0,0.697,82.8,1,0
8.15,0,0,44.1,64.9,59.5,0.4,95.6,4,2,1,0.882,30.4,1,1
8.33,0,0,87.4,41.1,73.7,0.44,23.9,2,2,3,0.863,62.0,0,0
8.06,0,0,57.0,46.6,63.1,0.53,98.0,5,2,3,0.811,70.1,1,1
8.52,0,0,73.1,50.1,65.6,0.65,91.5,5,2,3,0.892,49.9,1,1
6.92,0,0,61.5,36.5,31.0,-1.29,96.8,3,3,4,0.303,59.3,1,0
6.99,0,0,73.0,44.2,81.4,1.22,91.8,2,6,2,0.715,84.0,1,1
6.39,0,0,47.1,38.5,15.3,-1.2,98.1,3,0,0,0.334,66.2,0,0
8.08,0,0,59.4,73.2,69.4,1.23,94.8,2,0,1,0.974,78.9,1,1
8.46,0,0,71.6,71.1,73.3,1.07,100.0,2,12,1,0.649,75.5,1,1
8.1,0,0,81.4,37.5,83.0,0.66,96.5,5,6,1,0.705,87.1,1,1
9.44,0,2,77.4,80.0,100.0,2.25,94.7,2,0,2,0.66,68.0,1,1
7.59,0,0,49.5,63.0,53.7,-0.08,98.8,4,6,2,0.462,88.4,1,1
8.34,0,0,49.9,62.1,74.6,1.07,94.4,5,3,2,0.884,88.5,1,1
6.4,0,0,34.3,44.5,73.6,1.02,99.7,4,2,1,0.779,57.1,1,0
7.17,0,0,67.1,56.6,49.9,0.49,75.6,3,6,3,0.702,78.3,1,1
8.37,0,0,64.8,77.7,46.2,0.34,95.9,3,3,0,0.665,70.1,1,1
8.53,0,0,63.0,46.8,60.5,0.7,93.0,4,3,2,0.586,65.5,1,1
7.28,0,1,49.2,51.6,28.8,0.09,100.0,1,2,0,0.502,94.3,0,0
7.52,0,0,61.2,78.9,61.9,0.91,98.5,3,3,1,0.716,75.1,1,1
5.93,0,0,41.4,60.1,55.3,0.68,94.7,3,0,0,0.856,54.3,0,0
7.21,0,1,53.8,66.2,49.3,-0.57,97.7,2,3,1,0.489,77.8,0,0
8.58,0,3,87.0,76.9,38.8,-0.28,100.0,4,2,3,0.706,73.2,0,0
8.23,0,0,85.8,88.7,82.2,1.97,97.3,2,2,3,0.821,59.9,1,2
8.15,0,0,47.2,91.5,30.8,-0.12,97.7,4,3,2,0.76,83.9,1,1
7.65,0,0,65.5,57.4,29.0,0.28,100.0,3,0,1,0.83,79.4,0,0
7.61,0,0,51.8,45.1,53.1,0.23,100.0,3,6,1,0.601,50.0,1,1
6.87,0,0,50.8,46.8,52.0,0.38,96.6,3,2,0,0.946,77.0,0,0
8.37,0,0,72.4,100.0,73.0,1.87,79.4,2,2,2,0.908,62.2,1,1
8.06,0,1,63.1,41.7,60.6,-0.23,93.1,3,2,1,0.807,73.9,1,0
8.14,0,0,69.2,58.0,94.4,1.45,94.9,3,2,0,0.841,61.1,1,1
7.02,0,0,63.3,32.5,50.4,-0.27,94.2,1,3,1,0.58,78.6,0,0
5.23,0,0,40.8,34.3,46.4,-0.72,92.0,2,6,0,0.763,81.1,0,0
8.81,0,1,65.3,55.0,84.8,1.54,71.9,4,6,2,0.852,65.4,1,2
7.07,0,0,48.2,51.3,26.6,-0.47,94.6,3,0,0,0.925,63.7,1,0
6.65,0,0,34.2,20.9,41.8,-0.92,65.9,3,2,1,0.656,69.4,0,0
8.36,0,0,58.4,75.6,100.0,1.51,96.9,2,3,1,0.535,76.9,1,1
7.17,0,0,80.2,71.0,41.9,0.88,91.6,3,3,1,0.532,65.7,1,0
8.77,0,0,63.2,66.1,58.0,0.54,100.0,4,6,0,0.622,70.4,1,1
8.28,0,0,53.5,64.2,67.4,1.98,91.2,2,3,1,0.861,50.9,1,1
8.35,0,0,72.4,64.6,56.8,0.81,62.1,2,3,0,0.731,74.2,1,1
6.1,0,0,44.7,44.6,23.9,-1.07,64.1,1,3,2,0.491,62.9,0,0
8.93,0,0,72.0,72.7,63.5,1.13,95.8,3,3,0,0.697,75.6,1,1
7.89,0,0,80.8,72.5,85.4,0.87,100.0,3,3,1,0.733,78.3,1,1
7.19,0,0,63.5,71.4,48.9,0.85,92.1,2,0,1,0.52,83.6,0,0
7.76,0,0,56.2,48.9,34.2,0.48,96.6,2,3,0,0.805,70.1,1,0
5.65,0,0,36.4,32.8,5.5,-2.7,98.9,3,6,1,0.662,63.3,0,0
8.05,0,0,59.5,76.2,100.0,2.13,62.6,2,0,1,0.792,92.5,1,1
6.47,1,3,60.2,26.2,38.6,-0.95,73.3,2,0,0,0.411,86.6,0,0
6.11,0,0,42.4,14.6,46.2,-0.56,98.5,3,0,2,0.778,70.2,0,0
5.93,0,0,22.7,43.3,22.2,-0.23,95.2,3,0,0,0.951,86.6,0,0
8.82,0,0,72.7,79.0,76.7,1.69,100.0,3,6,0,0.658,80.9,1,2
6.91,2,2,35.6,40.9,74.2,1.46,92.2,3,0,2,0.861,95.7,0,0
9.29,0,1,100.0,69.1,64.7,0.98,100.0,3,3,2,0.94,81.7,1,1
7.01,0,0,43.5,41.5,57.4,0.24,97.6,4,6,1,0.649,77.0,1,0
5.72,0,0,40.3,25.8,8.4,-1.79,70.4,4,6,2,0.631,66.7,0,0
6.37,0,0,51.8,54.8,77.9,1.52,99.4,4,2,1,0.831,76.1,1,1
8.96,0,0,71.1,57.0,77.3,0.9,98.7,3,2,1,0.971,60.6,1,1
7.43,0,1,55.8,53.0,46.7,0.28,94.6,6,0,1,0.841,85.6,1,0
7.0,0,0,60.0,39.3,43.6,-0.94,85.1,1,0,4,0.566,61.6,0,0
7.78,0,0,81.1,40.2,49.1,-0.36,92.6,2,0,2,0.893,80.6,0,0
8.15,2,1,75.7,76.9,54.6,0.49,28.9,4,0,0,0.858,69.9,0,0
8.83,0,1,91.0,64.8,26.9,-0.41,98.0,4,2,0,0.352,82.1,0,0
9.19,0,0,64.4,78.8,73.6,1.3,98.8,4,0,2,0.766,83.4,1,1
7.2,0,0,60.9,33.1,48.9,0.04,79.9,4,2,1,0.655,79.7,0,0
6.14,0,0,48.3,32.2,47.5,-0.83,91.7,2,6,0,0.795,71.3,1,0
7.15,2,2,60.7,64.2,41.3,-0.67,95.3,5,3,0,0.945,80.6,0,0
7.89,0,1,80.4,98.0,45.8,0.38,95.0,2,3,1,0.26,56.2,1,0
6.54,0,0,47.7,19.3,43.3,-0.51,93.1,5,3,1,0.896,92.0,1,0
6.55,0,0,45.6,44.2,14.5,-1.7,63.8,3,0,2,0.932,85.7,0,0
7.98,1,2,71.2,68.5,63.3,1.01,97.0,2,3,1,0.914,56.2,0,0
7.55,0,0,39.1,49.4,22.0,-1.06,100.0,3,0,2,0.682,92.2,0,0
7.64,0,0,58.5,70.9,76.8,1.69,85.5,2,0,1,0.742,45.3,0,0
6.77,0,1,51.0,37.3,58.5,-0.09,93.6,2,0,2,0.512,80.9,0,0
7.35,0,0,47.4,58.0,36.5,0.83,95.2,2,0,3,0.598,59.5,1,0
6.58,0,0,63.5,40.1,55.9,0.74,98.0,1,0,0,0.857,72.6,0,0
8.58,2,2,58.0,86.4,70.0,1.35,100.0,4,6,2,0.914,78.8,0,0
8.74,0,1,70.8,61.7,51.7,0.13,96.7,3,2,2,0.597,88.4,1,0
5.57,0,0,44.2,31.3,0.0,-0.83,92.7,6,2,2,0.631,72.9,0,0
6.58,0,0,67.0,60.6,49.6,-0.21,93.3,2,3,1,0.739,67.4,1,0
5.95,0,0,44.4,26.1,22.1,-1.48,68.4,4,3,1,0.694,56.9,0,0
6.88,0,0,65.1,51.7,67.3,0.62,100.0,5,0,0,0.874,74.5,0,0
7.51,0,0,68.5,32.1,55.4,-0.22,100.0,1,3,1,0.599,54.1,0,0
6.01,1,1,46.5,25.8,24.5,-2.08,93.5,1,6,4,0.873,82.5,0,0
6.59,0,0,37.8,52.8,76.4,1.14,97.4,2,2,1,0.756,74.9,0,0
6.5,0,0,32.7,32.6,53.3,-0.66,93.9,4,2,2,0.822,78.4,0,0
7.83,0,0,64.6,53.5,0.0,-1.01,94.3,4,6,2,0.504,86.6,1,0
7.68,0,4,55.3,66.3,48.4,-0.27,94.1,2,3,1,0.859,80.4,0,0
6.81,0,0,64.1,41.8,21.8,-1.1,96.0,2,12,4,0.95,89.9,0,0
7.79,0,0,71.9,72.3,44.1,-0.59,65.1,4,0,2,0.985,63.8,1,0
7.0,0,0,52.8,55.0,46.4,-0.87,100.0,3,3,1,0.903,73.3,1,0
7.3,0,0,44.1,61.4,59.0,0.22,95.6,1,2,1,0.734,59.4,1,0
9.44,0,0,85.5,96.2,83.0,1.85,100.0,4,0,0,0.954,53.5,1,2
9.07,0,0,63.5,79.3,93.3,2.68,95.0,5,6,1,0.826,64.0,1,2
6.17,0,0,37.6,64.4,50.5,0.32,100.0,1,12,1,0.491,71.1,1,1
8.51,0,0,58.4,81.4,77.5,2.13,98.0,2,0,2,0.762,80.5,1,2
8.49,0,0,68.3,61.1,70.5,0.78,99.5,4,6,0,0.432,71.0,1,1
6.34,0,0,62.4,62.8,64.2,1.0,95.2,3,0,2,0.584,81.3,1,0
8.5,0,0,69.9,72.2,61.3,0.58,99.9,6,0,1,0.722,100.0,1,1
9.29,0,0,72.6,71.7,71.3,0.87,98.0,5,0,1,0.439,57.8,1,1
6.37,0,0,30.3,48.9,7.1,-2.18,95.9,2,6,0,0.586,79.8,0,0
6.59,0,0,57.5,63.1,63.1,0.86,93.8,3,3,3,0.936,60.0,1,1
8.72,0,0,62.8,77.3,68.2,1.32,96.3,3,0,1,0.612,85.2,1,1
7.9,0,0,65.4,87.4,100.0,2.81,96.0,1,2,2,0.702,81.8,1,2
8.21,0,0,62.8,80.5,56.2,0.97,99.6,1,0,0,0.672,50.0,1,0
7.97,0,0,74.8,70.0,62.3,1.67,96.3,3,3,0,0.816,64.1,1,1
8.03,0,3,63.4,49.0,71.2,0.75,91.2,2,2,2,0.921,100.0,0,0
6.14,1,2,45.7,40.0,18.9,-0.86,98.9,3,0,4,0.433,52.2,0,0
8.75,0,0,78.3,72.3,76.5,1.25,100.0,2,3,2,0.719,53.6,1,1
8.89,0,0,99.1,82.5,72.3,1.1,92.0,3,2,2,0.493,80.4,1,1
7.35,0,0,69.1,64.7,47.7,0.54,100.0,2,3,1,0.572,71.8,0,0
7.55,0,0,59.5,60.4,76.7,1.09,42.1,4,3,1,0.765,53.7,1,1
5.92,0,0,44.2,41.8,19.7,-0.86,11.4,2,2,1,0.537,82.2,0,0
8.17,0,0,60.4,74.9,67.9,1.29,93.6,4,3,0,0.956,84.3,1,1
8.23,0,0,55.9,53.5,89.9,1.09,100.0,2,0,1,0.585,49.0,0,0
7.53,0,2,53.7,81.6,42.7,0.89,92.9,3,0,1,0.735,100.0,0,0
8.84,0,0,64.1,43.5,65.7,0.03,95.0,2,3,0,0.832,86.1,1,1
7.23,2,1,65.2,74.9,94.0,2.27,93.1,4,3,2,0.91,76.6,0,0
8.22,0,1,54.4,64.8,72.2,1.58,97.0,4,6,0,0.661,60.0,1,1
6.48,0,0,65.8,60.3,33.6,-0.47,100.0,4,2,1,0.694,62.6,1,0
7.57,0,0,69.8,63.4,70.3,1.44,98.1,3,6,1,0.561,57.2,1,1
7.41,0,0,59.3,61.3,43.7,0.2,100.0,2,2,3,0.566,51.6,0,0
7.85,0,0,63.5,69.1,31.0,0.13,81.1,3,2,1,0.308,75.2,0,0
7.19,0,0,50.2,65.5,76.0,0.88,97.3,5,0,1,0.579,69.3,1,1
7.46,0,0,62.8,52.4,34.6,-0.37,93.3,3,3,1,0.704,84.9,0,0
8.51,0,0,83.1,83.1,100.0,1.84,96.7,5,3,1,0.947,80.1,1,2
7.12,1,3,47.8,38.1,41.6,0.14,94.8,2,2,0,0.838,78.9,0,0
5.83,0,0,24.9,39.1,73.4,-0.27,91.6,4,0,0,0.796,73.2,0,0
9.52,0,3,88.7,91.5,54.7,0.94,96.3,3,0,1,0.754,60.5,0,0
9.12,0,0,80.1,89.2,92.9,1.93,96.1,4,0,1,0.737,81.7,1,2
6.18,2,1,33.3,49.4,48.1,0.19,100.0,3,0,0,0.626,75.6,0,0
8.36,0,0,59.8,61.4,80.4,2.04,100.0,3,0,0,0.749,70.0,1,1
7.05,0,0,45.2,65.1,67.0,1.16,100.0,3,6,1,0.649,66.2,1,1
7.89,2,2,55.2,52.4,50.7,1.26,100.0,5,6,1,0.631,69.4,0,0
7.92,0,0,60.4,86.7,36.5,-0.19,100.0,2,6,0,0.721,58.1,1,1
7.34,0,0,55.2,54.6,52.2,-0.35,96.9,5,2,2,0.784,89.9,1,1
6.74,0,0,44.6,27.6,49.9,-0.86,96.6,1,2,2,0.931,48.0,0,0
6.84,0,0,44.3,33.5,38.6,-0.7,97.7,1,6,0,0.962,74.2,0,0
6.59,0,0,48.2,48.1,49.1,-0.48,96.4,3,2,1,0.752,72.8,0,0
6.68,0,1,53.9,50.5,51.2,-0.25,93.9,4,0,2,0.778,78.0,1,0
7.53,0,0,56.5,85.4,38.9,0.67,97.9,2,2,2,0.748,65.3,0,0
6.81,0,0,67.0,35.4,53.9,-0.69,65.3,3,2,0,0.755,75.1,0,0
8.35,1,2,74.6,67.4,60.4,0.28,97.4,3,2,1,0.904,88.3,0,0
9.24,0,0,58.3,61.8,63.2,0.54,94.0,2,0,2,0.736,63.5,0,0
6.96,0,0,60.9,44.7,62.7,0.18,96.8,2,3,0,0.623,88.3,0,0
7.86,1,1,70.9,85.1,45.4,1.03,97.6,1,3,0,0.692,70.5,0,0
8.15,0,0,61.3,48.7,54.6,-0.24,95.9,3,0,2,0.616,79.0,1,0
8.12,0,0,48.2,72.5,63.7,0.67,92.1,3,2,1,0.287,53.8,1,0
7.68,0,0,61.9,65.0,81.9,1.63,93.4,2,3,1,0.697,86.5,1,1
8.42,0,0,69.1,67.2,69.5,1.35,98.4,6,0,1,0.602,100.0,0,0
8.13,0,0,52.8,71.7,72.1,1.79,95.3,4,0,2,0.53,58.7,1,1
6.24,0,0,30.0,27.4,34.5,-0.83,98.7,3,2,1,0.844,68.8,0,0
8.56,0,1,69.5,92.3,66.3,1.53,97.0,3,3,3,0.654,87.5,1,1
8.58,0,0,68.0,96.3,67.0,1.83,96.4,2,3,0,0.793,57.4,1,1
6.76,0,0,47.6,50.0,51.4,-0.06,98.0,3,0,2,0.546,83.6,1,0
7.64,1,4,60.4,93.0,51.4,0.89,95.0,5,2,1,0.865,56.5,0,0
8.35,0,0,55.3,61.3,89.3,0.85,98.2,4,0,2,0.762,62.5,1,1
7.37,0,1,53.5,61.7,46.7,0.51,95.7,1,2,1,0.788,80.8,1,0
8.78,0,0,79.2,91.6,39.6,0.66,100.0,1,2,1,0.899,90.0,1,1
10.0,1,1,80.8,78.6,100.0,2.61,93.6,5,2,2,0.874,83.9,1,2
6.74,0,0,32.3,29.7,39.9,-1.91,95.9,2,0,2,0.373,76.7,0,0
6.08,0,0,40.1,19.3,61.6,-0.31,96.0,3,0,1,0.891,60.8,0,0
7.93,0,0,51.5,91.1,85.5,1.75,92.9,1,0,2,0.755,72.8,1,1
8.39,0,0,72.1,59.9,82.7,1.91,99.2,4,3,2,0.955,69.2,1,2
7.35,0,1,62.3,53.2,49.6,0.3,95.7,1,0,1,0.83,79.5,0,0
9.2,0,0,57.1,60.6,80.5,1.35,89.9,3,0,4,0.795,72.5,1,1
6.13,0,0,55.4,55.7,15.6,-1.19,99.1,1,6,0,0.598,65.2,0,0
8.36,0,1,55.3,56.0,100.0,1.96,95.1,2,0,1,0.724,81.8,1,1
6.93,0,0,73.0,44.4,32.9,-1.07,96.7,3,0,1,0.874,68.6,1,0
9.49,0,0,79.3,83.6,74.3,1.52,99.0,1,0,3,0.33,62.6,1,1
9.79,0,0,68.0,67.8,84.3,1.31,95.9,2,0,0,0.498,72.2,1,1
6.76,0,0,38.9,46.8,44.1,0.64,95.9,1,2,2,0.848,61.4,0,0
7.0,0,0,59.1,71.6,37.1,0.64,100.0,1,0,2,0.721,62.0,0,0
8.55,0,4,65.8,75.0,92.6,2.4,90.5,6,0,0,0.84,88.6,1,1
7.17,0,0,55.6,55.7,68.2,0.14,93.1,3,12,0,0.594,55.1,1,1
7.55,0,0,79.9,61.1,61.4,0.97,93.7,4,0,0,0.758,94.1,1,0
7.63,0,2,52.9,53.5,49.3,0.13,100.0,2,2,0,0.902,89.0,0,0
5.49,0,0,40.6,63.3,50.0,0.79,95.1,1,6,2,0.663,54.2,0,0
7.58,0,0,77.9,47.1,47.7,-0.01,97.7,3,6,3,0.752,75.3,1,1
6.84,0,0,56.7,53.2,75.4,0.91,95.6,1,2,3,0.697,76.8,0,0
7.06,0,0,36.3,54.2,51.7,0.24,98.8,3,12,1,0.558,73.9,1,1
9.19,0,0,82.9,90.2,97.4,1.75,97.0,1,3,2,0.915,70.3,1,2
6.22,0,0,33.2,58.8,37.6,-0.52,97.8,3,2,2,0.735,66.5,0,0
8.49,0,0,86.8,68.0,68.2,1.16,100.0,4,3,2,0.52,61.2,1,1
7.29,1,1,48.1,59.3,74.6,1.48,98.3,5,0,0,0.534,65.6,0,0
7.29,0,0,93.6,59.8,92.0,1.4,94.8,3,2,0,0.937,89.4,1,1
8.47,2,3,87.3,36.4,94.7,1.17,97.9,3,2,3,0.845,94.1,0,0
7.97,0,0,55.2,40.5,76.5,0.03,100.0,1,0,2,0.548,44.2,1,0
8.23,0,0,67.5,57.0,74.3,1.55,98.7,4,3,2,0.796,72.5,1,1
8.67,0,0,80.7,62.5,59.9,1.05,92.5,5,0,1,0.916,72.9,1,1
7.24,0,2,66.8,37.8,57.1,0.23,92.9,2,3,1,0.771,75.7,0,0
6.93,0,0,59.6,61.7,31.7,-0.19,72.0,4,0,2,0.526,67.3,1,0
6.41,0,0,64.1,45.5,48.6,0.48,64.3,4,0,1,0.888,81.5,1,0
6.69,0,2,50.4,45.6,53.2,-0.31,97.9,4,3,1,0.619,88.0,1,0
10.0,0,0,80.6,67.4,49.7,0.01,44.8,4,0,1,0.713,83.4,1,1
8.97,1,2,70.5,73.0,73.3,1.71,100.0,2,3,0,0.858,39.6,1,0
6.11,0,0,56.4,5.5,45.8,-0.73,99.6,4,3,1,0.876,71.6,1,0
6.15,0,1,50.8,40.3,37.2,-1.12,100.0,1,0,1,0.313,66.6,0,0
8.13,0,3,69.8,65.3,69.0,0.76,97.2,3,0,1,0.84,67.1,1,0
8.2,0,0,76.6,68.6,39.3,0.73,96.6,1,0,0,0.471,74.5,0,0
8.2,0,0,42.4,43.3,49.5,-0.0,98.9,5,3,3,0.752,51.9,1,1
7.32,0,0,61.9,58.7,71.5,1.22,96.6,4,3,2,0.794,99.5,1,1
7.46,0,2,62.2,42.5,54.6,-0.48,96.8,3,0,0,0.464,100.0,0,0
7.96,0,0,84.6,51.2,66.6,0.84,98.4,1,0,0,0.728,79.7,1,1
7.69,0,0,43.6,69.7,47.5,-0.21,95.5,4,0,2,0.593,67.3,1,0
5.16,0,0,55.3,59.9,27.3,-1.33,97.7,4,0,1,0.84,86.2,0,0
7.35,0,0,59.4,56.5,11.7,-0.84,97.2,3,12,1,0.479,64.1,1,0
6.66,0,0,57.5,36.9,60.2,0.62,99.9,6,0,2,0.871,91.6,1,1
7.79,0,0,83.0,63.4,91.1,1.56,95.2,1,0,1,0.832,100.0,1,1
10.0,0,0,91.7,98.1,65.8,1.38,91.0,3,3,2,0.711,71.7,1,1
8.0,0,0,69.8,71.7,44.1,0.97,96.1,3,2,1,0.9,83.3,1,1
7.26,0,0,60.5,93.2,60.0,1.22,59.8,1,2,1,0.6,88.8,1,0
8.61,0,0,65.3,59.7,94.9,1.69,99.9,3,2,1,0.594,66.8,1,2
8.13,0,1,66.0,68.0,62.5,1.49,94.9,4,3,3,0.943,67.9,1,1
8.06,0,2,57.0,85.4,39.6,0.3,64.9,2,3,1,0.83,67.5,0,0
8.27,0,0,67.1,86.7,60.5,0.9,100.0,4,2,2,0.746,81.2,1,1
9.86,0,0,55.6,56.2,64.8,0.96,99.3,1,0,3,0.542,69.5,1,1
6.36,0,0,53.7,44.9,29.2,-1.09,94.6,3,3,0,0.577,67.3,1,0
8.12,0,0,64.7,85.1,57.0,0.96,95.0,4,0,2,0.669,100.0,1,1
6.58,0,0,46.8,87.9,27.2,-0.44,71.0,1,2,2,0.786,72.3,0,0
8.21,0,0,69.7,75.2,49.5,0.62,100.0,3,3,1,0.463,66.8,1,1
6.59,0,0,33.7,42.3,45.4,-0.3,79.9,2,2,1,0.741,91.0,0,0
7.14,1,2,79.6,39.4,54.6,0.3,96.5,3,2,0,0.818,66.5,0,0
7.28,0,0,56.5,86.1,26.7,0.37,92.9,2,3,1,0.532,78.0,0,0
8.67,0,0,70.0,80.6,76.2,1.77,95.9,2,6,2,0.469,72.7,1,2
8.61,0,0,59.5,57.8,61.4,0.71,94.9,2,0,2,0.883,74.0,1,0
6.23,0,2,47.6,40.7,52.7,-0.15,97.1,4,2,0,0.918,38.7,0,0
7.66,0,0,78.2,63.6,71.0,1.25,92.5,2,3,4,0.949,78.2,1,1
6.82,0,0,65.6,57.6,37.0,-0.71,96.0,1,2,3,0.593,83.8,0,0
6.22,0,0,57.4,30.8,50.6,-1.35,67.8,1,6,0,0.256,83.8,0,0
7.36,0,0,65.2,47.4,38.3,0.02,99.8,1,3,3,0.8,100.0,0,0
7.26,0,0,53.3,31.7,76.0,0.73,94.4,1,2,1,0.712,60.0,0,0
10.0,0,0,67.6,99.6,70.6,1.74,95.3,2,3,1,0.527,58.8,1,1
8.08,0,0,63.4,59.1,68.3,1.24,97.8,2,2,2,0.826,83.3,1,1
6.08,0,0,43.0,48.5,34.6,-0.84,95.6,2,2,1,0.883,62.2,0,0
6.98,0,0,67.4,71.7,30.4,-0.45,100.0,1,2,1,0.606,92.2,0,0
8.72,1,1,75.9,74.0,85.9,1.39,71.0,1,0,1,0.849,81.9,0,0
9.9,0,0,100.0,82.3,72.7,1.7,73.2,3,3,2,0.93,81.2,1,1
5.86,0,1,57.9,42.1,4.7,-2.32,98.1,3,0,1,0.736,75.2,0,0
5.53,0,0,34.8,36.7,0.0,-2.27,74.5,3,6,1,0.449,70.2,0,0
9.66,0,0,60.0,98.7,65.1,1.7,100.0,3,3,2,0.294,82.3,1,1
8.03,0,0,81.9,67.7,86.1,1.11,98.5,2,0,2,0.707,83.7,1,1
6.64,0,0,67.8,40.5,67.4,0.1,96.8,3,0,1,0.719,79.7,1,0
8.19,0,1,50.5,79.7,50.3,-0.21,98.7,5,0,1,0.865,70.6,1,0
5.0,1,4,53.1,47.2,18.3,-0.88,44.5,3,3,0,0.802,48.2,0,0
7.6,0,0,65.6,39.9,47.9,-0.57,95.8,1,0,0,0.909,66.7,0,0
7.96,0,0,66.5,84.0,36.5,-0.13,98.1,3,2,4,0.894,68.9,1,1
8.62,0,0,90.5,74.9,51.3,0.08,100.0,3,0,0,0.682,80.9,1,1
6.48,0,0,66.0,50.3,60.5,0.19,98.4,3,6,1,0.805,96.4,1,1
7.69,0,0,69.8,73.7,66.4,0.44,96.2,3,2,2,0.573,53.4,1,1
6.58,0,0,56.5,39.5,48.9,0.51,97.9,3,3,2,0.963,65.5,1,0
7.88,0,3,71.2,75.0,35.5,-0.88,27.9,1,0,2,0.65,63.5,0,0
6.62,0,0,46.4,42.5,46.2,-0.47,99.4,3,0,2,0.783,60.1,0,0
7.15,0,2,55.8,33.0,9.3,-1.69,93.5,4,0,4,0.786,79.2,0,0
6.5,1,1,39.2,32.6,58.2,-0.42,98.8,3,3,0,0.898,81.3,0,0
8.32,0,1,64.2,74.4,69.4,1.28,98.4,1,6,1,0.708,71.2,1,1
8.54,0,0,66.0,55.8,43.3,-0.41,100.0,4,0,3,0.672,82.0,0,0
7.34,0,0,50.8,78.3,82.2,2.31,81.1,5,2,1,0.459,100.0,1,1
7.64,0,0,63.1,75.7,24.4,-0.73,95.9,4,0,3,0.652,80.5,1,0
6.01,0,0,41.2,59.7,46.6,-0.84,92.9,2,2,0,0.869,45.4,1,0
7.27,0,0,63.7,56.7,62.2,0.04,94.9,3,2,1,0.861,78.6,1,1
7.54,1,4,41.0,61.6,33.2,-0.15,66.0,3,2,3,0.707,79.0,0,0
10.0,0,1,83.6,68.3,84.3,1.5,97.6,3,2,1,0.651,60.7,1,1
6.38,1,1,50.3,59.1,12.1,-0.76,96.7,3,6,3,0.747,75.6,0,0
9.21,0,2,73.4,81.6,24.3,0.05,73.5,2,0,0,0.723,80.9,0,0
8.7,0,0,69.9,78.6,50.1,0.39,100.0,4,3,0,0.873,73.2,1,1
7.91,0,0,45.1,85.6,48.8,0.56,73.3,4,2,1,0.933,90.0,1,1
9.53,0,0,84.6,71.4,91.0,1.69,66.3,2,0,0,0.378,76.8,1,1
8.01,0,0,72.9,61.3,62.3,1.42,92.0,1,0,0,0.727,72.1,0,0
8.03,0,1,71.2,67.9,63.0,1.11,98.4,3,3,1,0.765,52.2,1,1
7.54,0,0,72.9,44.9,37.2,0.22,98.0,2,2,1,0.756,51.9,0,0
8.95,0,0,76.9,70.8,62.8,1.23,44.9,3,3,1,0.965,56.4,1,1
8.81,0,0,78.8,78.8,53.9,0.75,98.1,2,0,3,0.7,81.7,1,1
6.91,0,0,56.0,46.5,25.9,-1.29,96.3,2,0,3,0.94,66.2,0,0
6.15,0,0,54.7,61.0,28.1,-0.41,96.5,4,6,2,0.591,57.4,1,0
7.38,2,1,39.8,35.0,54.9,-0.2,100.0,3,6,2,0.551,70.4,0,0
6.72,0,0,41.5,64.6,35.3,-0.2,97.2,1,3,0,0.584,70.9,0,0
7.53,0,0,79.3,67.1,49.5,0.28,98.8,3,3,2,0.816,61.1,1,1
8.96,0,0,45.1,65.6,85.0,0.69,90.9,4,3,0,0.366,76.0,1,1
7.1,0,0,54.3,40.1,41.2,-0.01,94.5,2,2,1,0.685,94.9,0,0
7.55,0,0,74.6,29.0,31.6,-1.1,98.6,5,2,1,0.685,58.0,1,0
7.66,1,4,60.5,48.2,67.1,-0.04,92.2,2,6,2,0.806,77.9,0,0
8.53,0,0,65.5,83.5,72.2,1.68,98.6,5,3,2,0.882,55.2,1,1
5.13,0,0,37.8,30.6,32.5,-1.36,94.8,2,3,1,0.965,91.4,0,0
6.93,0,0,50.1,67.5,59.5,0.93,93.9,3,0,0,0.576,55.9,1,0
7.83,0,0,63.7,52.5,67.2,0.98,94.8,3,12,0,0.848,46.1,1,1
8.92,0,0,66.0,83.0,72.6,1.89,100.0,6,2,3,0.605,77.0,1,1
7.06,0,0,68.9,42.6,92.8,1.2,98.0,2,6,1,0.832,58.6,1,1
5.54,0,0,57.4,22.4,8.3,-2.17,27.9,2,3,0,0.868,100.0,0,0
8.28,0,2,66.2,64.6,53.8,0.2,99.3,4,0,0,0.831,54.8,0,0
6.9,0,0,37.4,41.6,65.2,0.03,99.5,1,2,1,0.715,50.4,0,0
6.29,0,0,41.6,22.6,43.1,-0.85,95.9,4,6,0,0.827,74.6,0,0
6.91,0,0,51.9,48.5,61.6,0.27,99.9,1,0,1,0.232,40.6,0,0
7.4,0,0,65.0,57.9,56.8,0.07,100.0,3,6,1,0.542,50.7,1,1
6.93,0,2,42.3,69.0,73.0,0.73,99.6,3,2,0,0.734,57.8,0,0
5.17,0,2,27.5,45.0,9.0,-1.52,95.0,2,0,0,0.91,57.0,0,0
8.59,0,0,77.0,86.5,92.2,2.05,93.5,4,0,0,0.829,62.4,1,2
9.0,1,2,86.3,84.1,94.1,1.77,91.9,3,0,1,0.665,62.5,0,0
8.32,1,1,60.7,71.1,43.0,0.57,95.0,2,0,0,0.758,59.1,0,0
6.35,1,3,32.5,27.6,52.5,0.3,95.9,2,6,3,0.296,84.2,0,0
7.38,0,0,98.2,58.3,52.8,0.66,96.1,1,3,2,0.653,70.3,0,0
7.59,0,0,70.3,66.9,45.2,-0.07,96.9,3,0,1,0.792,72.2,0,0
8.26,0,0,64.4,86.2,30.1,0.12,100.0,2,0,1,0.617,71.3,0,0
8.34,0,1,78.8,76.3,46.8,1.09,96.0,2,0,0,0.615,70.7,1,0
6.79,0,0,51.4,67.1,59.3,0.22,96.9,5,6,4,0.789,73.5,1,1
7.69,0,0,72.3,45.1,71.9,0.94,91.5,2,2,4,0.759,79.2,1,1
8.1,0,0,67.9,59.6,58.4,-0.09,100.0,4,0,1,0.636,87.4,1,1
9.2,0,0,78.1,82.2,90.1,2.73,93.1,6,3,2,0.942,86.0,1,2
8.37,0,0,67.4,83.4,82.5,1.65,94.9,4,12,0,0.64,100.0,1,2
8.47,1,2,52.3,66.1,69.4,1.9,41.4,1,3,2,0.928,60.7,1,0
7.69,0,0,85.2,58.5,44.3,0.69,53.0,4,2,1,0.872,62.4,1,1
9.15,0,2,65.2,85.3,82.8,1.83,100.0,2,3,1,0.723,82.9,1,1
8.05,0,0,49.2,47.8,70.4,0.34,99.2,2,3,1,0.781,59.4,1,0
6.65,0,0,49.0,70.7,57.0,0.77,96.8,6,0,1,0.874,72.4,0,0
9.14,0,0,64.9,63.3,90.3,1.57,100.0,2,6,0,0.906,100.0,1,2
8.37,0,0,68.1,40.2,40.9,-0.68,100.0,3,6,1,0.884,96.9,1,1
7.11,0,0,64.4,53.4,41.2,-0.88,95.0,2,2,0,0.684,59.4,0,0
7.07,0,0,67.7,76.6,15.7,-0.76,99.9,2,2,1,0.664,53.6,0,0
7.93,0,0,74.0,70.4,73.6,0.79,96.3,3,0,0,0.777,43.3,1,1
8.11,0,1,62.4,74.7,58.5,1.05,96.7,5,3,3,0.706,72.4,1,1
7.82,0,0,63.8,61.6,66.6,1.21,38.4,2,2,1,0.773,66.1,0,0
7.94,0,0,69.3,60.2,33.7,-0.02,95.9,2,2,3,0.724,70.7,1,0
9.47,0,0,58.6,57.5,100.0,1.97,68.3,1,0,1,0.947,67.8,1,1
8.78,0,0,79.6,39.9,48.8,-0.6,100.0,2,0,0,0.646,67.0,1,0
7.81,0,0,45.6,63.7,72.7,1.14,92.4,2,12,1,0.983,65.6,1,1
8.64,0,0,95.8,88.4,70.7,1.86,73.7,1,2,1,0.53,72.8,1,1
6.46,0,0,44.8,50.9,39.2,-0.58,68.4,3,3,2,0.515,88.6,0,0
8.04,0,0,63.2,72.1,56.6,0.76,96.8,1,3,1,0.858,38.3,1,0
9.59,0,0,71.7,100.0,68.6,1.67,100.0,3,12,1,0.966,67.1,1,1
7.36,0,1,51.0,60.6,76.6,1.79,98.1,2,12,0,0.559,57.1,1,1
6.67,0,0,79.0,46.6,45.2,0.11,93.0,5,2,3,0.584,79.2,1,0
6.88,0,0,65.1,39.3,24.7,-0.84,97.2,2,6,2,0.865,66.0,1,0
6.4,2,1,30.4,73.7,34.9,-0.66,98.6,1,0,2,0.648,88.1,0,0
6.74,0,0,70.4,56.5,48.2,0.15,97.7,4,2,0,0.697,86.0,1,0
7.19,0,0,71.2,40.9,67.5,0.32,95.6,2,3,2,0.82,59.9,1,0
6.05,0,0,42.2,25.2,26.8,-1.39,96.2,4,6,2,0.434,75.9,0,0
7.62,0,0,64.9,76.3,46.7,-0.15,53.8,2,2,1,0.676,87.9,1,0
8.59,0,0,70.7,55.0,68.5,0.29,93.0,3,2,0,0.729,67.4,0,0
6.6,0,0,74.7,73.6,59.9,0.83,92.6,2,3,2,0.879,71.6,1,1
9.27,1,3,68.2,38.4,51.6,0.24,84.8,3,2,2,0.882,62.9,0,0
8.16,0,1,68.4,84.7,72.0,1.27,94.4,2,3,1,0.579,68.7,1,1
8.73,0,0,67.2,77.9,61.5,0.84,98.7,3,3,0,0.627,76.3,0,0
6.88,0,0,36.6,52.3,41.7,0.49,95.2,3,3,1,0.514,80.2,0,0
8.54,0,0,96.7,66.5,100.0,1.91,93.1,2,0,2,0.657,82.5,1,1
6.4,0,0,34.8,71.9,38.3,0.04,95.8,3,2,2,0.513,70.9,0,0
8.58,0,0,73.4,79.3,81.5,1.66,100.0,3,0,1,0.722,60.4,1,1
7.79,0,0,42.0,48.0,71.4,0.13,96.7,3,3,2,0.746,66.6,1,1
8.21,0,0,62.3,41.2,42.3,-0.22,98.9,3,0,2,0.759,88.7,1,0
6.31,0,0,53.1,46.9,7.5,-1.75,97.5,1,6,1,0.773,91.9,0,0
6.62,1,3,41.3,47.8,59.2,0.24,92.8,4,2,0,0.814,70.0,0,0
8.26,0,0,74.6,44.5,44.6,-0.12,100.0,5,0,0,0.843,75.8,1,1
6.56,2,3,47.3,46.3,13.7,-0.51,96.3,3,3,1,0.544,73.3,0,0
8.11,0,2,80.0,56.2,80.8,0.64,93.1,3,0,3,0.532,72.8,1,1
6.1,0,0,62.3,42.2,19.8,-0.83,95.5,3,0,0,0.281,40.0,0,0
8.53,0,1,63.3,79.0,53.5,1.11,96.4,3,2,3,0.774,55.1,1,1
6.24,0,0,48.4,64.6,75.5,0.92,99.2,6,0,0,0.518,82.0,1,1
8.21,0,0,69.3,78.0,33.6,0.32,95.0,1,0,1,0.888,74.6,1,0
8.29,0,0,75.3,56.1,41.8,0.52,100.0,1,2,0,0.942,86.2,0,0
6.83,0,0,53.5,55.3,38.7,-0.56,65.2,5,0,0,0.765,70.1,0,0
8.24,0,0,69.7,66.5,59.6,0.78,98.8,2,3,0,0.644,55.0,0,0
7.89,0,0,60.9,43.1,43.6,-0.21,91.1,3,0,1,0.962,70.1,0,0
7.01,0,0,56.5,57.7,28.2,-0.34,96.6,4,2,1,0.928,86.0,1,0
6.49,0,0,65.5,72.4,70.1,1.47,98.1,3,2,0,0.399,75.8,1,0
5.44,0,0,47.2,35.3,35.0,-0.76,93.6,3,6,3,0.66,48.9,0,0
7.98,0,0,73.3,40.5,71.3,0.71,100.0,3,0,1,0.735,58.4,1,1
5.88,0,0,52.5,40.1,33.1,-1.15,98.3,3,6,3,0.962,62.8,1,0
7.7,0,0,60.2,42.8,62.7,0.33,96.0,3,0,0,0.905,51.5,0,0
7.31,0,0,61.9,67.5,69.5,0.85,98.3,4,3,0,0.607,65.9,1,1
8.35,0,0,55.4,74.2,47.2,-0.05,95.2,1,0,2,0.501,84.5,1,0
7.27,2,1,72.9,52.6,57.0,0.09,78.2,2,12,1,0.909,57.7,0,0
7.24,0,0,24.0,50.0,64.4,0.59,100.0,2,3,3,0.847,83.5,1,1
8.41,0,0,68.0,64.5,93.7,1.95,98.1,3,0,0,0.829,78.8,1,1
7.97,0,0,78.4,62.8,95.7,1.3,72.7,2,0,0,0.8,65.0,1,1
7.95,1,2,48.1,51.6,61.6,0.05,92.6,2,2,3,0.601,76.7,0,0
8.12,0,0,71.0,44.8,82.9,1.27,100.0,1,2,2,0.672,65.6,1,1
5.91,0,0,35.9,56.0,0.0,-1.33,96.7,4,2,2,0.319,80.1,0,0
8.43,0,0,64.9,62.4,94.1,2.1,100.0,2,2,1,0.612,100.0,1,2
8.27,0,0,79.1,68.3,51.2,1.0,99.2,2,3,0,0.885,100.0,1,0
6.48,0,0,52.2,50.3,38.4,-0.16,100.0,3,0,1,0.952,40.8,0,0
7.33,0,0,33.9,60.2,60.9,0.42,93.9,1,0,4,0.685,67.0,0,0
7.56,0,4,48.9,41.7,52.9,-0.04,94.2,2,0,3,0.85,64.7,0,0
7.45,0,0,71.2,33.5,58.0,0.56,100.0,4,0,0,0.427,80.9,0,0
7.97,0,0,70.1,54.4,89.2,2.51,92.4,3,2,0,0.778,85.9,1,1
9.17,0,1,97.7,81.5,68.2,1.49,93.7,4,3,1,0.358,82.2,1,1
8.79,0,0,93.1,61.5,50.9,0.5,97.1,3,3,2,0.563,77.9,1,1
6.16,0,1,42.5,37.8,71.5,0.74,97.1,2,0,2,0.846,58.2,0,0
8.28,0,0,97.9,95.9,73.9,1.83,95.4,4,2,0,0.842,90.7,1,1
9.06,0,1,75.9,48.8,100.0,2.11,98.8,2,0,1,0.921,65.0,1,1
8.03,0,0,53.7,52.7,76.9,1.36,99.7,3,6,1,0.657,51.6,1,1
8.8,2,1,65.4,98.4,46.8,1.11,96.9,4,2,1,0.916,47.7,0,0
9.81,0,1,56.1,82.3,94.4,2.07,96.2,2,3,1,0.9,68.1,1,2
8.73,0,0,91.5,61.1,52.0,-0.29,96.9,2,2,1,0.803,86.5,1,1
7.87,0,0,82.9,78.0,59.6,1.24,95.5,3,0,1,0.792,57.7,1,1
8.75,0,0,60.3,72.0,68.6,1.2,91.9,2,0,2,0.61,81.1,1,1
7.76,1,3,59.9,55.5,29.0,-0.87,97.9,4,3,0,0.782,62.0,0,0
7.63,0,0,62.4,61.6,41.9,-0.47,99.3,2,6,4,0.56,63.9,1,1
7.21,0,0,45.6,45.1,91.3,1.53,37.9,2,0,0,0.88,50.9,0,0
9.32,0,0,57.1,63.3,81.1,0.69,90.2,4,2,1,0.825,83.3,1,1
6.7,0,0,49.5,47.1,42.2,-0.2,95.3,2,2,1,0.796,64.1,0,0
9.29,0,0,74.0,63.0,100.0,2.29,99.7,4,2,0,0.707,75.9,1,2
8.15,0,3,61.8,64.8,55.7,0.74,92.7,2,2,1,0.691,71.1,0,0
6.06,0,0,48.3,46.6,36.1,-0.7,99.1,5,0,3,0.421,68.9,0,0
8.0,0,1,82.2,75.0,78.9,1.02,95.7,2,3,3,0.896,72.6,1,1
5.29,0,0,34.3,49.0,21.3,-0.75,96.9,2,0,1,0.714,80.0,0,0
8.29,0,0,69.9,60.5,51.0,0.75,94.9,3,3,1,0.535,85.3,0,0
8.57,0,0,79.5,76.3,27.3,-0.4,93.6,2,0,2,0.918,59.9,0,0
6.95,0,0,61.1,58.3,31.5,-0.23,100.0,2,0,1,0.845,59.2,0,0
7.74,0,3,55.0,64.7,40.8,0.65,99.4,2,0,1,0.717,100.0,0,0
9.75,1,2,83.7,75.5,84.8,1.86,98.9,3,3,1,0.667,70.6,1,0
7.04,0,0,62.0,38.1,38.5,-0.81,99.7,4,0,1,0.813,79.2,0,0
6.44,0,0,35.8,52.8,81.1,1.51,98.5,4,0,0,0.438,59.8,1,0
9.23,0,0,92.5,52.6,56.7,-0.01,99.8,4,0,1,0.588,56.9,1,1
9.76,0,2,99.8,78.6,100.0,1.78,95.0,1,0,0,0.798,61.9,1,1
7.6,1,2,52.4,22.9,60.2,0.06,100.0,2,2,1,0.937,66.5,0,0
8.71,0,1,74.5,52.1,84.1,1.02,100.0,2,3,1,0.952,74.3,1,1
9.08,0,0,83.5,62.6,87.3,1.4,98.1,1,12,1,0.853,100.0,1,2
6.78,0,0,46.3,65.0,6.5,-1.37,96.1,3,6,3,0.817,78.8,1,0
7.07,0,0,61.4,62.4,49.6,0.07,93.3,4,0,2,0.574,58.8,1,0
8.95,0,0,76.5,65.7,67.7,1.5,97.7,4,0,4,0.55,67.9,1,1
9.45,0,0,61.9,89.2,58.0,1.8,82.2,4,2,1,0.722,60.4,1,1
8.22,0,0,72.7,77.8,71.9,2.07,93.5,3,6,2,0.894,45.5,1,1
6.63,0,0,38.1,45.7,75.5,1.19,100.0,6,0,2,0.61,71.4,1,1
9.79,0,2,94.1,63.3,34.3,-0.04,95.6,3,2,2,0.538,54.6,0,0
7.02,0,1,47.1,49.3,39.6,-0.94,95.8,4,3,2,0.776,82.0,0,0
7.23,0,0,55.4,53.2,29.4,-0.69,93.5,1,0,1,0.663,68.0,0,0
7.98,0,0,81.2,45.5,62.0,1.16,94.7,1,2,1,0.396,74.6,1,0
9.31,0,0,84.1,82.5,70.9,1.24,98.9,3,0,0,0.809,65.3,1,1
8.54,0,1,57.4,72.9,56.6,1.33,99.3,1,2,2,0.708,82.4,1,0
8.06,1,1,53.4,69.9,74.1,1.27,97.7,1,0,1,0.778,93.1,0,0
8.11,0,1,58.9,68.1,91.8,0.72,90.5,2,0,2,0.58,57.7,0,0
7.65,1,1,66.2,69.3,100.0,2.35,93.7,4,0,3,0.53,72.8,1,0
8.21,0,0,71.4,62.8,50.3,0.8,97.2,5,3,0,0.914,89.2,1,1
5.0,0,0,24.9,32.8,0.0,-2.07,95.9,2,6,2,0.8,99.9,0,0
7.27,0,0,43.7,49.4,62.4,0.89,97.6,6,6,4,0.61,83.5,1,1
7.87,0,0,67.0,53.3,88.4,0.69,100.0,4,0,3,0.945,73.8,1,1
6.33,0,1,46.2,63.4,55.7,-0.07,96.1,2,0,2,0.771,78.4,0,0
8.02,0,0,91.1,34.7,90.2,1.08,88.9,3,0,0,0.758,60.6,1,1
7.38,0,0,59.2,68.4,49.4,0.58,98.1,6,3,1,0.884,56.6,1,1
9.53,0,0,100.0,71.2,68.4,1.63,89.3,4,0,0,0.552,70.2,1,1
9.33,0,3,64.3,67.1,79.0,1.6,96.0,2,0,3,0.605,72.7,1,0
7.09,0,0,37.0,56.6,44.1,-0.53,98.6,2,0,2,0.81,68.8,0,0
7.43,0,0,45.9,35.9,66.1,0.31,100.0,4,2,1,0.569,74.9,1,0
7.52,0,0,74.5,46.3,72.7,0.91,98.7,3,0,4,0.755,70.8,1,1
7.1,0,0,77.1,41.2,69.1,-0.31,100.0,2,6,0,0.676,90.2,1,1
7.81,0,0,53.8,57.9,68.0,0.76,38.9,2,3,2,0.885,81.1,0,0
6.77,0,1,47.1,38.2,50.6,-0.38,94.8,3,0,2,0.855,49.1,1,0
6.36,0,0,34.5,67.3,55.6,0.31,96.5,2,0,1,0.352,65.5,0,0
8.28,0,2,46.1,91.3,29.1,0.42,96.8,3,0,1,0.74,69.4,0,0
8.29,0,0,76.5,37.9,68.3,-0.12,100.0,3,0,0,0.668,93.9,1,0
6.72,0,0,54.8,56.5,46.5,0.2,94.8,2,0,2,0.629,65.3,0,0
8.58,1,3,71.0,81.5,71.9,1.65,96.7,2,3,1,0.709,82.9,0,0
6.91,0,0,37.3,58.6,46.3,0.5,100.0,5,3,0,0.706,50.8,1,0
7.88,0,0,83.5,52.4,67.3,0.18,97.6,3,0,4,0.711,66.0,1,1
8.5,1,1,64.0,65.1,56.7,-0.04,97.0,4,2,1,0.889,82.2,1,0
7.56,0,0,67.0,47.7,76.1,0.93,97.7,3,6,2,0.55,82.9,1,1
8.1,0,1,48.5,58.2,70.7,0.76,14.4,2,2,0,0.696,93.7,0,0
7.03,0,0,53.0,35.4,52.1,0.91,93.6,3,6,0,0.712,80.7,1,1
7.38,0,0,62.3,54.6,41.1,-0.01,92.2,4,0,3,0.887,84.2,0,0
7.37,0,0,62.7,35.1,68.2,0.3,97.6,1,2,1,0.703,67.5,1,0
6.78,0,1,54.6,46.8,50.1,-0.14,99.8,1,2,1,0.638,75.2,0,0
7.41,0,0,65.0,39.0,40.3,-1.06,17.5,3,6,1,0.546,80.2,0,0
5.9,1,1,30.4,42.8,34.7,-0.44,26.5,2,0,0,0.661,86.7,0,0
7.06,1,3,58.0,43.1,61.0,0.18,75.0,6,12,3,0.896,66.5,1,0
7.29,0,0,59.2,59.2,62.4,0.59,97.4,1,2,0,0.623,72.7,0,0
7.32,0,0,61.0,70.6,61.6,0.88,96.8,2,0,0,0.903,76.5,1,0
7.33,0,0,59.2,77.9,54.7,0.87,100.0,4,0,3,0.646,85.0,0,0
7.53,0,0,45.0,22.5,73.8,-0.51,94.9,3,0,1,0.808,77.9,1,0
8.13,0,0,50.5,52.7,84.8,1.56,93.5,3,0,3,0.583,57.4,1,1
8.56,0,0,44.0,64.9,81.0,1.03,96.0,3,3,2,0.835,80.3,1,1
6.89,1,4,63.7,57.2,37.0,-0.33,95.6,1,2,1,0.758,98.4,0,0
6.28,0,3,57.7,20.9,21.3,-1.09,97.1,5,3,1,0.54,53.9,0,0
6.45,0,2,59.7,32.2,32.7,-0.26,94.4,2,3,2,0.69,99.5,0,0
7.06,2,2,59.3,54.5,84.9,0.58,98.1,1,6,1,0.822,66.5,0,0
7.21,0,0,31.5,55.5,56.6,0.36,95.3,2,0,1,0.885,61.2,0,0
6.75,0,0,40.2,54.6,84.3,1.35,100.0,3,0,3,0.265,65.1,1,0
6.17,1,2,48.8,49.1,36.9,-1.06,57.6,2,2,2,0.898,71.0,0,0
7.1,0,0,57.6,57.8,45.5,0.35,96.6,1,0,3,0.453,71.7,0,0
7.8,0,3,60.3,63.5,57.3,0.59,96.0,1,0,1,0.484,73.5,0,0
8.25,0,0,72.0,66.6,62.4,0.86,97.7,2,3,0,0.911,47.3,1,0
6.99,0,0,55.0,61.2,34.9,-0.62,99.8,1,3,3,0.739,79.8,1,0
7.15,1,1,57.9,22.3,30.1,-1.12,97.8,2,3,2,0.497,93.3,0,0
6.58,1,3,43.1,69.0,53.0,0.86,96.6,2,6,2,0.98,49.6,0,0
7.57,0,0,72.4,27.4,74.8,0.37,65.7,2,2,1,0.448,75.0,0,0
6.67,0,1,46.5,33.2,89.0,0.72,99.5,2,12,1,0.597,56.4,1,1
8.23,0,0,51.3,62.4,56.0,0.3,97.8,3,0,1,0.705,55.6,1,0
5.64,0,0,32.1,46.4,26.3,-0.78,98.2,2,6,2,0.758,84.8,0,0
7.2,0,1,52.9,12.3,37.6,-1.23,98.9,3,0,2,0.774,99.8,0,0
7.93,0,0,76.2,61.8,80.4,1.64,92.1,4,6,3,0.959,71.6,1,2
7.8,0,0,62.5,71.9,73.3,1.07,95.9,6,0,0,0.764,83.4,1,1
10.0,0,0,82.8,98.9,69.2,1.24,98.1,3,3,1,0.786,37.7,1,1
7.98,0,0,49.9,53.1,44.6,0.03,96.1,2,2,2,0.873,57.7,1,1
6.5,0,0,59.4,42.2,60.1,-0.03,96.1,3,0,2,0.592,53.5,0,0
7.49,0,0,52.1,48.8,61.8,0.68,75.0,3,0,0,0.546,88.0,1,0
5.65,0,0,40.3,31.6,46.4,-0.53,98.2,2,3,0,0.35,89.2,0,0
7.51,0,3,77.9,43.2,39.2,-0.25,98.4,3,0,1,0.583,86.2,0,0
6.68,0,0,57.9,36.1,11.4,-2.0,94.6,6,2,0,0.71,78.2,0,0
8.61,0,1,51.5,75.8,52.5,0.71,83.0,3,0,2,0.767,53.2,1,0
7.0,0,0,33.7,53.8,61.3,0.18,99.4,2,2,2,0.736,58.2,0,0
7.47,0,0,58.9,64.1,92.7,1.25,94.8,5,0,3,0.915,100.0,1,2
6.9,0,0,39.5,53.9,40.1,-0.59,67.7,2,2,1,0.798,53.6,0,0
9.51,0,0,87.9,89.5,100.0,2.33,94.3,2,6,2,0.816,54.4,1,2
7.25,0,0,58.0,67.0,66.9,1.44,100.0,3,6,4,0.94,69.9,1,1
9.62,0,0,83.1,56.4,55.3,0.09,97.6,3,0,4,0.8,88.2,1,1
8.5,0,0,61.5,56.5,70.8,0.33,98.0,2,0,0,0.839,94.6,0,0
8.13,0,0,87.2,61.2,78.1,1.24,99.1,3,0,0,0.79,78.3,1,1
8.01,0,0,99.2,62.7,17.4,-0.79,96.9,2,3,4,0.803,76.1,1,0
8.03,0,0,62.0,54.0,73.0,0.66,100.0,3,0,1,0.3,71.6,1,0
5.48,0,0,44.0,48.0,51.9,-0.05,93.4,1,0,2,0.592,67.4,0,0
7.29,1,3,59.1,82.9,59.7,1.45,93.7,4,0,3,0.59,77.8,0,0
8.53,0,0,67.2,71.4,66.2,1.29,93.6,2,3,1,0.851,67.9,1,1
7.55,0,0,50.5,59.2,52.4,0.52,61.1,2,12,1,0.783,100.0,1,1
6.05,0,0,32.5,53.5,33.5,-0.95,98.5,2,3,0,0.815,52.6,0,0
7.54,0,2,46.8,31.8,34.3,0.23,95.6,6,3,3,0.396,53.8,1,0
9.47,0,0,84.6,79.6,66.3,1.62,96.3,3,2,2,0.554,69.8,1,1
8.97,1,1,68.5,87.4,65.2,1.54,100.0,4,2,0,0.538,54.7,1,0
7.53,0,0,29.4,48.8,57.4,-0.24,45.9,3,3,1,0.789,90.2,1,0
8.65,2,3,76.8,52.9,58.7,0.74,97.9,6,0,1,0.748,77.8,0,0
7.2,0,1,56.5,51.6,35.7,-0.64,94.9,2,0,0,0.862,85.5,0,0
5.73,0,2,58.4,37.1,47.4,-0.45,36.8,3,3,0,0.434,61.6,0,0
6.58,0,0,55.3,34.7,50.7,-0.99,98.9,4,0,1,0.703,49.1,0,0
9.32,0,0,60.4,100.0,67.1,1.19,92.8,3,2,1,0.604,77.1,1,1
7.3,0,0,31.2,48.6,61.7,0.53,96.2,4,3,2,0.962,78.6,1,1
7.33,0,0,49.7,39.5,44.8,-0.0,90.8,3,2,0,0.926,90.5,1,0
7.27,1,2,50.2,53.7,53.4,0.47,99.7,4,3,3,0.405,72.7,0,0
9.69,0,0,93.3,94.4,98.9,2.88,100.0,2,2,1,0.752,78.1,1,2
9.39,0,0,78.8,78.5,66.8,1.17,90.5,2,0,0,0.779,86.7,1,1
10.0,0,0,98.6,91.8,63.9,1.23,80.2,2,0,1,0.885,70.2,1,1
7.43,0,0,43.4,44.5,51.5,0.04,97.5,4,0,3,0.885,70.1,1,0
7.93,0,0,75.8,83.0,35.6,0.58,96.9,2,0,1,0.47,55.0,1,0
5.93,1,1,53.0,48.1,31.2,-0.67,95.8,3,0,3,0.708,76.0,0,0
9.22,0,0,53.0,91.1,70.6,2.09,91.8,2,0,0,0.921,58.7,1,1
6.32,0,0,64.0,49.6,0.0,-1.76,98.0,4,0,3,0.89,87.1,0,0
7.84,0,0,64.5,72.8,68.6,0.73,88.0,2,0,1,0.533,78.7,1,0
6.39,0,0,53.6,33.1,38.4,-0.77,100.0,3,2,3,0.673,54.1,0,0
6.95,0,0,44.1,44.6,69.7,0.58,100.0,3,3,3,0.803,62.1,1,0
6.68,0,0,67.1,67.3,49.0,0.32,93.1,2,0,2,0.651,73.7,0,0
6.93,1,1,40.1,73.1,61.4,1.41,97.0,3,3,2,0.617,53.9,0,0
7.01,0,1,65.1,36.0,70.5,0.69,48.3,1,0,0,0.607,80.1,0,0
7.0,0,1,64.8,55.5,46.6,-0.56,74.4,4,12,2,0.942,67.0,1,1
8.52,0,0,58.5,62.7,67.2,1.47,99.3,2,0,1,0.616,63.5,1,1
6.38,0,3,72.6,35.5,13.3,-2.64,99.1,4,3,1,0.676,100.0,0,0
7.84,2,1,66.2,65.3,81.4,2.25,100.0,2,0,1,0.903,65.5,0,0
8.94,0,2,82.2,89.3,69.7,1.41,99.4,2,6,3,0.683,91.8,1,1
7.04,0,0,37.0,58.7,31.3,-0.5,80.5,2,3,0,0.688,90.5,0,0
6.81,2,3,78.5,45.4,60.0,0.21,95.1,4,0,1,0.871,91.3,0,0
7.35,0,1,43.8,63.0,13.9,-0.76,93.1,3,2,1,0.459,60.2,0,0
8.9,2,1,86.3,67.8,64.0,0.86,97.7,2,0,4,0.4,67.8,0,0
7.81,0,0,51.2,66.7,75.1,1.16,95.8,5,0,4,0.607,86.4,1,1
7.02,1,1,47.7,71.7,41.3,0.72,96.1,2,0,1,0.683,69.4,0,0
8.13,0,3,75.8,35.4,49.7,-0.11,100.0,2,2,1,0.909,64.6,0,0
6.39,0,0,61.2,56.4,34.2,-0.77,100.0,1,0,3,0.739,89.0,0,0
8.35,0,0,53.2,45.3,29.0,-0.51,93.3,1,2,0,0.808,69.5,0,0
8.05,1,3,78.6,80.7,74.5,1.71,96.4,2,3,1,0.879,87.0,0,0
7.26,0,0,70.2,46.0,49.9,-0.31,95.7,1,0,0,0.389,77.0,0,0
6.68,0,0,40.5,31.4,40.2,-0.42,97.9,3,0,4,0.615,67.9,0,0
6.62,0,0,70.4,57.6,39.7,-0.24,87.3,4,2,1,0.915,32.4,1,0
8.19,0,3,49.4,70.2,63.5,0.81,50.6,3,0,1,0.934,68.2,0,0
8.95,0,0,67.0,59.5,84.2,1.25,96.6,3,0,1,0.939,82.6,1,1
6.9,0,0,59.7,33.3,46.9,-1.45,50.1,2,2,3,0.593,61.3,0,0
8.1,0,0,55.8,61.5,37.7,-0.36,97.2,2,0,4,0.699,52.1,1,0
5.3,0,1,41.2,16.5,39.0,-0.83,99.0,2,0,0,0.423,75.4,0,0
6.96,0,0,57.5,36.7,57.5,-0.06,97.6,3,3,2,0.94,62.3,1,1
7.57,0,2,58.4,59.8,59.5,0.02,100.0,3,6,1,0.827,52.1,0,0
6.6,0,3,61.0,34.1,63.5,0.48,100.0,2,3,0,0.782,91.4,0,0
6.57,0,0,48.0,53.2,44.4,-0.23,78.9,2,0,1,0.826,74.2,0,0
6.87,0,0,56.4,71.4,67.4,0.57,99.7,3,0,4,0.465,81.4,1,0
7.92,0,0,78.0,60.1,85.4,2.29,98.5,4,3,1,0.719,60.5,1,2
7.39,0,0,68.4,58.2,64.2,0.23,100.0,2,12,1,0.632,69.3,1,1
5.14,0,0,45.8,59.8,13.2,-0.66,94.6,2,0,2,0.581,82.6,0,0
5.27,0,2,23.9,16.3,25.9,-1.86,71.6,3,6,3,0.788,66.8,0,0
6.93,1,1,60.6,67.9,70.5,1.14,93.9,3,3,1,0.786,40.5,1,0
8.1,0,0,55.5,79.1,35.3,-0.2,94.1,4,12,1,0.776,67.1,1,1
5.0,0,0,19.6,42.0,17.9,-1.74,98.2,2,0,2,0.871,70.8,0,0
7.05,0,0,54.6,70.6,43.4,0.45,97.6,4,0,0,0.768,81.6,0,0
7.02,0,0,44.4,56.2,33.7,-0.24,98.6,2,2,1,0.862,72.4,0,0
9.13,0,0,85.8,67.2,90.2,2.18,98.6,3,3,0,0.634,65.1,1,1
7.18,1,2,66.5,69.3,57.9,0.68,96.3,2,3,1,0.667,62.4,0,0
8.02,0,2,42.4,79.1,48.5,1.48,26.9,1,6,1,0.783,87.0,0,0
7.76,0,0,52.6,75.8,69.0,1.31,94.1,3,3,2,0.492,87.6,0,0
5.26,1,2,20.0,33.4,25.2,-0.97,94.9,3,0,1,0.559,51.8,0,0
8.45,0,0,63.9,57.9,50.3,-0.36,96.8,3,2,3,0.141,79.6,1,0
7.84,1,1,68.8,63.9,46.2,-0.06,97.6,3,2,4,0.678,52.6,0,0
8.16,0,0,63.7,77.9,70.8,1.52,99.1,2,12,0,0.77,85.3,1,1
10.0,0,0,77.9,99.3,100.0,2.73,98.8,3,2,1,0.54,77.1,1,2
5.31,2,2,53.7,27.4,19.9,-1.43,100.0,1,3,1,0.746,87.1,0,0
9.5,0,0,52.3,83.9,88.8,1.72,75.3,3,0,1,0.862,79.8,1,2
7.28,1,1,72.7,36.8,80.9,0.78,96.3,3,2,1,0.775,48.7,0,0
7.92,0,0,57.6,75.9,37.3,0.2,94.3,3,0,1,0.911,75.8,1,0
7.55,0,0,59.6,47.1,62.0,-0.14,36.0,1,2,0,0.955,89.1,0,0
7.13,0,0,50.0,64.5,65.6,1.1,95.5,2,6,1,0.505,91.6,1,1
6.97,0,0,73.2,35.6,47.0,-1.1,100.0,2,0,2,0.875,53.4,1,0
7.96,0,0,49.9,77.0,82.8,1.77,100.0,2,2,1,0.574,63.6,1,1
5.93,0,0,44.5,44.7,75.8,1.45,49.2,5,12,0,0.38,88.9,1,1
8.43,0,0,75.6,56.7,72.3,1.16,97.9,5,0,0,0.179,73.4,1,1
7.14,0,0,37.1,63.2,46.5,0.45,97.1,3,0,1,0.629,83.4,0,0
6.36,0,1,37.5,36.7,58.9,-0.36,96.0,2,2,2,0.813,74.3,0,0
7.1,0,0,54.3,63.6,65.4,1.52,95.7,5,6,1,0.609,55.2,1,1
8.98,0,2,64.2,70.0,27.5,0.24,73.9,3,2,1,0.767,78.6,0,0
7.01,0,0,45.3,28.0,49.1,-0.86,100.0,1,2,4,0.839,92.3,0,0
7.99,0,0,60.7,49.2,53.8,-0.08,93.9,3,0,1,0.642,66.4,0,0
6.8,0,0,60.8,43.7,53.7,0.49,97.6,3,6,1,0.714,73.0,1,0
8.43,0,0,65.2,86.9,62.7,1.96,99.1,1,0,1,0.765,41.5,1,1
8.35,0,0,81.5,79.5,63.7,0.61,96.1,1,0,1,0.911,63.7,1,1
9.63,0,0,69.4,100.0,65.1,1.21,98.2,3,2,4,0.566,73.4,1,1
7.41,0,0,44.0,79.6,67.1,1.17,92.5,1,2,1,0.59,68.5,0,0
8.34,0,0,91.5,59.2,94.8,0.83,51.0,1,2,3,0.893,64.9,1,1
7.71,1,1,54.2,57.1,42.2,-0.09,100.0,2,3,0,0.626,56.9,0,0
9.03,0,0,59.5,68.5,48.2,0.82,96.7,5,6,0,0.906,50.2,1,1
6.81,0,0,32.2,40.5,47.1,-0.88,94.4,4,0,2,0.644,100.0,1,0
8.42,0,0,82.1,41.8,65.5,0.39,99.4,3,2,1,0.955,83.4,1,1
7.39,0,1,54.8,56.0,74.7,0.73,93.6,3,2,1,0.722,78.7,1,1
7.53,0,0,57.2,39.8,33.2,-0.13,94.0,3,0,2,0.917,64.6,1,0
7.7,0,0,60.1,59.2,47.7,-0.1,36.8,3,3,1,0.447,60.9,0,0
7.88,0,0,75.9,91.3,20.9,0.55,50.9,1,0,0,0.759,72.0,0,0
7.47,0,0,57.6,50.1,79.4,0.74,98.9,3,0,1,0.48,52.9,0,0
7.84,0,0,91.5,63.9,63.5,1.07,95.1,1,0,0,0.471,74.4,0,0
9.34,0,1,80.0,90.4,68.7,1.62,56.6,3,0,3,0.904,67.8,1,1
8.68,0,0,84.6,74.4,45.4,0.33,97.1,4,0,2,0.897,81.8,1,1
8.56,0,0,80.2,73.2,45.5,0.05,97.8,1,0,4,0.755,50.2,0,0
7.1,0,0,55.6,48.0,57.6,0.34,96.8,3,3,3,0.717,75.0,1,0
6.62,0,0,44.2,44.6,24.5,-1.15,63.6,1,0,1,0.834,69.8,0,0
8.65,0,0,75.5,56.7,70.7,0.56,96.6,6,6,3,0.483,77.8,1,1
8.56,0,0,76.8,81.0,100.0,2.95,55.9,3,0,2,0.718,60.9,1,2
9.22,0,0,70.3,52.0,69.4,0.91,72.6,5,2,1,0.991,59.8,1,1
6.94,0,0,56.4,64.9,30.9,-0.05,98.4,3,0,1,0.419,51.7,0,0
7.35,0,0,73.3,36.2,60.0,-0.13,59.9,2,0,2,0.734,41.1,0,0
5.8,0,1,67.8,52.2,12.5,-1.27,71.5,5,0,1,0.577,92.4,0,0
7.17,0,0,66.9,48.9,82.0,0.94,96.0,3,0,2,0.592,100.0,1,1
8.7,0,0,94.3,53.4,94.6,1.7,91.0,3,2,1,0.828,75.6,1,1
7.09,0,0,48.3,61.1,47.1,0.41,97.3,2,2,2,0.651,86.5,1,0
8.3,0,0,76.5,79.4,48.5,0.59,96.0,2,0,0,0.495,59.6,0,0
7.39,0,0,75.0,50.2,46.0,-0.45,97.7,3,3,2,0.643,67.2,1,0
7.96,0,0,53.8,72.6,55.2,0.98,98.5,2,0,2,0.555,71.2,1,0
6.34,0,3,42.5,12.7,48.0,-0.88,32.9,4,0,1,0.623,65.3,0,0
7.69,0,1,82.8,41.1,76.0,0.09,46.0,1,0,1,0.988,82.6,1,0
5.0,0,0,23.3,48.1,6.3,-2.35,93.1,3,2,1,0.698,77.8,0,0
7.39,0,1,42.9,53.2,71.9,0.92,95.3,4,12,0,0.84,80.6,1,1
5.81,0,1,61.4,12.8,45.8,-1.3,94.8,1,2,1,0.721,96.2,0,0
8.93,0,0,88.6,63.4,63.0,0.9,94.5,2,2,1,0.317,56.9,1,0
8.46,1,1,74.7,55.1,46.9,-0.3,100.0,1,0,2,0.672,55.8,0,0
8.11,0,0,65.6,61.9,64.5,0.8,97.4,3,3,0,0.814,69.7,1,1
9.27,0,0,72.5,71.8,57.2,0.57,100.0,2,0,0,0.872,74.1,1,1
6.56,0,0,53.9,49.6,62.1,1.1,97.0,5,3,2,0.539,86.9,1,1
9.52,0,0,99.2,78.8,59.0,1.32,73.2,3,6,2,0.826,75.0,1,1
8.63,0,0,74.1,88.9,78.4,2.35,94.6,3,3,0,0.907,59.9,1,2
7.34,0,0,84.4,61.7,51.6,0.32,100.0,5,2,0,0.745,45.2,1,1
8.85,0,3,62.7,78.7,61.1,1.34,93.6,2,2,0,0.674,67.5,1,0
6.38,0,2,48.6,61.5,39.7,-0.05,98.7,3,2,3,0.601,81.3,0,0
6.69,0,2,47.5,43.2,64.8,0.93,95.9,3,0,2,0.777,59.3,0,0
6.93,0,1,41.3,33.6,26.7,-1.17,94.2,1,3,3,0.732,78.0,0,0
7.02,0,3,53.3,69.1,41.8,-0.41,100.0,5,2,2,0.786,89.6,0,0
6.44,0,0,54.4,47.7,28.7,-1.56,95.2,3,2,4,0.803,46.8,0,0
8.95,0,0,80.7,75.4,71.6,1.95,94.5,4,0,1,0.736,90.9,1,1
7.32,0,0,84.2,46.6,40.5,-0.2,96.8,6,0,1,0.565,93.7,1,0
7.99,0,1,70.5,54.2,29.0,-0.39,95.5,3,3,2,0.647,53.2,0,0
6.97,0,0,68.5,63.6,29.7,0.22,100.0,4,0,0,0.659,91.3,0,0
5.6,0,1,41.8,50.4,61.6,-0.26,100.0,3,6,0,0.843,72.3,0,0
7.9,0,0,84.1,72.8,64.2,0.84,95.2,6,6,0,0.456,76.9,1,1
5.5,0,0,68.7,46.6,34.8,-0.68,95.6,2,3,1,0.898,43.7,0,0
7.52,1,1,66.6,65.7,50.2,0.65,85.1,1,0,1,0.799,65.1,0,0
6.09,0,0,34.0,43.9,37.2,-0.84,72.4,2,6,1,0.782,68.0,0,0
9.79,0,0,76.3,80.2,74.7,1.01,94.8,1,2,2,0.51,86.1,1,1
8.6,0,0,74.4,86.6,77.7,1.25,97.3,2,0,2,0.734,66.6,1,1
7.72,0,0,67.6,54.6,59.4,0.88,91.1,1,0,4,0.909,61.2,0,0
8.99,0,1,83.3,79.1,51.8,0.41,58.5,2,0,1,0.847,56.1,0,0
6.67,0,0,57.2,37.1,49.6,-0.52,100.0,1,0,1,0.904,71.4,0,0
8.2,0,0,67.1,55.9,19.1,-0.64,97.2,3,0,1,0.578,72.6,1,0
7.82,0,0,55.6,57.7,66.3,0.43,94.7,2,12,1,0.516,83.0,1,1
7.89,0,1,68.7,50.5,34.3,-1.19,96.9,3,3,1,0.985,58.3,0,0
9.0,0,0,97.3,85.2,71.3,0.86,96.8,1,3,1,0.858,61.2,1,1
8.41,0,0,81.3,48.6,44.4,-0.24,51.3,3,0,0,0.669,90.4,1,0
7.92,0,1,70.6,63.5,60.1,0.83,96.0,1,0,2,0.816,85.9,0,0
5.78,0,0,55.2,40.4,44.8,-0.47,93.4,1,2,1,0.842,86.0,0,0
6.54,1,2,46.0,21.6,70.6,0.23,68.3,2,3,1,0.884,46.4,0,0
7.47,0,0,53.6,50.9,26.8,-1.4,97.6,4,6,0,0.886,58.4,0,0
7.7,0,0,53.1,63.3,75.0,0.51,98.7,4,3,0,0.683,75.2,1,1
6.36,0,0,47.1,50.9,43.6,0.71,99.3,5,6,1,0.508,73.4,1,1
10.0,1,3,79.9,82.1,76.9,2.1,100.0,3,0,0,0.914,63.0,1,0
9.27,1,1,92.2,86.4,89.9,2.45,95.2,2,0,2,0.83,81.8,0,0
8.26,0,0,61.9,64.4,59.9,0.39,94.9,6,0,4,0.825,73.4,1,1
7.68,0,0,52.2,59.7,70.1,0.79,91.4,2,0,1,0.517,78.1,1,0
7.37,0,1,82.0,59.6,35.5,-0.27,99.0,1,3,2,0.697,67.5,1,0
6.55,0,0,45.1,60.1,32.2,0.16,94.3,4,6,1,0.828,61.3,1,0
7.69,0,1,63.7,50.1,74.2,0.97,99.7,2,0,2,0.547,81.1,1,0
7.88,0,0,69.3,54.9,86.3,1.53,95.5,3,6,2,0.906,77.5,1,2
6.23,0,1,33.7,34.2,39.2,-0.78,100.0,1,0,2,0.835,56.2,0,0
7.97,0,0,79.5,58.0,10.4,-0.82,92.7,1,3,2,0.673,73.3,1,0
7.43,0,0,66.9,76.7,50.6,0.73,100.0,3,2,2,0.63,66.9,1,0
5.5,0,0,58.7,43.5,31.6,-0.74,99.7,1,0,1,0.869,61.0,0,0
6.65,1,3,43.4,32.4,40.7,-1.0,98.6,4,3,1,0.435,70.8,0,0
7.15,0,0,57.6,45.2,56.8,0.07,93.6,3,0,1,0.774,65.1,1,0
9.68,0,0,82.2,86.7,72.5,1.13,98.6,2,2,1,0.763,69.0,1,1
8.21,0,0,70.3,52.6,78.6,1.0,97.4,3,3,1,0.796,93.1,1,1
6.13,0,0,28.9,32.3,17.6,-1.44,91.5,3,0,0,0.805,78.7,0,0
8.13,0,1,67.7,83.3,84.9,0.94,54.8,4,6,2,0.892,86.1,1,1
5.9,2,1,26.9,31.3,63.7,-0.05,96.0,2,6,3,0.98,64.0,0,0
8.79,0,0,77.2,85.1,54.1,0.44,100.0,4,0,3,0.755,63.4,1,1
7.08,1,4,30.3,70.5,33.5,0.11,96.8,5,2,1,0.227,79.4,0,0
7.5,1,1,37.8,47.2,62.4,0.6,73.5,2,2,0,0.709,42.6,0,0
9.06,0,2,85.4,62.2,52.3,0.18,94.4,5,2,3,0.84,58.7,1,1
6.18,0,0,40.3,39.2,30.3,-0.68,97.6,3,2,2,0.838,79.3,1,0
6.06,1,2,33.8,26.5,57.6,-0.03,97.4,4,0,1,0.527,76.3,0,0
6.96,0,0,69.8,53.2,61.8,0.37,96.0,2,6,2,0.855,65.4,1,1
8.74,0,0,76.4,68.3,100.0,2.69,94.4,3,0,1,0.392,73.9,1,1
5.93,0,2,54.8,45.3,39.2,-0.75,87.8,2,0,3,0.505,63.8,0,0
5.0,0,0,33.0,49.6,14.0,-0.62,94.5,4,3,0,0.601,88.6,0,0
7.1,0,0,88.2,64.6,51.2,0.27,99.1,3,3,2,0.959,86.8,1,1
8.21,0,1,59.8,72.1,60.8,0.51,92.8,3,12,2,0.416,55.7,1,1
8.92,0,1,95.1,45.6,69.6,0.41,93.4,3,3,0,0.737,56.3,1,1
7.09,0,0,55.2,59.2,49.7,-0.25,92.7,3,0,1,0.865,97.7,0,0
7.15,1,2,36.6,77.7,34.0,0.4,97.6,4,6,2,0.58,67.8,0,0
8.87,0,0,79.5,30.4,76.5,-0.19,68.9,4,0,0,0.681,85.7,0,0
5.54,0,0,44.2,45.6,6.2,-1.0,100.0,4,3,1,0.937,61.9,0,0
7.17,0,1,44.1,51.7,38.2,-0.73,99.2,2,0,1,0.893,64.9,0,0
7.81,0,0,52.0,49.0,56.6,0.53,97.6,6,0,2,0.72,67.2,1,1
8.09,0,0,65.6,75.3,21.5,-0.38,97.9,3,3,1,0.667,78.8,0,0
7.04,0,0,59.6,76.4,63.3,1.14,94.7,2,0,2,0.87,75.2,1,1
7.64,0,0,31.7,69.9,19.7,-0.8,68.9,1,0,0,0.921,50.5,0,0
5.0,0,0,47.6,24.8,37.1,-0.85,99.1,6,3,0,0.92,61.1,0,0
6.88,0,1,47.8,37.4,24.2,-1.08,99.7,3,0,1,0.874,63.1,0,0
8.1,0,1,50.0,66.1,54.9,-0.06,99.1,2,0,0,0.68,71.1,1,0
6.52,0,0,61.5,58.9,52.6,-0.1,95.6,3,2,1,0.822,78.9,0,0
7.66,1,1,61.4,53.9,96.5,1.42,95.8,2,3,2,0.83,70.7,0,0
8.09,0,0,80.5,59.9,64.2,0.39,94.2,5,0,2,0.952,51.9,1,1
7.22,0,0,62.5,94.0,16.0,0.34,99.3,3,2,0,0.763,76.8,1,0
7.79,1,2,62.9,75.8,75.6,1.43,91.1,3,0,2,0.686,66.2,0,0
6.54,0,0,48.6,63.1,39.3,-0.38,90.4,4,0,1,0.875,89.4,1,0
7.37,0,0,64.5,35.7,54.7,-0.36,75.3,2,0,2,0.606,69.4,0,0
8.27,0,0,62.8,56.1,74.3,0.74,90.6,2,3,0,0.663,64.4,1,1
7.77,0,0,52.5,61.5,18.2,-0.92,100.0,4,0,1,0.602,64.2,0,0
6.95,1,2,61.9,37.5,48.6,-0.76,99.4,5,2,2,0.624,80.7,0,0
7.85,0,0,61.7,83.7,51.8,0.48,93.4,1,2,0,0.747,55.4,0,0
8.39,0,0,69.3,87.0,87.6,2.38,96.7,4,3,2,0.585,59.4,1,2
5.35,0,0,51.5,26.3,42.2,-0.71,100.0,2,3,1,0.814,67.7,0,0
8.87,0,0,72.4,97.6,42.2,0.74,98.5,2,0,2,0.695,80.2,1,1
7.23,0,0,57.5,54.5,74.5,0.92,100.0,1,2,4,0.421,72.3,1,0
8.07,0,0,58.5,100.0,69.9,1.76,96.7,2,3,0,0.65,71.8,1,1
8.92,0,2,79.3,75.1,44.2,0.28,95.0,2,6,2,0.592,80.1,1,0
6.09,0,2,50.1,50.1,39.1,-0.16,93.8,1,0,0,0.586,58.3,0,0
6.82,0,0,64.0,69.6,65.5,1.13,37.6,2,2,0,0.729,81.5,1,0
7.28,0,0,50.9,73.0,30.5,-0.77,99.8,3,3,2,0.631,83.3,0,0
6.74,0,0,46.9,56.3,70.7,0.77,74.4,3,0,0,0.499,92.8,0,0
9.51,0,3,89.6,77.6,51.9,0.07,95.9,4,0,1,0.685,100.0,1,0
6.66,0,4,54.6,55.4,30.6,-0.27,100.0,2,2,2,0.753,79.7,0,0
6.99,0,0,44.0,40.5,31.9,-0.51,98.6,1,6,1,0.8,85.1,0,0
7.82,2,1,78.9,63.2,83.7,1.17,96.7,3,3,2,0.932,63.4,0,0
6.28,0,0,27.4,28.5,31.5,-1.14,94.7,2,2,2,0.767,80.6,0,0
7.16,0,0,66.1,28.9,30.0,-1.98,88.8,4,0,3,0.438,97.9,0,0
7.95,0,0,49.3,63.1,68.4,1.29,98.4,3,2,1,0.63,51.7,1,1
7.23,0,0,80.0,72.2,63.7,1.24,94.7,5,0,1,0.831,88.2,1,1
7.5,0,0,41.4,70.4,67.0,1.48,93.3,1,0,1,0.489,79.5,0,0
7.02,0,0,69.0,51.0,44.3,0.43,95.6,2,2,1,0.816,83.5,0,0
5.93,0,0,43.4,64.7,40.8,-0.47,96.9,2,0,0,0.886,78.7,0,0
7.95,0,0,60.1,54.5,48.7,0.41,100.0,1,0,1,0.684,52.6,0,0
9.53,0,0,82.5,53.0,100.0,2.32,93.5,3,3,0,0.88,46.1,1,2
7.62,0,0,68.8,28.3,77.0,-0.18,97.7,1,3,2,0.825,73.0,1,0
7.85,0,0,52.6,44.8,78.7,0.77,96.2,3,2,2,0.958,52.8,1,1
8.36,0,0,58.8,78.4,79.6,1.47,24.9,1,3,4,0.675,95.5,0,0
6.2,0,0,54.8,34.4,48.8,-0.05,100.0,4,0,3,0.772,58.0,1,0
9.47,0,0,59.2,85.7,56.3,0.04,97.2,1,0,0,0.87,86.6,1,1
7.82,0,0,56.2,84.1,70.3,2.16,94.3,3,2,0,0.814,76.2,1,1
9.4,0,0,100.0,62.9,79.8,1.24,99.7,2,0,0,0.823,82.1,1,1
6.79,0,0,41.3,56.4,69.3,1.15,99.4,1,6,1,0.691,59.2,1,0
9.6,0,0,94.8,88.1,94.7,2.31,94.0,3,2,0,0.882,98.6,1,2
8.45,0,1,62.5,55.9,76.3,1.21,93.4,4,0,3,0.702,71.8,1,1
8.21,0,0,73.2,84.3,33.2,-0.73,98.2,3,2,0,0.876,100.0,1,1
7.86,0,0,71.4,57.4,57.7,0.27,96.9,2,0,1,0.86,79.0,0,0
7.33,0,0,71.8,50.2,42.9,0.11,95.6,6,0,3,0.714,61.6,1,1
8.92,0,0,71.8,100.0,76.6,2.11,74.2,2,2,3,0.883,80.5,1,2
7.75,0,0,86.4,67.6,50.6,-0.24,95.2,2,2,1,0.707,84.2,0,0
5.44,0,0,32.3,47.8,25.3,-0.85,98.3,6,2,1,0.811,66.8,0,0
6.37,0,0,51.5,64.1,49.7,-0.02,100.0,6,2,2,0.566,78.9,0,0
7.4,0,2,61.9,47.2,46.0,-0.56,96.0,3,3,1,0.857,84.8,0,0
7.94,0,0,50.9,79.8,62.5,0.47,91.5,2,0,1,0.711,58.2,1,0
7.54,0,0,56.9,50.9,28.1,-0.46,30.6,2,3,2,0.869,62.9,0,0
8.94,0,0,76.3,65.7,57.3,1.04,97.6,3,0,1,0.621,56.0,1,0
5.45,0,3,34.4,31.2,42.3,0.17,86.2,4,0,1,0.766,97.1,0,0
7.76,1,1,91.9,51.6,36.0,-1.02,95.4,1,2,0,0.527,66.1,0,0
5.6,0,0,30.9,48.1,54.6,0.42,100.0,3,12,0,0.875,98.6,1,1
8.44,0,1,83.5,71.5,83.8,1.94,93.1,1,0,1,0.728,72.2,0,0
7.5,0,0,70.2,50.6,50.1,-0.22,97.5,4,3,2,0.713,41.2,1,1
8.06,0,1,65.4,73.1,100.0,1.81,96.3,3,3,2,0.81,82.1,1,1
6.65,1,1,41.1,44.3,67.2,0.01,100.0,6,2,3,0.522,79.1,0,0
9.01,0,0,65.9,69.5,56.0,0.42,58.3,4,0,2,0.863,67.8,1,1
8.75,0,1,66.2,71.9,83.4,1.68,98.3,3,2,0,0.819,70.6,1,1
8.24,0,0,46.0,72.1,65.1,1.54,96.3,1,0,2,0.964,90.4,0,0
7.46,0,0,47.5,62.5,40.5,0.4,100.0,3,0,2,0.522,71.7,1,0
8.24,0,0,49.6,60.5,44.6,-0.59,94.5,1,3,2,0.446,67.2,1,0
6.82,1,1,69.4,61.9,64.8,0.44,98.2,5,3,2,0.873,42.0,1,0
8.54,0,0,77.8,65.8,56.7,1.1,94.5,2,6,1,0.669,83.5,1,1
9.41,0,0,88.6,69.4,76.1,1.01,97.6,4,0,1,0.892,74.1,1,1
8.78,0,1,79.8,51.0,53.8,0.12,95.9,2,0,1,0.787,74.8,0,0
6.8,0,0,55.0,63.5,33.1,-0.94,95.8,2,0,1,0.759,81.0,0,0
8.0,0,0,82.5,63.1,58.7,1.04,91.0,2,0,1,0.708,78.0,0,0
6.18,0,0,39.4,45.9,46.1,-0.99,98.2,3,2,0,0.73,53.9,0,0
8.23,0,0,68.6,80.2,17.2,-1.08,93.8,3,2,4,0.887,64.8,0,0
8.1,0,0,74.9,57.4,62.5,1.0,93.6,1,0,1,0.801,75.6,0,0
5.54,0,0,24.6,16.7,18.1,-1.03,92.3,1,3,2,0.588,72.9,0,0
6.32,1,3,85.4,45.5,66.1,0.32,93.8,2,2,4,0.597,46.0,0,0
7.29,0,1,58.2,59.5,100.0,1.86,98.5,2,2,4,0.654,62.5,1,1
7.27,0,0,59.4,51.3,45.8,0.25,98.4,4,3,2,0.945,88.6,1,1
6.27,0,0,62.8,64.6,9.2,-0.92,99.0,3,0,1,0.748,23.3,0,0
8.03,0,0,76.3,28.5,63.4,-0.18,93.9,2,0,1,0.921,36.4,1,0
7.88,0,0,64.2,77.3,55.8,0.61,97.6,1,2,3,0.825,69.2,1,0
7.39,0,0,60.4,67.3,89.1,1.06,95.2,1,3,1,0.832,75.0,1,1
6.77,0,0,34.6,55.8,76.2,1.1,99.9,3,2,0,0.755,68.9,0,0
8.75,0,2,65.9,24.6,85.6,0.59,78.5,4,0,1,0.669,83.7,1,0
9.42,0,0,85.4,96.6,67.5,1.44,46.4,4,12,1,0.95,100.0,1,1
7.07,0,0,61.0,38.4,62.0,-0.26,100.0,4,3,2,0.919,84.1,1,1
6.93,1,2,68.9,44.1,52.9,-0.4,98.5,2,3,0,0.758,45.5,0,0
8.14,0,0,65.0,62.2,67.0,1.09,92.8,6,2,1,0.983,60.2,1,1
7.21,0,0,40.4,60.0,23.4,-0.31,92.0,1,2,0,0.906,73.2,1,0
7.45,0,0,72.1,65.9,73.5,1.0,53.9,4,12,2,0.739,48.9,1,1
8.41,0,0,86.4,80.0,67.9,1.09,100.0,1,2,2,0.696,78.8,1,1
5.5,0,1,50.8,46.9,29.2,-1.1,94.0,2,0,1,0.704,80.6,0,0
9.05,0,0,73.5,78.1,62.8,1.43,62.9,3,6,1,0.499,42.0,1,1
7.68,0,1,74.3,65.3,42.9,0.11,93.8,1,2,0,0.823,73.9,0,0
7.15,0,3,97.6,38.4,56.5,0.1,93.5,2,0,1,0.721,77.0,0,0
7.5,1,2,61.4,47.0,23.5,-0.81,99.6,2,2,3,0.565,54.3,0,0
7.56,0,2,44.8,70.7,69.9,1.0,99.8,3,0,0,0.621,68.7,1,0
5.7,0,0,34.9,49.4,14.4,-1.67,98.7,3,2,2,0.708,79.5,0,0
9.24,0,0,85.0,86.8,38.9,0.05,99.0,1,3,0,0.662,63.2,1,1
7.65,0,0,42.2,51.9,89.5,1.81,94.6,1,2,1,0.61,87.1,1,0
8.09,0,0,67.9,76.7,46.6,0.19,99.5,4,0,2,0.714,56.7,1,1
8.65,2,2,76.0,53.9,55.8,0.11,97.7,3,6,1,0.801,67.9,0,0
6.48,0,0,68.2,61.3,63.1,0.24,95.9,3,6,2,0.58,67.3,1,1
8.12,2,2,81.9,60.7,95.8,1.28,97.3,6,0,0,0.816,68.8,0,0
7.31,1,1,68.4,78.9,25.1,-0.5,100.0,2,2,2,0.795,75.9,0,0
8.53,0,3,44.4,47.5,50.2,0.63,98.2,2,12,2,0.403,60.2,0,0
5.26,0,2,48.7,57.5,12.2,-0.83,90.5,3,0,2,0.683,62.3,0,0
7.49,0,0,68.4,52.3,71.7,0.57,99.7,4,0,1,0.537,56.9,0,0
6.94,0,0,57.4,46.0,77.7,1.27,99.4,3,2,3,0.751,74.0,1,1
8.08,0,0,45.0,66.6,42.5,0.06,95.9,3,0,1,0.778,81.1,0,0
8.12,0,0,56.8,54.5,87.9,1.9,97.4,3,0,2,0.833,68.2,1,1
6.82,0,0,39.2,49.0,34.1,0.33,97.3,2,2,0,0.893,60.4,1,0
6.82,1,1,29.0,39.7,52.8,0.28,91.1,1,0,0,0.799,61.3,0,0
7.48,0,2,59.7,47.4,31.9,-0.62,95.8,2,3,2,0.707,80.0,0,0
6.61,0,0,41.6,54.6,42.2,0.12,95.9,3,0,2,0.504,42.0,0,0
8.53,0,0,100.0,56.2,65.3,0.65,76.5,2,0,2,0.675,68.6,1,0
7.19,0,0,54.9,43.4,45.7,-1.03,95.4,4,3,0,0.628,59.9,0,0
5.0,0,0,50.5,10.8,31.9,-1.74,80.0,1,2,1,0.937,59.7,0,0
7.19,0,0,38.0,47.0,33.1,-1.01,94.6,1,3,1,0.627,82.7,0,0
6.46,0,0,43.2,64.4,26.6,-0.73,71.3,1,0,0,0.719,70.1,0,0
5.81,0,0,44.2,27.0,42.5,-0.04,98.8,3,0,0,0.735,60.3,0,0
6.24,0,0,36.5,33.4,64.0,0.55,42.3,3,0,4,0.744,76.7,0,0
7.72,0,0,57.1,62.6,57.2,0.7,100.0,3,3,0,0.564,78.2,1,0
9.06,0,0,73.0,69.5,82.8,1.85,100.0,2,2,0,0.837,87.5,1,2
7.94,0,0,61.6,93.6,74.0,1.01,93.4,3,12,2,0.516,73.8,1,1
6.93,0,0,76.6,49.0,63.1,0.71,72.9,4,3,2,0.195,64.7,1,0
8.1,0,0,70.6,68.8,45.1,0.63,94.8,3,0,2,0.77,94.6,1,0
7.1,0,3,61.7,66.3,36.2,-1.0,100.0,2,6,2,0.534,93.0,0,0
6.84,0,0,59.8,63.1,34.6,0.09,98.8,1,0,0,0.506,100.0,0,0
6.33,0,0,55.7,47.9,75.7,0.24,100.0,4,2,1,0.717,88.1,1,1
5.67,0,1,40.7,35.1,42.2,-1.38,61.6,3,2,0,0.787,81.2,0,0
7.17,0,0,52.9,82.2,59.4,1.56,89.1,4,0,1,0.756,38.4,1,1
7.77,0,2,64.7,59.1,64.9,0.3,94.6,2,0,4,0.607,94.7,1,0
7.49,0,0,73.8,51.2,31.2,-0.89,94.9,2,2,2,0.549,72.1,1,0
7.14,0,0,69.9,44.5,85.6,1.46,95.8,2,2,2,0.809,69.2,1,1
6.56,0,0,47.7,23.0,52.3,-0.64,68.4,2,0,0,0.622,78.4,0,0
8.27,0,0,76.9,77.5,77.2,1.45,98.5,3,2,1,0.922,63.0,1,2
6.15,0,0,44.2,9.8,7.0,-2.41,89.1,4,0,1,0.849,86.6,0,0
8.45,0,0,69.9,67.9,80.5,1.55,96.3,2,2,0,0.887,50.0,1,1
6.5,0,0,44.3,43.6,36.6,-0.68,95.5,2,2,2,0.758,86.0,0,0
6.77,0,0,50.5,80.9,22.5,-0.19,100.0,2,6,0,0.49,79.9,0,0
5.99,0,0,61.0,15.2,19.7,-1.99,98.8,5,12,2,0.726,72.1,1,1
7.05,0,0,56.6,39.9,26.8,-0.86,96.5,2,6,1,0.658,90.3,1,0
8.67,0,0,73.4,68.5,46.0,0.4,60.4,2,0,2,0.65,81.8,0,0
8.17,0,0,49.3,62.1,64.1,1.5,91.9,3,2,1,0.886,100.0,1,1
8.68,0,0,68.1,62.7,62.2,0.54,99.0,3,2,1,0.698,63.3,1,1
8.17,0,1,63.8,63.8,69.1,0.87,95.8,4,3,2,0.702,72.6,1,1
6.39,0,0,38.9,27.6,71.8,0.32,94.6,1,0,0,0.223,74.7,0,0
7.24,0,0,57.6,59.6,49.5,0.58,100.0,1,2,2,0.78,86.9,0,0
6.74,0,0,47.3,16.7,5.5,-2.66,97.8,2,2,0,0.522,73.7,0,0
9.06,0,0,76.6,74.3,69.4,1.23,95.0,2,0,3,0.775,53.0,1,1
6.28,0,3,49.3,35.7,61.9,-0.92,95.2,2,2,2,0.6,35.4,0,0
8.58,0,0,59.4,83.6,66.4,1.19,98.1,2,0,2,0.745,60.7,1,1
8.58,0,0,66.0,94.0,95.5,2.92,97.9,4,0,1,0.777,79.0,1,2
9.61,0,0,82.1,76.1,88.5,1.57,97.1,4,0,0,0.765,76.3,1,2
7.15,1,2,70.7,73.1,17.7,-0.49,93.4,4,0,0,0.8,58.6,0,0
8.38,0,0,71.9,62.8,67.6,0.66,93.8,4,0,1,0.67,68.3,1,1
10.0,0,4,77.1,71.5,90.3,1.48,45.1,1,2,0,0.748,53.9,1,0
6.92,0,3,59.0,75.6,67.5,1.54,82.1,1,6,0,0.707,63.5,1,0
5.91,0,0,64.6,47.3,68.7,0.15,96.9,3,3,0,0.723,85.7,0,0
5.53,0,3,51.3,35.9,47.7,-0.27,96.5,3,0,1,0.556,60.3,0,0
8.38,0,0,75.4,76.8,73.5,1.5,96.7,3,0,2,0.564,88.5,1,1
5.53,0,1,49.0,39.7,43.5,-0.79,100.0,3,2,0,0.508,46.4,0,0
7.19,0,0,74.2,53.1,48.3,0.07,43.8,5,6,4,0.793,62.7,1,1
8.08,0,0,78.7,45.3,35.6,-0.96,100.0,3,0,1,0.878,98.7,0,0
7.8,0,0,69.8,57.1,59.4,0.68,85.8,2,2,1,0.927,36.1,1,1
8.07,0,1,78.5,72.5,68.4,0.59,47.7,1,2,0,0.542,71.4,0,0
7.84,0,0,50.5,59.6,37.5,-0.34,98.2,2,6,2,0.831,81.7,1,1
9.01,0,0,57.0,86.7,97.0,2.28,97.7,3,2,0,0.662,73.4,1,2
6.55,0,0,52.4,52.4,61.7,0.89,99.4,2,3,0,0.933,85.9,1,0
6.86,0,0,54.4,38.1,22.6,-1.12,94.1,1,0,0,0.841,85.0,0,0
6.75,0,0,46.0,30.8,70.6,0.64,99.2,6,0,2,0.846,62.3,1,1
8.51,0,0,80.0,66.4,61.6,0.97,97.5,2,2,1,0.922,81.6,0,0
8.59,0,0,48.6,62.2,54.1,0.63,91.6,2,3,1,0.44,67.7,0,0
8.1,0,0,59.5,68.8,81.6,1.34,88.0,2,6,3,0.612,76.3,1,1
8.9,0,0,68.2,62.9,70.9,1.39,30.3,4,2,0,0.663,62.4,0,0
6.3,0,0,28.4,35.7,74.8,0.37,95.4,4,0,0,0.803,100.0,0,0
9.43,0,0,97.3,93.5,62.9,0.7,84.9,3,2,1,0.87,66.0,1,1
9.28,1,3,61.4,79.1,45.1,0.4,92.5,3,3,0,0.722,58.0,0,0
8.41,0,0,62.0,57.7,60.9,0.71,96.8,5,3,0,0.686,86.0,1,1
9.56,2,3,91.5,80.4,93.9,1.5,97.2,2,6,1,0.856,70.3,0,0
5.78,0,1,50.5,57.9,17.6,-1.26,60.0,2,0,2,0.299,85.7,0,0
7.02,0,0,41.9,56.4,25.3,-1.17,95.6,1,3,0,0.777,68.0,0,0
6.79,0,0,61.1,58.0,50.6,0.51,97.8,2,0,3,0.633,53.8,1,0
8.39,0,1,72.4,56.8,39.4,0.47,96.7,2,0,1,0.572,88.3,0,0
6.44,0,0,77.4,60.3,47.9,0.07,95.7,5,0,3,0.592,57.9,1,0
8.43,0,0,74.2,100.0,60.1,1.66,92.0,2,3,1,0.667,58.5,1,1
9.11,0,0,74.4,64.1,83.2,1.62,75.0,4,6,2,0.529,69.6,1,2
8.36,0,0,58.4,50.5,40.5,0.31,99.2,4,0,2,0.935,63.0,1,1
7.91,0,1,55.2,64.5,83.3,1.17,94.2,1,3,1,0.798,58.5,0,0
6.51,0,0,40.2,58.9,39.9,-0.23,96.3,5,0,3,0.598,51.5,0,0
6.67,0,0,68.1,47.1,58.8,0.09,54.1,3,2,1,0.845,84.1,1,0
8.97,0,0,75.0,59.0,90.0,1.56,100.0,3,3,1,0.773,91.8,1,2
8.46,0,0,76.4,66.5,45.7,1.22,97.1,1,2,2,0.433,62.3,0,0
7.56,0,0,78.7,66.5,71.6,1.1,97.9,3,0,0,0.977,89.7,1,1
7.14,0,0,28.1,47.8,25.0,-1.22,97.0,1,6,2,0.819,77.3,0,0
5.37,2,2,54.1,42.6,4.8,-2.13,40.1,2,2,0,0.864,81.4,0,0
6.42,0,0,49.9,61.9,77.4,1.68,93.6,1,6,2,0.565,80.6,1,1
9.7,1,1,87.2,85.1,100.0,2.1,96.1,2,3,3,0.694,64.2,1,1
6.19,0,0,37.0,42.7,76.6,0.99,98.2,4,6,1,0.833,61.7,0,0
7.81,0,0,54.0,72.5,52.0,0.3,97.4,3,0,1,0.917,69.5,1,1
8.71,0,0,77.9,58.8,71.3,0.4,100.0,1,12,1,0.616,69.9,1,1
6.22,0,0,75.8,30.0,49.1,-0.23,49.6,4,6,2,0.771,84.9,0,0
7.8,0,0,75.1,57.1,58.4,0.19,100.0,3,0,1,0.51,76.4,1,0
8.63,0,0,86.5,63.1,55.2,0.63,90.9,1,6,0,0.722,73.3,1,1
7.61,1,1,58.8,47.5,40.2,-0.18,100.0,2,3,1,0.797,79.5,0,0
10.0,0,1,77.8,100.0,88.8,2.62,97.8,4,3,1,0.942,57.6,1,2
5.76,0,0,33.3,68.8,15.0,-0.86,98.2,3,0,1,0.714,79.7,0,0
8.76,0,0,66.8,66.5,50.5,0.66,99.7,2,0,2,0.72,75.1,1,1
7.41,0,0,34.5,57.8,61.0,0.17,97.1,1,3,1,0.748,100.0,1,0
8.45,0,0,60.8,65.3,64.7,-0.15,93.8,2,0,1,0.491,55.4,0,0
8.09,0,0,59.1,79.4,78.9,1.9,100.0,4,0,1,0.59,78.2,1,1
6.79,0,0,50.8,68.0,38.9,0.1,94.7,5,0,1,0.786,62.3,1,0
7.85,2,3,65.1,36.5,48.8,-0.59,94.0,3,3,1,0.783,74.2,0,0
5.56,0,1,44.9,42.8,39.3,-1.11,96.3,1,2,1,0.454,90.9,0,0
8.26,0,0,67.5,47.6,49.5,-0.88,95.8,3,2,1,0.739,98.6,1,0
7.93,0,0,57.3,86.8,48.3,0.78,97.0,6,3,2,0.984,62.0,1,1
8.3,0,0,44.5,72.5,53.5,1.28,96.7,5,0,0,0.357,68.5,1,0
8.76,0,1,65.7,59.9,66.4,0.71,100.0,6,0,3,0.816,42.4,1,1
8.0,0,0,53.4,59.7,93.0,1.5,49.3,3,0,1,0.699,95.7,1,1
7.76,0,0,68.2,56.3,33.4,-0.42,94.4,2,6,2,0.549,62.4,0,0
6.63,1,1,62.2,55.3,67.9,1.59,94.8,4,2,0,0.46,47.0,0,0
6.82,0,0,64.4,64.6,60.1,0.96,95.8,4,2,1,0.772,74.4,1,1
8.91,0,0,83.1,56.9,100.0,1.45,95.8,1,3,2,0.411,56.1,1,1
9.18,0,0,75.2,100.0,100.0,2.79,95.5,4,0,0,0.592,58.7,1,2
7.34,0,0,52.1,78.2,78.8,1.72,93.7,5,3,3,0.892,61.1,1,2
7.65,0,0,52.5,46.9,73.5,0.29,47.8,4,0,2,0.921,89.7,1,0
6.6,0,0,33.0,48.7,20.6,-0.7,95.6,3,0,1,0.764,95.8,0,0
8.89,0,0,85.8,96.7,50.3,0.72,94.1,3,0,0,0.879,79.0,1,1
8.33,0,0,66.2,83.9,71.5,0.86,98.5,4,0,3,0.667,69.4,1,1
9.74,2,1,67.4,77.4,51.3,0.68,99.5,3,0,0,0.935,54.6,0,0
6.63,0,0,41.4,59.4,55.7,0.36,96.3,2,0,0,0.502,66.3,0,0
7.18,0,0,46.4,96.0,12.8,-0.22,100.0,2,3,2,0.721,76.7,1,0
7.85,0,0,64.1,62.9,80.0,0.98,100.0,3,0,1,0.559,81.0,1,0
8.31,0,1,80.9,57.6,58.9,0.22,98.5,3,3,1,0.498,80.9,0,0
7.36,0,1,54.5,58.4,55.6,0.83,95.6,3,0,1,0.81,78.4,1,0
6.64,0,0,24.4,51.5,31.2,-0.42,97.8,2,0,1,0.866,78.4,0,0
8.57,0,0,68.4,61.9,33.7,-0.66,93.3,3,3,0,0.706,77.5,0,0
8.39,0,1,67.1,73.5,87.9,1.01,94.4,3,2,2,0.9,79.9,1,1
6.59,0,0,48.2,30.0,68.1,-0.21,92.0,4,0,0,0.813,53.3,1,0
9.09,0,0,68.4,65.7,67.8,1.0,95.1,3,2,2,0.897,55.3,1,1
8.89,0,2,76.5,83.4,83.6,1.61,97.0,4,0,3,0.611,86.1,1,1
7.75,0,0,63.3,35.7,50.9,-0.57,98.9,2,0,1,0.577,73.9,0,0
7.69,0,4,61.6,72.2,62.4,0.67,94.8,1,3,2,0.891,87.3,0,0
8.21,2,2,72.0,37.1,77.2,0.59,97.8,2,2,0,0.632,85.5,0,0
6.65,0,0,46.4,23.9,54.8,-0.1,99.2,4,0,0,0.566,63.5,0,0
7.63,1,3,55.5,52.0,80.7,1.07,2.5,3,2,0,0.91,89.7,0,0
5.23,1,1,53.9,36.6,37.1,-0.7,95.9,3,2,1,0.301,93.4,0,0
8.56,0,0,77.4,87.8,68.3,1.36,73.6,4,2,0,0.666,69.9,1,1
5.88,0,0,53.7,40.5,21.9,-1.35,98.0,1,0,2,0.785,92.0,0,0
9.25,0,0,92.3,73.3,67.4,1.46,68.8,1,3,1,0.687,66.5,1,1
7.24,0,0,63.7,62.7,66.4,1.13,99.4,2,0,2,0.962,80.0,1,1
7.37,1,1,69.8,43.8,26.4,-0.11,100.0,2,2,1,0.569,86.0,0,0
6.91,0,0,35.1,53.0,67.8,0.9,92.0,2,3,1,0.697,64.5,1,0
7.28,0,0,60.3,38.3,47.3,-0.55,95.0,6,0,3,0.556,70.3,1,0
9.16,0,0,74.4,76.9,60.2,0.58,100.0,3,6,2,0.469,63.8,1,1
5.0,0,2,55.1,28.2,5.2,-1.6,98.7,3,3,2,0.771,69.4,0,0
9.0,0,0,86.2,62.8,85.2,1.13,96.6,3,2,2,0.628,93.3,1,1
7.97,0,0,57.2,65.0,60.4,1.0,95.6,2,0,2,0.439,69.6,1,0
6.27,0,0,52.2,46.2,68.9,0.24,99.4,6,0,1,0.611,72.9,1,0
6.42,0,0,51.2,62.0,19.3,-0.62,91.1,6,3,1,0.554,81.4,1,0
9.44,0,0,84.9,56.4,67.9,0.32,99.4,4,0,2,0.607,61.5,1,1
6.56,0,0,38.4,46.1,42.1,-0.04,97.3,2,0,0,0.94,55.7,0,0
6.33,0,0,52.6,34.0,27.4,-1.6,95.5,4,0,2,0.711,64.9,0,0
8.85,0,0,70.8,84.5,71.3,1.59,73.7,1,0,3,0.866,65.1,1,1
7.97,1,3,68.1,73.3,66.4,0.98,95.8,3,0,0,0.912,65.5,0,0
6.57,0,0,42.0,54.4,52.5,0.22,97.1,3,6,0,0.624,85.6,0,0
7.84,0,0,56.4,51.4,86.2,1.08,94.3,1,3,0,0.366,46.6,1,0
6.47,0,0,63.8,58.6,19.2,-1.0,99.2,5,3,2,0.523,95.5,1,0
8.81,0,0,60.5,50.5,76.8,0.97,97.5,5,3,0,0.605,89.7,1,1
8.77,0,0,60.9,47.1,58.6,-0.18,91.3,5,0,1,0.623,42.7,1,1
8.19,0,0,66.2,47.2,71.0,0.23,92.8,2,12,0,0.645,75.8,1,1
8.0,0,0,55.7,62.5,68.7,0.76,93.7,2,0,1,0.504,54.5,0,0
9.54,0,0,69.8,89.4,61.7,1.11,98.4,5,0,2,0.735,73.8,1,1
7.6,0,0,62.3,16.9,40.0,-1.47,81.2,1,0,2,0.766,57.5,0,0
6.3,0,1,29.9,62.8,49.8,0.65,100.0,3,2,1,0.353,63.5,0,0
8.09,0,0,53.8,65.9,62.6,0.64,94.0,3,0,3,0.932,67.9,1,1
9.89,0,0,100.0,61.9,79.8,1.17,100.0,2,3,1,0.951,76.2,0,0
6.48,0,0,55.4,47.7,54.6,-0.43,91.2,4,0,3,0.669,70.9,1,0
7.2,0,0,48.1,69.5,64.6,1.75,97.1,1,2,4,0.761,72.6,1,0
8.06,0,0,70.6,72.0,52.2,1.53,97.7,3,3,0,0.764,88.6,0,0
7.54,0,0,67.2,73.3,40.2,-0.12,97.7,2,6,1,0.685,82.0,0,0
6.52,0,0,62.1,27.6,20.5,-0.99,96.1,2,3,1,0.932,74.9,0,0
8.83,0,0,71.8,66.4,71.6,1.05,97.4,2,2,0,0.342,67.7,1,0
10.0,0,0,96.7,72.1,59.4,1.44,93.3,3,12,1,0.648,96.0,1,1
7.82,0,3,38.7,85.0,60.6,1.27,99.6,6,2,2,0.526,83.1,1,1
6.61,0,0,38.4,56.6,66.2,0.73,97.7,4,2,0,0.807,61.2,1,0
5.9,0,0,45.9,79.7,29.4,-1.03,98.1,3,0,2,0.874,79.1,0,0
7.88,0,1,67.8,55.2,50.0,-0.24,96.2,4,0,0,0.716,80.6,1,0
8.81,0,0,62.2,61.8,100.0,1.94,96.0,4,0,1,0.61,81.1,1,2
8.12,0,0,69.3,62.3,89.6,1.68,98.6,3,2,2,0.743,73.0,1,1
7.6,0,0,53.5,77.9,42.4,-0.12,100.0,3,2,0,0.485,100.0,0,0
6.95,0,0,51.2,46.3,50.9,-0.34,92.8,4,0,1,0.745,77.7,0,0
6.4,0,0,61.3,47.1,47.7,0.08,92.7,3,0,1,0.525,43.4,0,0
8.52,0,1,81.1,70.1,70.9,0.59,51.8,1,0,0,0.852,41.6,0,0
8.61,0,0,59.1,70.2,100.0,2.17,45.0,4,0,1,0.765,51.6,1,2
5.9,0,0,31.3,30.8,37.4,-0.35,86.3,1,2,2,0.903,79.0,0,0
9.35,1,1,73.6,75.9,81.5,1.78,96.9,4,0,1,0.734,86.0,0,0
8.23,2,1,67.0,63.0,76.2,1.3,98.9,4,2,2,0.814,92.6,0,0
9.14,0,0,68.5,75.4,96.1,1.29,67.8,4,0,3,0.698,70.1,1,2
6.12,0,0,58.7,55.6,55.3,-0.03,93.4,1,0,0,0.737,70.2,0,0
6.1,0,0,50.1,66.7,47.9,1.12,94.6,6,0,0,0.724,80.6,1,1
7.44,0,0,64.2,45.0,26.2,-1.14,96.5,3,0,2,0.858,70.6,1,0
8.15,0,0,51.3,59.2,54.1,0.85,93.2,4,0,2,0.869,79.3,1,1
9.58,0,0,94.8,68.8,94.7,1.66,96.9,3,0,1,0.813,62.2,1,2
8.38,0,3,34.9,69.8,70.0,1.0,97.2,2,0,1,0.552,75.5,0,0
7.33,0,0,68.3,48.1,67.9,0.76,72.1,2,3,1,0.493,68.8,0,0
6.47,0,0,60.9,49.5,76.6,0.92,97.6,1,0,1,0.579,93.2,0,0
8.95,0,0,69.3,88.9,51.3,1.06,92.2,3,2,1,0.713,81.8,1,1
6.54,0,0,65.7,11.6,63.9,-0.72,94.1,1,2,2,0.823,99.8,0,0
9.39,0,0,78.2,85.2,71.7,1.05,93.6,3,2,0,0.762,79.2,1,1
7.29,0,0,58.6,48.7,69.3,0.26,99.6,3,2,2,0.837,64.9,1,1
9.35,1,1,82.6,84.3,76.5,1.43,100.0,2,2,2,0.647,63.8,0,0
8.35,0,0,100.0,54.3,100.0,1.67,94.4,2,0,3,0.877,64.6,1,2
7.45,0,0,75.6,73.7,56.7,1.17,96.3,2,0,3,0.849,85.5,1,1
7.03,0,0,63.7,65.1,37.8,-0.04,94.9,4,2,1,0.969,76.3,1,0
7.23,0,0,46.3,62.4,59.3,0.78,97.7,3,2,1,0.335,69.5,1,0
8.07,0,0,67.4,74.9,67.7,1.2,94.0,2,2,1,0.803,87.1,1,1
7.68,0,1,52.1,49.1,77.7,0.46,97.8,3,6,2,0.833,85.1,1,1
6.95,1,3,64.3,42.7,56.4,0.06,99.0,3,2,0,0.682,79.5,0,0
7.42,0,0,60.9,67.1,98.6,2.05,93.3,1,0,0,0.684,65.1,1,0
7.69,0,0,48.4,48.8,55.2,0.45,97.8,2,3,3,0.645,53.4,1,0
5.26,0,1,38.6,53.1,26.3,-1.15,91.6,3,6,0,0.577,86.6,0,0
8.1,0,0,55.8,59.6,51.4,-0.56,96.2,2,3,0,0.696,77.8,0,0
6.52,0,0,52.0,53.8,44.8,-0.02,22.8,2,6,3,0.817,87.8,0,0
6.33,0,0,38.0,74.0,45.1,0.51,96.3,2,0,1,0.697,50.7,0,0
5.74,0,1,42.8,28.3,39.0,-0.92,73.8,2,0,1,0.551,77.4,0,0
5.63,0,0,50.3,37.9,33.7,-0.8,95.5,2,0,3,0.654,52.7,0,0
6.11,0,1,45.5,57.0,27.3,-0.25,96.2,4,3,1,0.778,74.1,0,0
6.82,1,1,48.5,63.3,31.0,-0.52,97.7,3,0,1,0.401,69.8,0,0
9.75,0,0,84.9,77.6,75.2,1.34,97.8,4,2,1,0.744,83.9,1,2
7.02,0,1,63.6,45.0,69.8,0.58,97.3,5,0,3,0.403,83.2,1,1
7.8,2,1,49.7,57.5,83.0,0.78,95.3,5,3,0,0.815,66.8,0,0
8.04,0,0,68.5,83.7,60.1,1.03,100.0,2,3,1,0.927,71.0,1,1
7.74,0,0,78.3,56.3,41.0,-0.19,100.0,3,0,1,0.78,65.4,0,0
7.51,0,0,67.0,58.8,53.7,0.97,77.1,3,0,1,0.74,45.1,1,0
6.29,0,0,48.5,38.2,78.1,0.55,97.5,4,0,1,0.438,72.3,1,0
9.2,0,0,84.6,86.0,93.3,2.33,95.6,3,0,1,0.852,40.6,1,2
9.59,0,0,86.3,82.6,90.0,2.43,99.8,2,2,4,0.695,59.2,1,2
5.75,0,0,51.5,24.2,51.3,-0.86,97.0,3,3,0,0.206,75.8,0,0
6.47,0,2,25.4,32.6,70.4,0.85,97.2,1,3,0,0.59,73.8,0,0
7.29,0,0,39.3,27.2,31.8,-0.41,98.5,4,0,0,0.681,84.2,0,0
6.54,0,0,62.4,35.3,36.4,-0.79,96.1,3,0,1,0.838,70.8,0,0
8.16,0,0,48.5,75.8,53.4,0.47,100.0,3,0,0,0.777,88.2,1,0
6.8,0,0,57.8,68.3,57.2,1.3,98.5,2,0,1,0.594,79.2,0,0
9.98,0,0,80.6,94.4,87.7,2.56,99.8,3,0,3,0.822,76.2,1,2
8.91,0,0,62.1,80.8,85.5,1.9,96.3,3,0,0,0.536,50.6,1,1
7.83,0,0,67.5,59.4,49.9,0.78,96.6,3,0,1,0.88,95.7,1,0
8.73,2,1,74.7,81.9,94.5,2.72,99.4,4,2,1,0.519,55.1,0,0
8.82,1,1,98.5,76.0,69.5,1.09,99.1,4,3,1,0.829,75.8,1,0
6.98,0,0,47.3,77.0,61.3,1.08,93.3,3,0,2,0.897,99.7,1,0
6.7,0,1,69.3,47.3,66.9,0.74,97.4,4,3,0,0.652,43.4,1,0
7.69,0,1,66.1,78.3,77.3,1.55,98.4,2,0,2,0.788,65.8,0,0
8.55,0,0,62.5,81.3,74.1,0.94,96.6,3,2,2,0.726,36.9,1,1
7.75,1,3,72.1,70.6,72.8,0.84,98.1,3,2,1,0.76,82.1,0,0
5.87,1,1,50.4,11.4,66.7,-0.84,96.7,2,0,3,0.529,70.7,0,0
6.72,0,0,52.6,61.9,54.8,0.62,90.3,2,3,1,0.568,64.0,0,0
7.52,0,0,63.4,55.9,42.1,-0.61,93.1,1,6,2,0.505,60.2,1,0
7.52,0,0,53.0,51.5,65.7,0.63,99.9,3,0,1,0.381,67.0,0,0
9.77,0,0,72.8,61.7,81.6,2.05,96.3,2,2,0,0.587,80.2,1,1
6.08,1,1,54.9,41.8,0.0,-1.28,97.6,1,0,0,0.45,60.3,0,0
8.16,0,0,63.9,65.2,71.2,0.31,75.8,2,0,1,0.664,68.7,1,0
9.24,0,1,76.4,58.4,78.0,0.61,94.5,3,0,4,0.533,73.8,0,0
10.0,0,1,88.4,64.4,100.0,1.68,95.6,1,2,0,0.742,66.8,1,1
7.16,0,0,59.7,60.5,37.4,-0.66,98.0,6,0,3,0.866,74.7,1,1
8.14,0,0,49.3,76.8,35.6,-0.55,57.6,4,0,3,0.726,55.9,1,0
8.23,0,0,82.7,68.2,66.8,0.96,100.0,2,0,1,0.646,59.8,1,1
7.82,0,0,64.6,77.1,65.6,1.4,95.6,3,0,1,0.645,69.9,1,1
7.49,0,0,57.5,56.2,56.6,0.74,100.0,1,0,1,0.578,50.3,1,0
8.08,0,0,71.0,63.1,62.3,0.51,94.4,4,3,2,0.482,65.9,1,1
5.0,0,0,37.8,17.2,5.8,-2.31,98.5,2,6,0,0.743,66.0,0,0
8.35,2,2,77.7,45.0,62.7,0.45,97.5,1,2,1,0.637,81.1,0,0
7.74,0,0,68.8,86.1,51.6,0.81,96.6,4,2,0,0.931,86.9,1,1
7.36,0,0,67.2,71.7,72.6,1.56,97.0,2,3,3,0.524,88.0,1,1
9.85,0,0,99.7,63.9,90.0,1.82,95.1,3,2,0,0.435,75.4,1,2
6.86,0,1,64.2,52.6,42.3,-0.35,99.7,4,0,2,0.904,53.1,0,0
7.16,0,0,54.6,52.3,81.9,0.37,94.5,4,6,1,0.876,56.0,1,1
9.79,0,0,69.4,78.9,77.6,2.16,98.0,2,6,2,0.383,77.3,1,2
6.68,0,3,71.9,42.8,55.3,-0.26,99.3,4,0,3,0.647,82.0,0,0
6.99,0,0,52.1,57.3,45.9,0.17,100.0,2,3,1,0.683,54.6,1,0
7.44,0,0,53.7,68.3,83.6,0.76,64.6,3,2,0,0.653,91.7,1,1
8.52,0,0,49.4,74.4,68.9,1.17,98.7,3,2,2,0.856,88.5,1,1
7.83,0,1,67.3,59.4,61.0,0.62,95.1,1,3,4,0.89,92.6,1,0
6.18,0,0,48.6,40.8,36.6,-0.59,94.6,3,3,2,0.736,75.1,0,0
7.01,0,0,37.0,65.3,52.7,1.64,93.6,3,2,2,0.894,55.6,0,0
6.93,0,0,59.8,57.7,69.8,0.58,93.3,4,3,2,0.657,80.5,1,1
7.52,1,4,54.2,58.7,70.4,1.2,80.8,2,0,1,0.94,70.5,0,0
8.07,0,0,98.0,63.3,62.3,0.91,94.8,2,3,2,0.729,71.8,1,1
8.06,0,0,58.8,68.5,92.3,1.55,100.0,3,3,0,0.706,90.4,1,1
5.65,1,2,36.2,30.6,48.5,-0.16,83.0,3,6,1,0.542,64.2,0,0
8.77,0,0,62.2,83.0,62.4,1.08,97.3,3,12,1,0.431,76.3,1,1
7.88,0,3,79.1,46.6,34.7,-0.24,96.2,1,2,3,0.612,66.5,0,0
9.12,0,3,71.8,69.6,67.0,1.79,92.8,2,2,3,0.587,63.9,1,0
8.09,0,2,57.2,72.5,69.5,1.21,100.0,1,2,0,0.911,62.8,0,0
8.81,0,0,81.6,56.1,81.5,1.07,99.1,3,3,2,0.458,61.1,1,1
8.11,0,0,49.6,42.2,86.8,1.48,99.4,4,3,2,0.489,56.1,1,1
9.08,0,1,83.3,75.8,54.3,1.27,98.8,1,0,1,0.847,100.0,1,1
8.17,0,4,88.1,41.2,55.2,-0.38,94.7,3,2,0,0.374,72.2,0,0
7.49,0,0,66.7,39.2,33.7,-0.96,69.4,3,0,0,0.659,78.1,0,0
10.0,2,1,92.7,95.6,60.9,1.65,98.4,2,0,1,0.956,63.3,0,0
8.58,0,0,81.2,66.5,56.6,0.53,100.0,3,2,2,0.45,58.4,1,1
8.23,0,0,87.8,83.5,70.4,1.04,98.2,3,6,0,0.925,61.7,1,1
6.2,0,0,61.5,26.3,53.2,-0.2,74.8,3,6,1,0.559,61.1,1,0
6.18,0,1,52.1,41.7,22.1,-0.85,95.4,5,2,0,0.924,73.9,0,0
7.92,0,0,75.1,67.7,45.5,0.11,100.0,3,3,1,0.564,69.6,0,0
7.76,0,0,52.0,44.0,26.1,-0.91,74.4,1,3,1,0.565,96.8,0,0
6.92,0,4,63.6,65.6,52.0,0.18,97.7,5,0,1,0.771,60.8,0,0
7.76,0,0,50.5,67.5,44.9,-0.22,95.9,1,0,2,0.826,78.9,0,0
9.35,0,0,74.1,55.3,100.0,1.59,99.7,4,3,0,0.738,42.8,1,2
8.36,0,0,31.7,66.5,72.8,1.15,78.5,3,0,1,0.702,65.4,1,0
6.34,0,0,53.3,50.2,38.1,-0.98,92.6,3,2,2,0.913,100.0,0,0
7.48,0,0,52.0,49.0,43.2,-0.42,100.0,3,2,3,0.743,54.3,0,0
6.71,1,3,65.5,28.1,18.7,-1.49,100.0,1,3,2,0.919,83.1,0,0
7.17,0,0,61.4,57.8,26.5,-0.13,95.9,2,2,3,0.649,77.6,1,0
7.15,0,1,69.9,84.6,39.5,0.29,96.6,3,3,4,0.638,66.3,0,0
7.07,0,0,42.7,47.4,37.3,-0.98,100.0,3,3,3,0.662,51.2,1,0
6.22,0,0,59.7,65.4,21.6,-0.69,97.2,6,12,4,0.951,67.4,1,1
7.46,0,0,84.9,46.5,61.3,0.07,97.0,3,6,2,0.873,61.3,1,1
6.98,0,0,64.0,54.8,58.1,0.6,100.0,2,0,3,0.944,57.9,0,0
5.0,0,0,44.5,40.8,16.7,-1.45,92.9,1,6,1,0.757,43.1,0,0
9.86,0,0,85.6,83.3,100.0,1.32,94.6,4,0,1,0.557,70.0,1,2
8.8,0,0,66.7,67.6,39.1,1.51,98.3,4,2,4,0.627,62.1,1,1
7.19,0,0,66.0,64.2,52.3,0.45,92.1,3,6,0,0.881,56.8,1,1
7.62,0,0,43.1,85.3,52.5,0.9,67.1,3,0,4,0.683,52.3,1,0
6.31,0,0,43.1,48.6,30.8,-1.29,95.9,4,6,1,0.814,61.4,1,0
9.47,0,2,58.4,71.9,66.0,0.43,99.9,2,6,0,0.826,80.8,1,1
9.69,0,0,73.4,78.9,81.1,1.64,99.1,2,6,2,0.743,75.5,1,2
7.77,0,0,70.4,95.8,54.2,1.29,92.0,3,3,1,0.685,74.2,0,0
8.73,0,3,78.3,72.9,62.7,1.21,94.9,1,0,2,0.307,61.3,0,0
7.79,0,1,63.5,52.4,35.1,-0.35,94.9,3,2,0,0.914,95.5,1,0
6.13,0,0,48.3,26.4,9.4,-2.35,96.4,2,3,4,0.942,63.4,0,0
7.15,0,0,33.8,28.1,45.6,-1.64,93.7,2,0,2,0.845,76.8,0,0
7.75,0,0,58.0,65.3,50.7,0.32,98.4,2,6,0,0.751,86.2,1,1
7.1,0,0,47.8,62.3,46.7,-0.05,94.9,3,0,0,0.852,68.7,1,0
7.36,2,1,50.7,50.4,51.4,-0.45,98.8,1,2,1,0.451,43.4,0,0
7.5,0,1,67.2,57.3,45.6,0.35,67.4,2,0,4,0.449,78.3,0,0
7.51,0,0,49.8,41.2,51.3,-0.78,94.1,2,0,1,0.738,75.2,0,0
7.66,0,4,54.3,61.1,41.5,0.21,100.0,1,2,1,0.579,50.4,0,0
6.43,0,0,24.3,52.5,69.6,0.15,65.4,3,2,3,0.809,76.5,0,0
6.81,0,0,49.6,42.4,32.3,-0.7,97.9,2,0,4,0.659,70.4,0,0
6.19,1,1,33.8,66.7,32.6,0.16,96.3,2,0,2,0.565,77.0,0,0
8.68,0,0,72.7,58.7,56.1,0.26,64.6,4,2,2,0.597,52.5,1,0
5.28,2,1,26.4,37.1,15.1,-0.78,100.0,1,3,0,0.866,82.9,0,0
8.87,0,3,74.9,84.4,71.9,2.26,99.5,5,0,1,0.42,63.9,1,1
9.12,0,0,74.5,74.3,72.7,1.39,67.3,3,3,3,0.643,57.7,1,1
7.27,0,0,77.7,52.3,43.9,0.07,94.9,2,0,1,0.789,82.7,0,0
5.0,0,0,41.0,10.0,19.9,-1.47,98.4,2,6,1,0.773,84.0,0,0
7.2,0,0,34.9,73.2,38.5,0.35,93.5,5,0,1,0.997,73.9,1,1
7.53,0,0,45.1,55.4,62.6,0.72,95.1,3,0,1,0.758,80.9,1,0
6.49,0,0,50.5,53.9,79.9,0.87,93.9,3,0,3,0.75,64.2,1,1
7.03,0,1,44.2,61.8,33.7,-0.96,94.0,3,3,0,0.593,64.9,0,0
9.28,0,0,42.2,68.3,83.5,0.97,94.8,3,6,2,0.828,89.6,1,1
8.33,0,0,84.5,63.9,65.8,1.79,99.7,2,3,2,0.496,38.5,1,1
6.58,0,0,59.5,66.1,56.0,0.69,91.7,2,3,3,0.863,42.4,1,0
5.84,2,1,49.7,23.6,47.7,-0.76,98.3,3,0,1,0.811,67.6,0,0
7.24,0,0,50.1,84.4,55.6,1.46,97.8,4,0,1,0.897,63.9,1,1
7.37,0,0,63.8,45.6,52.7,-0.31,99.9,2,6,2,0.714,88.3,1,1
8.15,0,1,58.0,48.1,54.9,0.36,97.8,3,2,2,0.848,65.7,1,0
7.01,0,0,57.6,54.0,35.4,-0.37,74.4,6,2,0,0.83,75.1,1,0
8.16,0,0,55.6,95.7,61.2,1.57,94.6,2,3,0,0.812,84.0,1,1
9.73,1,2,100.0,55.3,58.6,0.27,100.0,2,0,1,0.923,85.0,0,0
8.5,0,0,51.1,66.5,56.3,0.19,13.2,2,6,0,0.848,56.2,0,0
7.55,1,4,75.3,64.7,75.5,0.85,95.5,1,3,2,0.57,77.2,0,0
7.4,0,0,59.5,56.9,55.6,0.02,99.7,3,2,1,0.445,47.5,1,0
7.21,0,0,51.2,59.6,67.6,0.8,95.7,2,2,1,0.709,84.3,0,0
8.9,1,2,76.0,62.8,98.2,1.27,97.0,1,3,0,0.843,66.6,0,0
6.91,0,0,62.9,42.6,44.7,-0.84,95.2,3,0,4,0.624,79.6,0,0
7.65,0,1,77.9,57.1,60.5,0.56,98.6,4,0,2,0.803,67.3,0,0
7.66,0,1,65.3,43.4,51.4,-0.15,94.0,4,0,1,0.894,67.1,1,0
7.05,1,2,44.8,51.9,34.9,-0.38,96.1,5,0,0,0.532,76.9,0,0
6.09,0,4,46.6,36.6,20.9,-1.29,95.0,4,2,2,0.894,75.9,0,0
7.96,0,0,86.4,55.9,75.6,1.99,97.8,1,3,1,0.446,63.1,0,0
7.53,0,1,76.5,62.3,59.2,0.63,98.2,2,6,2,0.678,52.4,1,0
8.15,0,0,77.4,39.2,96.0,1.14,93.7,1,3,2,0.906,64.6,1,1
7.01,0,0,64.7,48.9,66.7,0.57,98.2,2,2,0,0.879,75.2,1,0
8.94,0,1,82.8,100.0,59.2,1.82,92.6,1,6,1,0.829,89.3,1,1
6.64,0,0,65.3,32.8,59.8,-0.08,100.0,3,6,0,0.76,67.8,1,0
9.48,0,0,74.4,97.3,73.3,2.1,95.5,3,3,4,0.739,59.3,1,1
5.68,0,0,25.5,38.2,55.0,0.06,100.0,2,0,2,0.819,54.0,0,0
8.08,0,0,66.6,55.4,53.2,0.11,97.6,3,0,3,0.555,73.9,1,0
8.12,0,3,56.4,45.9,43.5,-0.26,97.7,1,0,0,0.657,66.6,0,0
6.72,0,0,39.6,50.9,31.4,0.04,93.5,2,12,1,0.364,63.2,0,0
8.07,0,0,57.0,84.1,48.4,0.8,99.5,2,2,2,0.972,92.9,1,1
9.01,2,2,100.0,68.6,58.0,0.29,97.1,6,3,0,0.841,76.7,0,0
5.16,0,0,38.2,30.6,16.6,-1.67,90.7,5,3,2,0.356,77.6,0,0
8.15,0,0,70.9,78.8,78.3,0.74,96.7,1,3,2,0.84,63.9,1,1
5.0,0,0,20.3,34.8,57.3,-0.04,97.4,5,0,4,0.531,70.4,0,0
6.54,0,0,28.3,24.9,19.5,-1.05,94.3,2,0,0,0.283,73.1,0,0
9.39,0,0,69.1,79.7,100.0,1.79,96.5,3,3,2,0.709,63.7,1,2
6.96,0,1,71.9,72.7,39.9,0.23,95.7,3,3,3,0.826,82.3,1,1
6.31,0,0,52.1,43.9,47.0,0.16,94.9,3,2,2,0.758,63.0,0,0
7.38,2,3,66.0,17.8,23.8,-1.15,97.4,2,0,1,0.797,86.5,0,0
9.87,0,1,92.6,89.1,92.9,2.81,98.1,1,0,0,0.6,81.3,1,1
5.59,0,0,33.8,33.7,0.0,-2.78,97.8,2,0,4,0.803,78.8,0,0
6.44,0,0,66.1,20.3,48.0,-0.53,96.7,3,2,0,0.888,72.1,0,0
9.25,0,0,69.9,53.2,80.6,0.49,98.2,3,2,4,0.547,69.5,1,1
9.64,0,0,98.3,94.7,84.2,1.73,97.7,4,6,1,0.776,85.4,1,2
7.49,0,2,65.2,47.1,41.6,-0.02,78.9,1,6,3,0.619,65.8,0,0
6.24,0,0,25.9,30.9,49.7,-0.37,97.5,6,2,1,0.941,38.8,1,0
9.91,0,0,75.1,83.5,90.9,2.4,100.0,6,3,3,0.616,67.1,1,2
9.35,0,0,57.1,68.9,73.5,0.83,93.4,1,3,1,0.94,65.6,1,1
8.35,0,0,82.4,68.2,77.3,1.9,96.0,2,3,2,0.805,61.6,1,1
6.71,0,0,51.8,45.9,43.8,-0.02,98.0,3,2,0,0.589,85.0,0,0
7.55,0,0,33.7,41.2,65.1,0.66,92.3,2,0,1,0.695,50.7,1,0
7.42,0,0,63.7,49.5,51.8,-0.38,100.0,3,0,2,0.692,67.7,1,0
7.96,0,0,58.2,68.8,64.5,1.37,97.8,2,6,0,0.5,70.5,1,1
9.2,0,0,59.2,76.7,85.7,1.66,99.9,3,3,2,0.738,63.0,1,2
8.57,0,1,90.8,68.1,60.6,0.51,100.0,2,0,1,0.443,84.6,0,0
6.41,0,0,50.4,72.7,19.8,-0.25,98.2,2,0,1,0.574,94.3,0,0
9.11,0,0,72.6,85.5,79.3,2.0,90.3,3,2,1,0.898,73.4,1,2
7.94,0,0,59.7,74.3,81.7,1.26,97.4,5,2,1,0.615,76.5,1,2
8.36,0,0,50.4,64.6,70.7,1.84,97.6,3,0,0,0.851,81.5,1,1
9.21,1,3,61.5,79.4,81.3,2.42,93.7,1,3,0,0.747,74.9,0,0
6.38,0,0,64.2,39.1,40.8,-0.31,91.6,2,0,1,0.44,97.4,0,0
7.56,0,0,54.9,69.1,69.0,1.23,98.4,2,0,1,0.923,66.3,1,1
7.02,1,2,55.4,50.6,45.8,0.01,93.3,3,6,2,0.78,77.9,0,0
5.88,0,1,19.2,42.7,27.3,-1.54,100.0,2,3,2,0.797,66.9,0,0
7.98,0,0,49.0,65.0,80.7,1.4,97.8,3,2,1,0.883,90.0,1,1
10.0,0,0,92.3,84.7,75.5,1.66,78.7,4,6,2,0.833,59.8,1,2
5.58,2,1,45.3,77.5,47.9,0.31,97.1,1,6,1,0.91,59.8,0,0
7.56,0,0,81.7,48.9,75.7,0.71,99.3,4,0,0,0.927,72.4,1,1
8.3,0,1,84.2,56.9,74.9,0.03,97.2,3,0,2,0.437,92.7,1,0
7.74,1,1,59.6,69.8,35.3,-0.49,62.2,4,0,0,0.753,93.4,0,0
7.48,2,1,65.4,48.9,55.2,0.52,90.9,5,6,1,0.688,48.3,0,0
6.17,0,0,42.9,38.8,35.4,-0.04,99.7,2,3,0,0.751,85.9,0,0
7.86,1,1,88.2,46.2,50.3,-0.45,99.0,2,0,2,0.808,73.6,1,0
6.77,0,0,66.5,56.3,48.8,0.17,96.5,2,2,1,0.535,65.0,1,0
5.19,2,1,38.9,39.2,41.1,-0.1,66.3,2,3,0,0.635,91.8,0,0
8.91,0,0,76.5,68.6,63.7,0.66,96.1,2,0,0,0.766,82.6,1,0
8.65,0,0,88.9,80.2,65.8,1.47,97.8,4,3,0,0.971,81.9,1,1
7.66,0,0,68.5,33.2,52.5,-0.3,100.0,1,0,2,0.663,77.7,0,0
7.85,0,0,82.2,51.5,80.2,1.51,95.4,2,0,2,0.876,66.1,1,1
8.78,0,0,46.5,69.2,65.8,0.44,91.9,3,0,0,0.672,74.7,1,0
7.85,0,2,69.0,44.9,36.9,-0.99,78.7,4,6,0,0.91,76.5,0,0
8.59,0,0,64.8,45.1,39.8,-0.34,89.9,3,6,1,0.862,57.1,1,1
7.27,0,1,78.8,50.7,58.8,0.35,63.3,1,6,4,0.889,81.5,1,1
9.04,0,0,94.0,84.2,59.8,1.06,100.0,3,6,1,0.257,91.0,1,1
7.95,0,0,64.9,80.4,72.5,1.66,99.8,2,0,2,0.852,92.0,1,1
7.81,0,0,81.6,53.3,34.8,-0.81,98.5,6,6,1,0.91,59.9,1,1
6.2,0,0,68.4,53.5,29.7,-1.15,95.6,6,0,0,0.735,68.1,0,0
7.92,0,2,65.0,71.0,36.0,-0.2,99.0,1,3,3,0.622,83.1,0,0
6.68,0,0,81.5,65.6,53.0,0.29,100.0,3,2,0,0.713,70.3,0,0
6.9,0,0,53.6,46.0,59.5,0.11,33.6,4,0,2,0.651,63.3,0,0
6.7,0,0,49.5,23.6,51.5,-0.03,97.7,2,0,4,0.756,88.8,0,0
6.43,0,3,59.7,46.7,22.6,-0.68,97.9,3,2,1,0.58,69.5,0,0
9.94,0,0,80.1,70.1,70.8,1.35,97.8,2,3,0,0.744,52.6,1,1
9.06,0,0,76.7,64.6,78.0,1.35,97.1,1,2,1,0.877,83.0,1,1
9.71,0,0,99.0,77.6,51.2,0.48,100.0,5,3,2,0.681,87.3,1,1
6.25,0,0,47.8,39.1,35.7,-1.06,96.4,3,0,3,0.916,67.1,0,0
7.68,0,0,41.4,61.4,84.4,0.92,97.0,4,3,2,0.719,82.0,1,1
6.18,1,2,51.2,52.8,35.9,-0.69,97.9,3,3,1,0.761,48.2,0,0
6.83,0,0,45.0,45.0,20.2,-1.12,96.5,2,0,1,0.72,71.5,0,0
6.59,0,0,61.3,53.0,33.1,-0.96,66.8,2,0,2,0.871,66.1,0,0
8.96,0,0,83.0,73.8,61.2,0.97,97.6,4,6,2,0.733,92.2,1,1
7.16,0,0,74.3,66.9,89.5,1.61,97.7,1,3,0,0.641,90.1,1,1
8.78,0,0,83.6,68.9,100.0,1.93,95.9,2,2,2,0.887,67.9,1,2
8.26,0,4,80.7,64.8,77.3,1.7,96.6,2,0,4,0.737,69.0,0,0
10.0,1,1,77.0,79.8,78.8,0.64,87.5,2,0,2,0.675,96.4,0,0
5.97,0,2,54.4,38.4,58.3,-0.13,100.0,1,0,0,0.859,92.9,0,0
8.99,0,1,98.5,62.9,52.4,-0.57,99.7,4,0,0,0.813,58.3,1,0
8.86,0,0,65.3,60.1,90.7,1.68,93.0,2,0,1,0.896,70.5,1,1
6.53,0,0,71.9,57.7,60.1,0.81,95.0,4,0,2,0.683,81.1,1,1
8.71,0,0,65.5,55.6,66.8,0.14,78.2,2,0,1,0.914,78.8,1,0
7.97,0,0,54.5,58.2,81.1,0.73,93.5,3,3,0,0.8,86.1,1,1
7.35,0,0,62.1,70.1,45.1,-0.4,98.4,3,0,2,0.934,65.4,1,0
6.69,0,0,60.5,43.7,22.6,-1.03,95.5,3,2,2,0.761,81.5,0,0
6.81,0,0,64.0,61.5,64.3,0.6,98.2,3,0,0,0.626,74.7,1,0
9.85,1,2,72.0,75.1,81.7,1.5,97.2,3,2,0,0.458,87.7,1,0
7.6,0,1,66.2,43.9,67.0,0.29,96.2,4,0,2,0.596,64.2,0,0
8.46,1,3,61.4,45.7,99.3,1.16,98.2,1,0,2,0.893,61.8,0,0
6.73,0,0,34.4,67.4,32.8,0.26,95.5,3,12,2,0.699,79.0,1,1
6.74,0,0,41.3,33.2,43.3,-0.49,31.4,3,2,1,0.682,77.9,0,0
8.79,0,0,63.9,82.2,98.7,1.87,94.2,2,0,1,0.842,69.4,1,2
6.12,0,0,52.4,28.3,50.4,-0.75,93.9,3,0,4,0.605,75.0,0,0
7.14,0,0,70.3,72.0,38.1,-0.26,92.2,3,2,2,0.614,71.8,1,0
7.64,0,0,43.7,89.9,39.5,1.1,98.1,3,2,1,0.814,85.1,1,1
7.72,0,0,66.4,36.3,48.2,-0.08,96.5,1,0,3,0.652,71.9,1,0
7.4,0,0,44.9,41.2,40.5,-0.56,98.1,2,2,4,0.818,75.1,1,0
8.04,0,0,72.9,74.2,65.7,1.74,98.6,4,0,1,0.818,65.0,1,1
8.36,0,0,61.1,74.2,66.8,1.68,99.3,2,2,3,0.417,84.4,1,1
8.41,0,0,56.5,78.4,70.9,1.24,82.9,3,3,0,0.819,72.0,1,1
6.52,0,0,59.8,38.6,28.1,-1.15,89.7,5,0,0,0.621,100.0,0,0
7.29,0,0,50.8,83.0,51.2,0.63,98.7,4,2,0,0.777,65.9,1,1
8.91,0,0,70.4,74.7,35.0,-0.33,97.7,5,0,1,0.641,74.2,1,1
8.58,0,0,44.2,52.4,70.6,1.43,100.0,1,0,1,0.732,73.8,1,0
6.09,0,1,57.3,38.4,59.2,-0.35,97.0,3,6,2,0.836,70.6,0,0
7.99,1,1,74.7,46.0,35.2,-0.24,98.1,2,0,3,0.703,93.7,0,0
5.42,0,0,39.3,56.9,38.8,0.06,44.0,2,2,0,0.763,44.6,0,0
7.65,0,0,43.2,49.9,45.8,-0.26,97.1,3,0,1,0.889,84.2,0,0
9.69,0,0,96.4,88.5,95.7,3.0,96.9,3,0,1,0.983,70.7,1,2
6.56,0,0,42.6,40.5,46.5,-0.95,95.7,3,2,1,0.633,78.6,0,0
6.68,0,0,46.4,39.9,52.5,-0.17,97.5,4,3,2,0.893,66.2,0,0
8.44,0,0,97.1,41.1,67.5,0.19,98.9,3,3,1,0.519,73.4,1,1
5.9,0,0,35.6,48.3,59.7,0.67,95.7,4,2,1,0.741,74.0,1,0
6.9,0,0,62.9,69.1,54.1,0.7,99.5,5,2,3,0.714,63.8,1,1
8.26,0,1,74.3,53.0,51.4,-0.58,99.1,3,3,3,0.668,67.2,1,1
6.9,0,0,58.7,29.3,49.6,0.02,94.4,2,2,1,0.786,100.0,0,0
7.34,0,1,61.8,67.0,46.4,0.45,94.1,2,12,0,0.687,72.2,1,1
8.42,0,0,73.7,44.6,68.9,0.1,98.3,2,2,4,0.829,72.3,1,1
8.06,0,0,68.9,80.8,54.2,0.68,95.2,2,0,2,0.55,90.8,1,0
7.89,1,3,63.3,49.2,47.5,-0.62,93.9,3,2,2,0.754,82.1,0,0
7.23,1,3,75.4,39.1,55.3,-0.13,100.0,1,2,0,0.705,73.1,0,0
8.01,0,0,49.3,66.6,62.1,0.83,94.1,4,0,3,0.339,70.3,1,1
7.46,0,0,71.9,42.6,73.7,0.49,92.4,4,0,2,0.71,67.8,1,0
8.1,0,0,75.9,54.2,54.8,0.07,94.6,3,2,2,0.886,99.9,1,1
7.05,0,0,63.9,57.5,14.0,-1.68,97.7,2,6,0,0.326,59.6,0,0
7.4,0,1,72.4,22.4,47.2,-0.57,73.7,1,0,2,0.549,58.4,0,0
6.51,0,3,49.0,69.6,13.9,-1.54,100.0,2,0,0,0.55,64.1,0,0
7.56,0,0,38.2,58.8,63.2,0.65,94.7,1,3,0,0.843,57.2,0,0
6.71,0,0,51.2,30.7,15.4,-2.3,65.0,4,0,1,0.655,75.8,0,0
6.37,0,0,36.9,30.9,23.7,-1.28,100.0,3,3,0,0.881,84.0,0,0
7.88,0,0,55.1,75.6,53.1,0.67,95.0,2,3,0,0.489,66.4,0,0
7.83,0,2,48.4,69.6,86.8,1.82,99.1,1,2,2,0.467,62.4,0,0
8.46,0,2,63.9,87.5,47.2,1.09,91.5,3,0,2,0.388,84.6,0,0
7.13,0,0,49.1,43.8,50.7,0.31,100.0,4,0,0,0.66,75.6,1,0
8.05,0,0,37.0,67.7,72.0,0.48,100.0,4,0,2,0.644,34.4,1,1
8.21,0,0,75.5,71.2,90.2,1.79,95.0,2,3,1,0.888,47.3,1,2
8.09,0,0,92.5,73.7,76.1,2.2,74.4,6,6,4,0.658,80.3,1,2
6.69,1,1,59.2,64.4,65.0,0.87,100.0,3,3,0,0.717,93.5,1,0
7.76,0,0,60.2,50.4,73.7,0.47,93.1,2,2,0,0.825,74.7,1,1
8.0,0,0,64.3,61.4,39.2,-0.14,95.2,2,6,2,0.758,76.1,1,1
7.61,0,0,56.0,50.1,62.8,0.28,100.0,1,3,1,0.609,73.7,0,0
5.3,1,1,39.1,32.6,43.9,-1.06,38.6,3,3,1,0.784,82.7,0,0
7.78,0,0,62.3,70.3,41.1,0.5,98.3,4,0,1,0.986,56.3,1,1
10.0,0,2,74.9,61.8,74.6,1.32,97.2,2,0,2,0.889,76.3,1,0
7.2,0,2,77.2,69.8,37.0,-0.53,99.7,4,0,0,0.614,72.5,0,0
6.8,1,3,35.1,33.8,60.5,-0.05,98.5,3,0,1,0.75,69.6,0,0
8.01,0,0,73.7,58.8,59.9,0.3,97.3,5,0,1,0.586,64.2,0,0
7.94,0,0,63.2,79.8,54.5,0.17,90.7,3,6,1,0.937,74.3,1,1
8.91,0,0,96.9,77.6,48.9,0.01,54.0,1,3,1,0.887,60.8,1,1
6.22,0,0,51.3,48.1,38.4,-0.94,99.2,1,3,3,0.496,65.9,0,0
8.4,0,0,64.7,50.9,55.6,0.19,93.3,4,2,1,0.883,80.3,1,1
8.25,0,0,64.5,51.1,68.4,0.45,93.5,2,0,1,0.495,74.0,1,0
7.44,0,0,59.9,70.1,33.8,-0.48,98.6,2,0,1,0.597,51.9,0,0
7.97,0,2,51.0,54.5,63.9,0.4,68.6,4,2,2,0.31,86.9,1,0
8.73,0,0,63.1,64.1,61.9,1.01,98.4,6,0,1,0.834,65.4,1,1
8.56,0,0,49.2,82.7,45.2,0.71,94.5,4,0,2,0.561,78.2,1,1
6.34,1,1,37.4,30.1,17.2,-1.13,97.9,3,0,1,0.762,68.7,0,0
8.5,0,1,71.1,72.3,45.8,0.27,99.0,1,0,2,0.543,71.7,1,0
7.53,1,2,63.9,58.4,51.6,0.88,95.2,1,0,1,0.695,88.4,0,0
7.68,0,1,38.0,59.4,59.3,0.66,96.6,3,0,0,0.878,60.5,0,0
7.68,1,2,60.2,52.2,62.0,0.25,94.4,2,6,2,0.886,73.3,0,0
7.43,0,0,66.1,48.7,59.8,0.33,100.0,1,2,2,0.655,60.5,0,0
8.91,0,0,72.2,57.9,58.3,-0.05,97.5,3,2,2,0.676,76.3,1,1
7.51,0,0,52.5,64.3,74.1,1.0,95.0,2,2,1,0.543,44.6,1,0
6.37,0,0,43.7,35.7,33.5,-0.7,93.5,3,3,0,0.461,59.0,0,0
7.17,0,0,50.2,67.4,59.1,0.93,93.2,3,3,3,0.927,94.8,1,1
7.8,0,0,55.3,57.6,55.6,0.19,59.4,1,6,0,0.734,46.9,0,0
8.95,0,0,76.6,58.7,79.2,2.26,96.5,3,0,1,0.738,66.7,1,1
8.26,0,0,95.3,62.6,60.3,0.55,95.8,4,3,3,0.324,65.1,1,1
6.66,0,0,42.7,42.6,52.1,-0.77,96.4,2,12,1,0.781,76.1,1,1
10.0,0,2,81.2,99.1,84.9,2.74,95.1,4,0,1,0.658,61.3,1,2
7.89,0,0,63.3,56.6,74.3,1.2,96.7,2,0,2,0.845,74.1,1,0
9.0,0,1,66.8,70.2,58.3,0.82,97.1,2,2,4,0.83,65.9,1,1
7.43,0,0,72.5,76.5,22.3,-0.52,97.0,3,3,0,0.83,56.8,1,1
8.19,1,2,38.4,72.2,45.7,0.51,93.2,2,0,0,0.669,62.7,0,0
8.52,0,2,63.9,92.0,86.5,2.8,85.0,3,2,1,0.548,71.1,1,1
8.94,0,0,84.2,91.0,69.5,1.64,73.0,3,6,1,0.613,79.6,1,1
8.76,0,0,69.1,59.0,71.8,0.34,95.0,3,0,2,0.66,59.8,1,1
8.56,0,0,60.7,83.0,48.7,-0.69,94.9,5,0,1,0.638,67.2,1,1
7.25,0,4,62.8,76.1,53.2,0.84,93.8,4,12,1,0.669,79.2,1,1
6.97,0,2,65.6,73.1,30.2,-0.54,97.8,6,3,1,0.709,62.0,0,0
7.97,0,2,67.2,76.5,44.8,0.38,99.7,3,3,0,0.574,64.6,1,0
8.63,0,0,61.6,83.4,61.3,0.8,94.8,2,0,0,0.824,65.1,1,1
7.36,0,0,64.0,51.7,61.3,0.06,83.1,2,6,1,0.568,80.4,1,0
8.77,2,2,67.9,59.8,80.2,0.92,93.9,2,6,2,0.678,68.4,0,0
9.2,0,0,85.9,71.2,85.8,1.4,95.7,2,3,1,0.77,91.7,1,2
6.59,0,0,68.7,24.2,15.5,-1.41,93.3,3,0,1,0.742,78.4,0,0
6.68,0,0,20.5,67.3,45.0,0.45,95.2,3,2,1,0.79,61.6,1,0
7.45,1,2,60.8,52.9,50.8,-0.39,95.3,2,0,4,0.492,77.3,0,0
7.94,0,0,43.6,80.4,32.7,-0.33,97.0,4,0,0,0.485,81.0,1,0
7.02,0,0,84.5,35.0,49.6,-0.2,92.6,3,3,1,0.904,58.8,1,0
9.09,0,0,70.3,90.1,69.5,1.96,35.7,1,0,1,0.722,80.0,0,0
8.07,0,1,74.6,56.8,71.0,1.27,78.4,1,0,4,0.869,65.0,1,0
7.64,0,0,61.0,41.1,58.2,-0.33,100.0,1,2,1,0.728,68.9,1,0
6.02,0,0,35.6,64.0,27.4,-0.05,95.2,2,0,1,0.689,85.7,0,0
6.15,0,0,35.5,58.2,55.5,-0.35,99.0,4,0,0,0.614,59.2,0,0
7.91,1,1,83.1,65.0,19.9,-0.75,66.2,4,0,0,0.598,68.0,0,0
5.25,0,4,49.0,33.3,26.9,-0.95,96.9,2,2,1,0.841,71.7,0,0
8.71,2,1,95.5,77.0,37.8,-0.64,97.5,2,0,2,0.468,82.2,0,0
7.43,0,0,59.9,59.4,37.7,0.64,99.0,3,2,2,0.628,60.7,0,0
10.0,0,2,88.5,73.9,94.4,2.54,69.2,4,0,2,0.505,78.8,1,2
10.0,0,0,81.8,79.2,62.1,1.31,94.6,2,0,3,0.545,93.1,1,1
7.4,0,0,55.6,83.9,28.2,-0.36,99.2,3,6,0,0.267,75.0,1,0
7.48,0,0,47.3,94.7,97.7,2.56,100.0,4,0,0,0.934,48.5,1,2
8.7,0,0,73.0,92.5,44.9,1.09,71.0,4,2,2,0.844,91.1,1,1
9.47,0,1,70.3,85.9,100.0,2.02,100.0,4,2,1,0.448,72.5,1,2
5.8,0,0,48.3,34.1,31.5,-1.04,89.2,2,0,3,0.505,100.0,0,0
5.63,0,0,43.4,25.8,23.2,-1.07,98.8,3,0,3,0.813,70.7,0,0
6.92,0,0,57.6,40.8,58.2,-0.53,97.8,1,6,0,0.865,88.2,1,0
8.24,0,0,87.5,57.9,88.0,1.57,86.0,3,2,2,0.596,100.0,1,2
8.15,0,0,66.0,94.7,42.1,0.03,70.0,2,2,0,0.749,47.3,1,0
8.78,0,0,81.8,96.8,61.1,1.03,95.5,3,3,1,0.771,65.0,1,1
6.28,0,0,72.4,54.5,55.6,0.09,99.7,1,0,2,0.836,69.1,0,0
5.05,0,0,51.2,17.1,30.8,-1.16,93.8,3,3,1,0.802,91.9,0,0
8.54,0,0,84.3,81.5,87.4,1.66,87.0,3,2,0,0.48,61.4,1,1
6.69,0,1,48.2,45.2,54.5,0.1,96.9,4,2,0,0.827,88.4,1,0
5.38,0,0,41.6,5.0,62.1,-0.87,96.4,3,3,0,0.581,71.4,0,0
7.76,0,2,46.8,64.4,61.3,0.48,98.7,3,2,1,0.511,64.4,0,0
8.47,0,3,75.7,56.4,70.7,1.33,93.7,4,0,2,0.782,63.3,0,0
7.47,0,1,63.0,45.8,60.4,-0.21,94.7,2,3,2,0.899,87.3,0,0
7.1,0,0,56.2,49.6,47.6,0.21,96.6,3,3,2,0.734,78.9,0,0
7.42,0,0,71.6,49.7,69.4,0.64,93.4,3,2,1,0.868,64.7,1,0
7.19,1,4,42.4,53.6,55.6,0.04,73.3,2,2,1,0.923,97.5,0,0
6.12,0,0,65.8,41.1,52.6,-0.6,94.6,6,0,0,0.743,76.8,0,0
6.81,0,0,64.0,23.7,63.8,-0.58,99.4,2,2,3,0.284,82.5,0,0
8.17,0,0,65.9,86.2,70.8,1.2,94.4,1,6,0,0.444,100.0,0,0
7.95,0,0,62.8,48.7,69.5,0.56,99.1,2,3,0,0.455,83.6,1,0
7.78,0,3,68.6,47.3,40.2,-0.14,92.2,1,3,0,0.349,86.7,0,0
6.51,0,0,68.3,42.0,33.2,-0.86,100.0,2,3,1,0.641,69.2,0,0
7.4,0,0,60.2,54.9,69.0,0.65,100.0,1,0,2,0.58,73.5,0,0
5.21,0,0,38.8,52.7,53.1,0.13,72.6,2,2,1,0.793,66.8,0,0
7.8,0,0,63.2,64.5,23.6,-0.37,94.5,4,2,2,0.83,70.0,1,1
9.17,0,0,98.1,83.8,64.8,1.5,98.4,1,2,4,0.769,76.8,1,1
5.98,0,0,40.4,44.6,37.2,-1.1,92.4,3,0,3,0.802,58.7,0,0
6.96,2,1,54.2,54.8,32.6,-0.59,97.1,1,2,0,0.704,87.7,0,0
7.96,0,0,82.2,66.9,45.7,0.72,73.9,4,0,1,0.737,79.9,1,1
8.98,0,1,76.5,46.7,81.3,0.44,96.2,5,3,2,0.792,74.5,1,1
7.11,0,0,69.7,49.7,78.7,0.98,95.1,3,6,4,0.891,77.7,1,1
6.84,0,0,42.4,66.5,10.5,-1.02,94.6,4,0,2,0.94,70.4,1,0
5.43,0,0,36.9,90.0,27.1,-0.1,100.0,3,2,1,0.712,51.8,0,0
7.71,0,0,80.0,43.0,65.9,1.01,99.3,2,3,0,0.605,50.0,1,0
9.85,1,1,75.3,89.2,97.2,2.46,92.6,2,0,1,0.734,62.6,0,0
7.91,2,1,62.2,54.0,65.6,1.21,94.4,4,0,0,0.494,89.8,0,0
7.58,0,0,63.8,87.0,87.6,2.08,75.8,2,3,0,0.819,57.8,1,1
7.95,0,0,52.7,43.5,61.0,0.41,99.9,5,3,2,0.632,64.2,1,1
7.59,1,1,55.9,67.2,79.7,1.14,92.8,6,2,1,0.777,100.0,1,0
6.71,0,0,53.4,29.1,33.8,-1.23,99.1,2,6,0,0.805,67.2,1,0
8.51,0,0,70.6,64.1,68.1,1.08,97.8,3,6,0,0.74,39.8,1,1
7.85,1,3,78.8,60.9,37.4,-0.01,91.2,3,6,0,0.667,66.4,0,0
7.62,0,0,79.7,73.8,72.6,1.52,77.8,4,0,0,0.512,61.4,1,1
6.53,1,4,40.0,31.7,41.2,-0.55,96.6,3,0,3,0.159,69.7,0,0
9.03,0,0,76.7,83.7,79.8,1.21,97.1,3,3,2,0.703,74.0,1,2
8.33,0,1,76.4,66.9,59.3,0.36,93.0,3,3,1,0.638,100.0,1,1
6.99,0,0,73.1,55.7,59.5,0.78,94.7,2,0,2,0.756,74.5,0,0
8.7,0,0,80.6,84.1,76.6,0.86,69.4,5,2,1,0.702,63.5,1,1
7.05,0,0,59.0,34.6,31.7,-0.83,95.4,1,6,2,0.933,66.0,1,0
6.74,0,0,60.4,60.5,29.0,-0.51,95.4,1,0,0,0.636,67.2,0,0
6.76,0,0,60.7,41.4,45.7,0.01,96.6,2,6,0,0.618,84.9,0,0
5.65,0,0,30.4,52.5,44.7,0.05,97.9,2,2,0,0.486,87.1,0,0
8.12,0,0,68.5,69.0,96.0,1.69,100.0,3,3,0,0.924,59.9,1,2
5.59,1,1,58.4,33.5,37.5,-1.07,99.6,1,0,0,0.676,72.6,0,0
6.25,0,0,45.0,35.5,58.1,-0.26,100.0,3,2,2,0.706,60.6,0,0
5.32,0,0,39.7,45.0,0.0,-1.55,95.6,2,3,0,0.504,65.0,0,0
7.51,0,0,57.1,75.2,91.3,1.02,94.0,2,2,1,0.913,79.3,1,1
7.43,0,0,31.6,49.3,65.1,0.55,99.4,2,2,2,0.807,78.0,1,0
7.24,0,0,57.7,38.8,51.0,-0.57,91.8,4,2,2,0.873,63.9,1,0
6.45,0,0,53.2,55.7,39.5,-0.15,99.2,3,0,0,0.474,96.6,0,0
6.31,0,1,42.0,24.1,20.8,-1.41,94.4,2,6,0,0.43,81.0,0,0
8.11,0,0,52.3,45.9,47.5,-0.84,98.9,3,6,3,0.767,86.8,1,1
6.99,0,0,44.4,37.1,83.3,0.73,96.5,5,0,2,0.872,71.8,1,1
7.95,0,2,73.7,56.6,42.6,-0.04,86.9,2,6,2,0.689,74.0,0,0
6.63,0,1,74.9,29.2,26.4,-1.22,95.9,3,3,1,0.708,80.6,0,0
7.8,0,0,79.6,33.6,46.0,-0.55,98.5,5,2,0,0.532,74.4,0,0
9.03,1,1,59.2,58.5,51.8,-0.24,99.3,1,0,1,0.805,81.8,0,0
8.24,0,0,77.7,74.7,64.2,0.59,95.9,3,0,0,0.828,84.0,1,1
7.15,0,1,48.5,35.8,70.4,-0.19,98.0,2,2,2,0.875,53.3,1,0
7.88,0,0,56.8,56.9,48.6,0.33,98.0,4,2,2,0.48,73.0,1,0
7.34,0,0,52.8,82.9,28.3,-0.04,99.2,1,2,2,0.573,58.7,0,0
7.61,0,4,69.6,58.0,61.6,0.54,100.0,6,0,1,0.964,58.2,0,0
7.24,0,0,68.9,59.5,50.9,-0.44,100.0,4,3,1,0.475,84.5,1,0
7.42,0,0,58.0,43.4,72.1,0.58,95.6,2,2,2,0.671,77.8,1,0
7.83,0,0,62.4,91.5,50.8,1.2,100.0,4,12,2,0.54,85.4,1,1
6.51,0,0,55.6,39.0,38.4,-1.37,87.1,5,0,0,0.821,72.4,0,0
6.48,0,0,56.6,43.1,40.1,-0.7,93.7,1,0,2,0.474,71.6,0,0
6.07,0,0,59.8,60.2,39.5,-0.75,95.0,5,2,1,0.706,79.9,0,0
5.84,0,0,28.0,36.7,28.0,-1.2,94.5,2,0,1,0.845,83.4,0,0
6.26,0,0,47.9,44.5,30.1,-1.14,99.2,1,2,1,0.937,61.3,0,0
7.78,0,0,49.9,56.6,25.0,-0.53,94.0,1,0,1,0.902,77.4,0,0
6.62,0,0,50.6,43.9,34.2,-0.59,94.7,4,2,0,0.335,66.5,1,0
8.16,0,0,63.9,70.0,75.9,1.82,95.4,6,2,2,0.84,66.5,1,2
7.64,0,2,60.8,66.8,72.0,1.08,94.4,4,2,3,0.548,82.8,1,1
5.43,0,0,29.7,25.8,21.7,-1.35,91.4,2,0,1,0.547,74.9,0,0
8.32,0,0,50.4,55.8,88.2,1.18,90.3,5,3,2,0.777,72.7,1,1
8.49,2,1,44.8,59.9,66.4,0.32,95.9,2,6,1,0.459,48.7,0,0
6.51,0,1,48.5,27.0,19.0,-1.21,97.8,1,0,3,0.731,66.8,0,0
8.06,0,0,60.5,41.4,32.0,-0.29,99.0,2,3,1,0.547,79.6,1,0
6.66,0,2,43.5,52.4,66.8,0.9,92.9,6,0,0,0.466,83.6,1,0
7.71,0,0,77.9,72.9,50.8,0.59,93.0,3,2,3,0.888,69.9,1,1
6.21,0,2,36.8,55.5,17.7,-1.35,95.4,2,0,2,0.477,68.3,0,0
5.63,0,0,58.3,5.0,0.0,-2.21,97.0,3,2,1,0.637,54.4,0,0
7.18,0,0,76.3,50.5,44.0,0.04,100.0,2,0,2,0.663,64.1,0,0
7.46,0,0,36.2,41.7,61.9,1.02,99.2,1,2,0,0.93,70.1,0,0
7.16,2,1,57.7,55.8,38.4,-0.72,95.9,2,12,2,0.56,74.3,0,0
6.3,0,0,43.2,38.4,21.6,-0.86,33.1,1,3,2,0.843,81.3,0,0
7.16,0,0,21.7,62.0,41.0,0.19,94.5,2,6,1,0.678,83.3,1,0
7.9,0,0,46.6,61.6,82.1,1.19,97.2,3,2,2,0.67,50.8,1,1
7.55,2,2,69.8,31.5,30.5,-0.51,96.8,2,0,0,0.445,72.8,0,0
7.8,1,1,87.2,47.3,47.1,0.0,100.0,3,0,0,0.548,68.2,0,0
6.86,0,0,64.5,50.6,69.1,0.28,98.5,3,0,1,0.916,75.3,1,1
8.89,0,0,77.8,74.0,80.6,1.51,94.7,3,2,3,0.613,76.4,1,1
6.31,0,0,47.8,24.7,43.9,-1.15,94.7,1,2,0,0.717,55.5,0,0
8.14,0,0,86.6,43.0,51.0,-0.31,96.0,2,2,1,0.883,100.0,1,0
8.9,1,2,99.8,73.7,72.4,1.55,92.3,2,2,2,0.541,77.9,0,0
8.13,0,0,59.2,44.8,52.9,0.38,96.3,2,0,2,0.75,60.4,0,0
7.38,0,0,34.8,32.8,38.1,-0.69,86.9,3,0,2,0.805,66.8,0,0
7.02,0,0,30.0,46.0,29.8,-1.06,75.0,3,2,3,0.647,57.1,0,0
8.74,0,0,88.3,64.3,84.0,1.6,98.8,2,2,1,0.424,70.2,1,1
6.03,0,0,44.8,29.1,36.3,-0.63,97.3,4,12,3,0.744,72.1,0,0
6.53,0,0,52.5,37.0,49.1,-1.11,92.1,2,0,2,0.741,79.9,0,0
7.16,0,0,35.1,54.0,53.7,0.26,93.3,3,3,2,0.775,66.6,0,0
8.96,0,0,65.6,63.5,80.5,1.24,95.2,4,3,1,0.56,100.0,1,2
8.02,0,0,61.6,64.2,56.6,0.92,99.0,3,0,0,0.72,63.2,1,0
6.54,0,0,52.8,41.6,34.8,-0.54,98.9,2,6,0,0.546,64.9,0,0
7.26,0,0,52.8,57.2,37.4,-0.07,96.3,4,0,2,0.541,72.1,1,0
6.92,0,1,41.8,63.5,22.6,-0.81,100.0,3,6,1,0.532,62.1,0,0
6.82,0,0,43.8,61.8,26.6,-0.52,73.4,2,0,1,0.642,83.4,0,0
8.68,0,0,86.3,88.5,62.5,1.65,100.0,4,2,2,0.718,57.9,1,1
6.09,2,1,48.8,53.7,9.2,-1.3,99.1,1,3,2,0.562,80.7,0,0
9.37,0,0,86.0,81.4,52.6,0.85,98.4,2,0,1,0.31,69.5,1,1
8.51,0,0,59.3,62.6,85.9,0.86,98.2,3,0,1,0.948,98.0,1,1
8.8,0,0,37.6,66.4,74.6,1.16,91.6,4,0,2,0.933,62.5,1,1
7.09,0,0,49.6,40.7,42.0,-1.28,93.8,2,0,1,0.894,91.2,0,0
7.44,0,0,49.0,56.8,95.1,1.45,96.3,3,2,3,0.823,75.4,1,1
6.02,0,0,49.4,51.0,7.6,-1.36,75.2,1,3,2,0.888,80.2,0,0
7.02,0,1,94.7,42.1,66.8,0.69,96.6,2,0,2,0.604,51.8,0,0
8.14,0,2,74.8,64.1,60.7,0.27,97.8,2,0,0,0.562,71.1,0,0
9.03,0,0,100.0,64.8,87.4,1.73,90.7,4,0,1,0.389,69.5,1,2
6.38,0,0,55.6,48.1,43.5,0.33,39.8,1,0,2,0.561,83.9,0,0
7.2,0,0,49.4,46.5,17.7,-1.41,97.2,1,6,0,0.655,67.1,0,0
7.43,0,0,63.5,46.4,55.9,-0.5,96.4,2,0,2,0.707,95.7,1,0
6.06,0,0,67.0,32.2,43.8,-0.49,99.8,2,2,1,0.522,69.4,0,0
8.25,0,2,89.5,72.8,24.6,-0.82,93.9,2,0,2,0.614,44.7,0,0
6.8,0,0,46.1,48.5,81.6,0.69,96.3,2,0,1,0.748,67.8,0,0
7.39,0,2,61.9,50.2,59.2,0.68,97.9,6,0,1,0.7,74.3,0,0
7.1,1,1,38.9,56.8,62.3,1.31,94.4,3,0,2,0.861,80.1,0,0
6.73,0,1,62.2,43.2,24.8,-1.39,91.0,1,0,2,0.671,70.0,0,0
7.59,0,0,79.6,74.3,68.5,0.86,93.5,1,3,2,0.73,100.0,1,1
7.36,0,0,59.1,42.4,73.0,0.42,96.8,1,2,1,0.794,78.0,0,0
7.19,0,0,48.9,51.5,55.9,0.01,96.3,2,2,1,0.562,66.4,0,0
6.8,0,0,57.3,30.1,46.4,0.21,87.1,4,0,2,0.442,62.1,0,0
7.95,0,0,69.5,57.6,44.3,-0.23,95.0,4,0,1,0.807,91.9,0,0
9.42,0,0,80.2,55.1,74.1,0.76,93.1,2,0,2,0.785,69.4,1,1
7.75,0,0,64.7,70.7,48.8,1.07,97.4,4,0,4,0.588,79.2,1,1
8.7,0,0,69.9,81.4,79.6,1.92,96.5,4,0,2,0.921,87.7,1,2
6.07,2,1,57.7,52.8,22.6,-0.46,98.9,3,6,1,0.909,65.6,0,0
7.77,0,0,71.6,60.9,68.4,0.49,78.4,2,0,3,0.593,67.4,0,0
6.39,0,0,37.1,33.0,26.6,-1.37,90.9,2,0,1,0.803,91.8,0,0
5.98,0,0,32.6,29.5,32.0,-1.47,89.2,2,2,1,0.871,57.9,0,0
6.79,0,3,49.8,71.1,57.5,1.04,95.8,2,2,0,0.663,82.4,0,0
8.91,0,0,83.0,93.1,59.3,1.76,97.4,4,3,0,0.817,89.4,1,1
8.65,0,0,73.2,71.8,80.4,1.26,82.2,3,0,3,0.831,66.3,1,1
7.87,0,0,56.0,54.3,69.4,0.6,78.7,2,2,0,0.778,91.1,1,1
5.91,0,2,47.3,59.2,31.1,-0.55,92.2,1,3,0,0.777,72.7,0,0
7.38,0,1,54.9,46.5,74.5,0.12,91.3,3,0,1,0.579,64.8,0,0
7.93,0,0,74.9,65.5,61.6,0.46,26.0,3,12,2,0.881,62.4,0,0
7.79,0,0,66.9,79.7,78.4,1.91,96.3,4,2,1,0.937,86.6,1,2
5.57,0,0,36.9,24.6,64.1,-0.44,38.8,4,3,1,0.638,67.9,0,0
6.62,0,0,54.0,59.4,40.1,-0.08,92.4,4,2,1,0.64,74.1,0,0
7.53,0,0,76.1,65.1,67.0,0.38,94.1,2,6,0,0.897,76.8,1,1
8.19,1,1,60.1,64.5,51.8,0.33,97.1,4,2,1,0.914,49.2,0,0
5.18,1,3,41.7,18.1,8.6,-2.31,97.9,2,6,4,0.723,70.6,0,0
7.42,0,0,58.4,46.5,50.5,-0.55,96.5,2,0,2,0.861,85.2,1,0
7.76,0,0,67.7,64.4,33.6,0.09,100.0,2,6,0,0.886,54.6,1,0
8.53,0,0,62.5,49.0,50.5,0.33,95.3,2,2,2,0.514,65.8,0,0
8.36,0,1,69.9,68.8,76.0,0.9,79.8,2,3,1,0.867,70.9,1,1
8.24,0,1,80.7,73.2,54.6,0.58,97.7,3,0,2,0.742,73.0,1,1
6.72,0,0,41.0,62.7,58.4,0.58,97.3,3,0,0,0.841,74.7,1,0
5.5,0,0,24.1,15.9,36.4,-1.94,99.8,2,3,0,0.544,80.2,0,0
7.17,0,0,41.2,72.3,84.3,1.08,95.1,2,0,2,0.533,88.6,1,0
8.7,0,0,58.0,94.5,78.9,2.46,96.0,3,3,2,0.901,80.9,1,2
9.13,0,2,83.5,81.2,94.6,1.76,93.3,1,12,1,0.947,69.7,1,2
8.38,0,0,51.9,52.7,72.8,1.32,99.8,3,0,0,0.683,73.6,1,1
8.07,1,1,62.1,59.2,67.5,0.25,98.0,2,2,3,0.955,86.7,0,0
8.02,0,0,72.6,62.5,82.2,1.61,100.0,4,0,1,0.753,77.0,1,1
6.99,2,1,59.9,55.7,60.9,0.36,97.6,2,0,0,0.465,82.2,0,0
7.46,0,0,54.9,57.3,58.3,0.37,100.0,2,2,2,0.711,76.5,1,0
9.44,0,1,81.7,82.7,81.9,2.53,94.8,3,0,1,0.775,67.7,1,1
6.56,0,0,51.9,45.9,53.4,-0.48,100.0,3,2,0,0.596,53.1,0,0
9.38,0,0,76.1,81.9,65.4,1.46,95.8,2,12,2,0.75,65.4,1,1
7.25,0,0,54.9,48.3,39.1,-0.18,97.0,4,0,1,0.61,75.6,1,0
9.06,0,0,100.0,69.9,99.4,3.0,84.0,3,6,2,0.834,69.0,1,2
6.05,0,0,55.2,33.5,71.2,-0.09,100.0,2,0,2,0.738,67.5,0,0
8.24,0,0,97.2,92.5,47.2,0.6,99.5,4,0,1,0.428,65.9,1,1
6.79,1,3,46.9,70.2,34.4,0.26,99.7,1,0,0,0.849,76.0,0,0
6.04,0,0,44.4,49.2,58.1,0.17,95.4,5,0,4,0.61,79.2,1,0
7.84,0,1,47.4,79.8,68.7,1.1,46.1,2,3,1,0.617,63.0,1,0
8.71,0,4,62.4,82.0,81.7,2.15,96.7,3,2,4,0.886,72.7,1,1
6.67,0,0,74.5,50.9,61.2,0.29,100.0,3,2,0,0.78,82.9,1,1
5.95,0,0,38.2,19.4,32.1,-1.63,96.6,2,0,1,0.758,92.6,0,0
7.5,0,0,83.0,53.8,60.9,0.74,100.0,4,3,2,0.563,85.9,1,1
7.5,0,0,45.1,52.9,59.6,0.53,93.1,2,0,3,0.506,80.6,0,0
8.2,0,0,54.4,49.4,48.0,-0.21,67.4,3,3,2,0.638,65.9,0,0
8.64,2,3,67.4,49.3,74.4,0.65,94.4,2,0,1,0.781,76.5,0,0
7.53,0,0,59.6,64.8,77.7,0.89,99.6,2,2,0,0.812,85.2,1,1
9.64,0,0,92.5,85.6,74.7,1.9,94.4,3,2,1,0.537,60.9,1,1
7.85,0,0,68.9,45.0,61.9,0.14,78.9,4,6,0,0.534,58.0,1,1
7.22,0,2,52.2,44.0,55.3,-0.26,94.1,3,3,2,0.583,75.1,0,0
5.83,0,0,41.7,55.4,29.8,-1.07,83.8,1,2,3,0.612,51.0,0,0
7.31,0,0,54.3,43.1,64.9,0.5,99.5,3,6,2,0.799,65.8,1,1
7.23,0,0,46.3,56.9,39.5,-0.4,21.4,3,2,1,0.43,63.6,0,0
8.66,0,0,60.9,67.6,92.9,1.01,77.8,3,2,1,0.848,77.7,1,1
8.11,0,3,78.4,71.3,73.6,0.78,99.8,2,3,1,0.598,67.3,1,0
6.3,0,1,26.1,32.3,23.8,-1.36,94.2,3,6,2,0.851,73.1,0,0
7.79,0,0,82.3,61.9,89.0,1.48,93.9,2,2,2,0.833,64.0,1,1
8.34,0,0,64.3,69.1,68.1,0.93,93.8,1,6,2,0.744,75.7,1,1
9.28,0,0,68.5,80.3,63.4,0.97,93.4,4,0,2,0.643,71.2,1,1
8.58,0,0,79.6,70.4,87.8,1.12,93.8,3,6,4,0.866,56.8,1,1
8.44,0,0,87.2,72.6,75.1,0.99,99.8,3,0,3,0.708,75.6,1,1
7.67,0,0,75.1,90.0,25.1,0.53,98.7,2,2,2,0.512,76.5,1,0
8.03,0,0,71.3,99.2,51.9,1.57,91.9,3,3,0,0.826,83.5,1,1
8.97,0,3,87.8,64.8,77.7,1.48,47.6,2,3,2,0.743,81.8,1,0
6.13,0,0,25.7,10.0,0.0,-2.36,93.5,3,0,1,0.8,84.8,0,0
7.22,1,2,50.9,62.7,53.1,0.75,99.6,2,12,2,0.669,67.8,1,0
6.75,0,0,41.6,51.9,48.8,-0.45,95.7,2,0,2,0.81,78.4,1,0
8.02,0,0,79.9,78.0,39.9,0.3,92.4,5,0,2,0.857,54.5,1,1
8.95,1,1,69.9,77.5,77.3,1.07,97.5,1,3,3,0.67,47.2,0,0
6.94,0,0,64.6,52.2,48.5,-0.44,98.8,4,3,3,0.91,59.4,1,1
5.0,0,0,41.4,45.8,3.6,-1.49,94.1,1,3,2,0.936,45.7,0,0
7.15,0,0,46.1,71.4,67.3,1.43,96.2,3,6,3,0.256,77.0,1,1
8.6,0,0,64.0,50.2,83.3,1.04,94.3,1,0,2,0.754,75.1,1,1
8.19,2,2,82.4,53.7,58.1,1.01,100.0,3,0,0,0.666,50.9,0,0
8.07,0,1,56.4,62.3,58.3,0.63,95.7,2,6,0,0.845,91.2,1,0
7.29,0,0,59.4,56.6,65.6,0.35,94.8,4,2,0,0.902,73.7,1,1
6.19,0,0,37.5,40.0,35.7,-1.13,96.8,2,6,1,0.507,53.4,0,0
8.17,0,0,62.9,70.9,28.2,0.15,96.4,1,6,1,0.604,88.9,1,0
6.68,0,0,51.3,62.5,54.0,0.46,99.1,3,3,2,0.641,62.0,0,0
10.0,0,0,75.6,100.0,70.4,2.06,100.0,2,2,2,0.657,76.9,1,1
8.23,0,0,55.8,73.6,56.7,-0.31,100.0,4,0,0,0.651,76.7,1,0
6.96,0,0,58.0,39.6,74.8,0.69,95.9,2,0,3,0.532,54.6,0,0
6.93,0,0,44.1,49.1,45.7,-0.37,97.9,2,3,0,0.287,90.8,1,0
7.5,0,0,50.2,56.4,55.0,-0.25,100.0,3,3,3,0.539,100.0,1,0
7.34,0,0,47.1,62.9,62.2,0.67,100.0,4,2,3,0.678,57.7,1,1
8.83,0,0,72.4,77.5,80.0,2.05,83.9,3,0,2,0.853,77.5,1,2
7.81,0,3,74.4,89.6,42.1,1.52,98.8,3,0,1,0.706,76.3,0,0
6.8,0,2,71.0,43.3,45.5,-0.2,75.5,3,0,0,0.526,75.4,1,0
9.68,0,0,73.1,86.9,81.8,1.6,99.8,5,3,2,0.703,99.7,1,2
7.65,0,0,87.3,92.2,61.7,1.02,100.0,4,2,0,0.464,75.2,1,1
8.45,0,1,57.4,59.7,71.6,1.32,76.5,5,2,1,0.69,79.0,1,1
6.93,2,2,67.3,53.3,94.7,1.17,94.9,2,2,1,0.303,86.9,0,0
8.0,1,1,56.3,49.8,39.8,-0.1,47.3,2,0,2,0.603,97.6,0,0
7.94,0,0,54.0,63.5,77.9,1.35,76.6,2,3,1,0.651,62.8,1,1
5.52,0,4,31.3,24.8,52.6,-0.4,53.5,4,0,2,0.882,69.5,0,0
9.82,0,0,82.5,97.6,91.7,1.82,82.9,4,2,2,0.846,77.0,1,2
9.02,1,1,82.2,76.3,61.5,0.83,99.0,3,0,2,0.778,61.2,0,0
7.16,1,2,64.7,40.7,80.9,0.24,81.5,1,0,1,0.625,87.0,0,0
6.39,0,0,37.5,57.0,2.2,-1.67,93.0,2,0,3,0.867,73.7,0,0
7.98,0,2,52.9,65.3,48.5,0.66,100.0,3,6,1,0.872,57.5,1,0
7.7,0,0,51.0,73.0,78.4,1.95,96.4,2,0,1,0.49,70.6,0,0
7.99,1,3,63.6,46.8,54.2,0.16,93.9,3,0,1,0.812,57.8,0,0
7.81,0,0,60.6,66.1,87.5,1.38,95.3,3,0,1,0.545,67.7,1,0
8.16,0,3,55.2,75.6,35.7,0.73,93.3,2,6,2,0.841,42.8,0,0
9.19,0,0,80.2,70.2,55.3,0.39,95.2,5,0,1,0.863,84.2,0,0
8.22,0,1,94.4,47.8,54.1,-0.36,91.4,2,2,2,0.799,65.4,0,0
6.45,0,0,43.4,45.3,49.9,0.17,96.8,4,0,2,0.803,58.9,1,0
9.1,0,0,70.8,92.3,70.2,1.8,98.8,3,12,1,0.566,69.9,1,1
9.4,0,0,85.8,94.2,69.0,1.4,93.0,1,12,0,0.628,88.9,1,1
10.0,0,1,78.3,79.0,100.0,2.35,97.1,4,2,3,0.667,80.9,1,2
6.36,0,0,56.7,27.0,68.6,0.29,94.6,4,3,0,0.523,98.5,0,0
7.87,0,0,55.0,55.5,51.9,0.27,99.0,4,0,0,0.765,53.1,1,0
5.31,0,0,60.1,26.8,0.0,-2.0,90.1,3,0,1,0.575,52.5,0,0
8.21,0,3,71.2,71.5,24.7,-0.57,99.1,3,3,1,0.93,68.5,0,0
7.0,0,0,47.5,50.5,53.3,0.33,91.5,5,0,0,0.572,94.6,1,0
9.72,0,0,75.1,71.3,93.4,1.93,96.4,1,0,0,0.738,82.9,1,1
6.75,0,0,46.3,64.7,47.1,0.04,94.9,1,6,2,0.872,83.7,0,0
5.74,0,0,58.9,40.1,32.6,-0.9,95.9,1,0,2,0.43,58.0,0,0
7.08,0,0,40.6,59.0,35.5,-0.32,92.4,4,0,0,0.969,66.8,0,0
5.43,0,0,31.3,10.5,41.9,-1.72,100.0,3,3,1,0.781,66.9,0,0
8.43,0,2,62.5,33.7,96.3,0.93,93.1,2,0,0,0.984,77.5,1,0
5.33,0,1,38.1,13.5,0.0,-2.45,33.2,1,2,1,0.851,83.0,0,0
7.63,0,0,58.1,52.2,55.2,-0.32,100.0,2,0,1,0.877,71.8,1,0
5.31,0,0,20.2,41.5,11.3,-1.73,98.0,4,0,0,0.954,56.7,0,0
7.25,0,0,52.7,21.9,25.1,-0.5,93.2,4,2,3,0.619,61.8,1,0
9.41,0,0,77.9,100.0,57.6,0.91,96.6,4,0,4,0.64,80.8,1,1
8.0,0,1,57.4,65.4,67.8,0.78,96.3,4,2,1,0.893,91.4,1,1
6.65,0,0,59.7,67.2,52.1,0.12,91.9,1,6,0,0.799,78.5,1,0
7.57,0,0,71.7,45.8,82.1,0.93,94.7,3,2,1,0.908,65.8,1,0
7.62,0,0,60.3,65.9,56.6,0.25,96.9,3,2,3,0.401,63.3,1,0
8.12,1,2,69.0,65.5,30.8,-0.39,100.0,3,0,1,0.558,67.8,0,0
6.1,0,0,20.0,53.5,33.9,-0.75,96.4,3,6,0,0.467,92.9,1,0
8.25,0,0,62.5,62.5,39.1,0.34,96.7,3,3,2,0.843,64.0,1,1
5.0,0,0,47.1,36.6,3.3,-1.82,94.6,1,2,2,0.832,59.9,0,0
6.91,2,1,49.0,66.4,58.3,0.24,66.1,5,0,0,0.755,65.9,0,0
7.06,1,2,46.8,43.6,53.3,0.3,99.7,2,2,3,0.709,73.6,0,0
8.3,0,0,95.3,69.7,75.1,0.89,99.4,3,0,2,0.766,66.8,1,1
7.62,0,0,83.1,32.4,50.1,-1.01,97.3,2,12,0,0.714,65.9,1,1
6.05,0,2,51.1,51.4,51.9,0.09,92.2,2,2,0,0.837,78.4,0,0
6.52,0,0,63.8,74.0,35.8,0.82,100.0,4,2,4,0.659,53.3,1,1
7.82,0,0,36.5,43.6,78.9,0.09,97.2,2,0,2,0.59,65.5,1,0
7.51,0,0,50.7,56.4,61.4,-0.01,50.0,2,0,1,0.757,70.0,0,0
6.96,0,0,49.0,63.9,44.8,0.44,98.3,2,3,1,0.721,77.6,0,0
7.07,0,0,52.9,53.2,53.7,-0.06,24.5,3,2,1,0.81,63.2,0,0
8.37,0,1,62.8,69.3,65.1,1.18,93.8,3,0,2,0.827,54.1,1,1
7.03,0,0,24.7,46.9,78.1,0.53,96.0,2,0,0,0.744,78.8,0,0
7.5,0,0,64.7,51.5,59.5,0.41,83.3,3,0,0,0.708,100.0,1,0
9.99,0,1,91.4,83.6,84.8,2.61,97.3,5,0,0,0.794,69.9,1,2
6.03,0,0,64.6,42.0,33.1,-1.22,100.0,2,12,4,0.649,77.6,1,1
5.56,0,0,31.2,19.7,46.9,-0.37,91.6,3,3,3,0.599,70.3,0,0
8.46,0,0,59.2,67.2,79.3,1.63,53.7,3,6,1,0.904,66.0,1,1
6.85,0,2,21.4,72.3,42.3,-0.36,99.0,2,2,1,0.397,80.5,0,0
7.25,0,2,54.0,48.9,31.2,-0.43,99.4,3,6,0,0.74,67.8,0,0
6.74,1,3,63.2,31.8,29.7,-1.05,94.8,2,0,1,0.908,58.4,0,0
7.31,1,2,50.8,53.3,49.5,0.09,93.7,4,2,2,0.495,72.2,0,0
9.36,0,0,100.0,67.9,100.0,2.2,95.2,1,0,2,0.761,54.1,1,2
8.48,0,0,66.7,49.6,62.3,0.26,78.0,3,3,0,0.838,84.5,1,1
8.55,1,1,72.2,71.0,56.9,0.72,91.9,2,2,2,0.857,83.4,1,0
6.04,0,0,29.1,31.5,5.8,-1.79,93.4,4,2,3,0.781,87.1,0,0
6.33,0,0,51.8,35.9,68.2,0.59,95.6,3,6,0,0.525,56.4,0,0
5.0,0,0,11.2,32.1,35.2,-1.5,94.1,4,3,2,0.693,71.9,0,0
6.71,0,0,60.4,27.3,59.8,0.34,96.9,5,6,2,0.733,100.0,1,1
8.65,0,2,80.2,45.8,86.1,0.65,100.0,2,2,1,0.785,53.8,1,0
8.17,0,0,83.0,74.2,60.1,1.18,93.4,4,2,2,0.866,65.4,1,1
7.36,0,0,46.3,28.9,54.8,-0.28,96.6,3,2,0,0.757,71.6,0,0
7.58,0,4,62.7,44.7,82.7,0.46,42.4,1,2,2,0.549,65.1,0,0
6.84,0,0,60.2,25.1,50.3,-0.33,96.0,1,2,1,0.817,65.8,0,0
7.83,0,0,68.6,54.3,69.5,0.37,92.3,4,0,2,0.658,66.8,1,1
8.44,0,0,59.0,73.9,82.0,2.02,74.4,3,3,1,0.728,53.1,1,1
5.82,1,1,14.5,40.6,46.4,-0.61,95.1,3,2,1,0.75,56.8,0,0
7.93,0,1,68.5,95.7,57.8,0.68,98.9,4,2,3,0.71,64.1,1,1
8.63,0,1,69.4,85.1,67.9,1.99,98.3,5,0,3,0.514,27.9,1,1
7.14,0,1,49.6,40.5,64.7,0.35,92.3,1,0,0,0.889,56.5,0,0
8.37,0,0,77.9,50.3,79.4,1.33,95.8,2,0,1,0.658,72.2,0,0
10.0,0,2,84.5,100.0,100.0,2.44,95.5,4,2,0,0.621,64.9,1,2
7.49,0,2,44.0,72.2,64.7,0.23,100.0,4,0,1,0.81,58.6,0,0
8.03,0,0,42.1,71.6,72.1,1.89,97.9,3,6,2,0.652,69.3,1,1
6.79,0,0,39.3,50.7,38.4,-0.37,93.8,1,6,0,0.758,68.0,0,0
7.8,1,3,91.7,64.6,48.1,0.46,94.7,3,3,0,0.777,80.5,0,0
8.11,1,2,74.7,43.4,76.3,0.99,95.9,3,0,2,0.831,74.7,0,0
7.81,0,2,65.4,63.2,48.4,0.11,75.7,2,0,2,0.914,69.5,0,0
6.48,0,2,47.6,47.3,42.4,-0.22,98.5,4,3,3,0.907,56.9,0,0
7.83,0,0,60.3,48.4,83.7,1.73,97.6,2,0,1,0.783,69.4,1,1
9.21,0,0,91.1,68.8,97.5,1.99,96.4,3,2,3,0.834,45.6,1,2
8.09,0,0,60.0,85.2,67.6,1.75,96.6,2,6,2,0.877,99.9,1,1
8.66,0,0,78.5,68.5,63.6,0.07,96.6,1,2,1,0.622,49.8,1,0
7.34,1,1,54.2,84.7,50.9,1.25,91.7,3,2,2,0.828,73.0,0,0
8.42,0,0,92.5,43.3,81.7,0.3,96.8,2,6,2,0.741,65.4,1,1
7.91,0,0,73.0,54.7,59.2,0.82,76.9,1,0,1,0.902,70.2,0,0
6.55,0,0,65.5,25.4,33.6,-0.94,92.0,2,3,1,0.833,73.5,0,0
7.95,0,0,57.5,45.5,82.3,0.94,100.0,3,3,2,0.818,57.4,1,1
6.51,0,0,62.8,35.0,46.4,-0.49,97.9,1,6,1,0.719,81.2,0,0
6.9,0,0,50.3,55.4,37.5,-0.4,97.0,1,6,1,0.69,83.5,0,0
7.81,0,0,64.4,64.6,67.3,0.57,20.1,5,3,4,0.75,68.1,0,0
7.93,0,0,83.9,52.7,77.6,0.9,67.8,1,2,0,0.874,80.2,1,1
6.29,0,3,35.4,13.0,22.4,-0.86,93.5,2,0,2,0.87,96.3,0,0
8.76,0,0,75.0,92.0,66.5,2.01,96.1,1,3,3,0.978,77.7,1,1
8.23,0,0,72.5,61.5,59.3,0.22,94.1,5,0,0,0.785,77.4,1,1
6.82,0,0,59.5,34.4,55.0,-0.07,99.2,3,2,0,0.89,48.7,0,0
5.91,0,0,38.7,43.8,47.3,-0.19,94.5,1,3,1,0.603,83.5,0,0
7.44,0,0,84.4,59.7,44.4,-0.03,100.0,4,3,0,0.611,67.4,1,0
7.11,0,1,40.6,48.7,23.4,-1.32,71.6,4,2,1,0.892,83.7,0,0
7.72,0,1,79.8,62.0,76.3,1.32,71.0,5,0,2,0.809,75.2,1,1
7.2,0,0,71.6,38.0,31.2,-0.55,49.1,3,2,2,0.926,54.4,0,0
5.39,0,0,61.7,44.9,34.6,-0.96,100.0,1,0,0,0.769,68.2,0,0
7.17,0,3,37.7,39.9,48.7,0.52,94.2,3,0,1,0.979,87.8,0,0
7.26,1,1,47.2,46.4,55.1,0.7,99.7,2,0,2,0.646,100.0,0,0
8.3,0,0,85.9,75.4,94.3,2.26,91.4,3,3,2,0.712,59.4,1,2
6.83,0,0,30.8,67.0,100.0,1.55,97.1,3,2,0,0.924,50.8,1,1
9.45,0,0,60.2,100.0,49.0,1.24,95.4,3,0,0,0.125,71.5,1,0
5.5,0,0,34.1,50.3,48.7,0.07,92.8,2,6,2,0.823,75.5,0,0
9.04,0,0,77.7,69.9,70.7,1.34,94.3,2,3,0,0.413,80.1,1,1
7.35,0,0,77.6,34.3,72.1,1.02,95.1,2,2,1,0.916,86.1,1,1
8.55,0,0,68.2,88.7,84.8,1.95,96.4,6,2,0,0.626,78.3,1,2
7.69,0,0,54.6,78.8,82.6,2.55,95.4,1,3,1,0.763,61.3,1,1
8.85,1,1,77.3,63.0,76.4,1.33,97.2,4,0,0,0.761,77.0,1,0
7.17,0,1,62.4,66.8,35.1,-0.24,59.3,1,3,2,0.886,55.6,0,0
6.39,0,0,54.2,40.7,58.4,1.03,95.6,1,0,2,0.549,51.2,0,0
9.16,0,1,74.5,96.8,77.1,2.27,96.1,2,0,0,0.86,88.9,1,1
7.48,0,0,36.3,50.0,50.5,-0.17,97.5,3,6,0,0.427,86.2,1,0
7.84,0,1,52.4,89.0,50.6,0.92,99.5,3,2,1,0.869,42.4,1,0
8.96,0,0,91.6,84.5,90.6,2.38,99.6,3,0,0,0.623,88.7,1,2
6.46,0,0,51.9,71.3,71.4,1.13,54.3,4,3,0,0.464,74.1,0,0
8.26,0,0,63.7,59.3,42.5,0.01,98.3,2,12,1,0.901,86.5,1,1
6.95,0,0,67.9,57.1,59.6,0.15,97.9,3,0,0,0.55,48.4,0,0
7.45,0,2,46.0,43.4,47.8,-0.89,96.1,3,0,2,0.922,63.3,0,0
7.68,0,0,59.1,71.3,30.7,-0.13,99.7,3,6,3,0.939,62.1,1,1
5.95,0,0,46.2,53.0,39.1,-0.24,94.3,3,2,0,0.677,69.0,0,0
6.74,0,0,47.1,82.7,30.9,0.3,90.9,2,6,0,0.717,73.3,1,0
9.09,0,0,77.1,81.7,45.6,0.33,93.9,5,3,1,0.77,41.3,1,1
8.57,0,0,68.5,79.5,53.8,0.25,100.0,6,2,0,0.709,64.4,1,1
7.53,0,0,43.5,51.3,36.9,-0.8,69.7,3,0,3,0.461,65.0,0,0
7.87,2,1,65.9,69.1,47.8,0.77,97.8,2,0,0,0.706,62.8,0,0
7.28,1,2,41.8,49.7,28.5,-0.99,96.2,3,3,0,0.88,67.8,0,0
9.09,0,3,77.9,76.6,67.0,0.98,98.7,1,0,1,0.492,100.0,1,0
7.38,0,0,75.3,58.6,40.7,-0.24,97.2,2,3,1,0.656,70.4,0,0
7.86,1,1,60.2,56.5,66.0,0.43,96.8,6,0,2,0.596,49.5,0,0
8.86,0,0,59.5,73.3,82.0,1.31,98.8,3,2,4,0.82,81.0,1,2
6.74,0,0,50.9,43.9,50.6,-0.46,95.6,3,0,1,0.583,84.4,0,0
9.31,0,0,68.2,72.1,72.5,1.8,61.6,5,2,1,0.867,81.6,1,1
5.92,1,4,51.3,55.2,31.3,-0.24,96.5,4,2,1,0.734,61.7,0,0
9.39,1,1,77.2,80.8,62.6,1.6,96.7,3,2,2,0.698,87.7,0,0
7.19,0,3,77.4,58.9,36.6,0.33,60.9,2,2,2,0.583,79.9,0,0
7.33,0,1,72.3,35.3,65.7,-0.75,96.4,1,0,1,0.701,82.7,0,0
5.52,1,2,38.4,41.7,0.0,-1.71,95.4,4,0,1,0.867,78.3,0,0
7.1,0,1,64.6,60.5,48.7,-0.04,100.0,5,3,1,0.661,85.6,1,0
6.46,0,0,44.8,40.4,36.7,-0.21,91.9,3,3,2,0.858,73.4,0,0
6.93,0,0,54.7,80.4,59.0,0.68,99.7,1,2,2,0.693,77.2,1,0
7.45,0,0,55.2,24.9,28.7,-1.69,91.8,3,0,2,0.698,66.5,0,0
8.65,0,0,80.7,81.2,69.1,0.75,98.6,2,2,1,0.672,66.2,1,1
7.83,0,0,80.5,71.1,65.1,0.85,94.5,2,2,3,0.672,95.5,1,1
7.94,0,0,74.0,69.9,26.0,0.01,98.7,5,3,0,0.669,64.6,1,1
6.39,0,0,60.0,47.8,22.4,-0.87,96.6,2,0,1,0.833,67.6,0,0
6.63,2,3,62.4,55.7,42.9,-0.59,89.1,3,3,2,0.331,66.8,0,0
9.58,1,2,87.4,92.5,89.2,3.0,100.0,2,0,3,0.784,76.3,0,0
6.79,0,0,39.2,39.5,49.8,0.02,99.3,4,2,1,0.857,51.5,1,0
9.42,0,0,99.6,82.8,88.2,2.31,98.5,3,0,1,0.792,60.8,1,2
7.33,0,0,80.0,53.1,33.6,0.03,95.1,1,6,0,0.615,68.9,1,0
7.6,0,0,58.2,43.3,27.6,-1.55,99.4,2,2,2,0.37,73.0,0,0
8.78,2,1,68.3,81.6,71.8,1.07,93.2,2,0,0,0.422,54.8,0,0
9.0,0,0,82.3,66.1,50.9,0.72,90.3,3,6,1,0.793,77.6,1,1
7.48,0,0,66.4,36.3,39.2,-0.99,92.3,3,3,4,0.905,63.0,0,0
7.17,0,2,54.3,46.4,67.9,0.4,94.2,2,2,3,0.805,73.3,0,0
7.54,1,1,45.4,46.7,58.9,0.19,94.7,2,12,1,0.67,86.8,0,0
7.97,0,0,68.4,77.1,50.4,0.11,92.2,1,0,0,0.933,74.6,1,0
8.58,0,1,77.4,71.5,55.4,0.51,95.8,2,0,1,0.444,79.8,0,0
7.6,0,0,69.8,78.0,67.4,1.57,38.7,3,3,2,0.708,56.5,0,0
8.28,0,0,72.0,56.8,68.2,1.05,90.7,3,3,2,0.789,50.2,1,1
9.4,0,0,75.8,90.7,56.0,1.55,97.6,2,0,0,0.781,84.4,1,1
8.02,0,0,77.1,100.0,26.2,0.72,51.0,4,3,0,0.862,93.2,1,1
7.94,0,0,65.2,67.4,94.2,2.02,94.9,3,3,1,0.647,91.2,1,2
5.93,0,0,38.7,52.3,14.1,-1.01,100.0,4,6,1,0.973,57.4,0,0
5.0,0,0,32.8,39.7,34.5,-0.64,96.3,4,0,3,0.532,63.5,0,0
8.03,2,1,44.3,43.4,88.5,0.89,70.6,4,2,0,0.754,43.7,0,0
7.5,0,0,57.8,65.7,57.6,0.19,99.4,4,0,2,0.749,60.0,1,1
7.03,0,0,63.6,56.7,38.6,-0.51,92.5,3,0,3,0.799,70.0,0,0
7.87,0,1,67.8,57.9,33.7,-0.5,83.9,3,0,2,0.749,77.4,0,0
7.53,0,0,78.6,45.5,29.5,-1.05,99.4,4,2,0,0.87,72.7,0,0
8.84,0,3,70.2,82.0,77.9,1.8,96.7,2,0,1,0.561,85.3,1,0
7.69,0,0,67.8,46.0,83.5,1.11,93.1,2,0,3,0.252,84.7,0,0
6.78,0,0,62.3,79.4,39.2,0.42,95.6,1,0,0,0.506,71.6,0,0
8.69,0,0,100.0,72.2,59.3,0.94,74.4,2,2,4,0.865,81.6,1,1
7.36,0,0,60.3,38.8,65.9,0.76,90.7,4,0,0,0.633,72.4,1,0
8.18,0,0,54.3,57.8,50.8,0.2,92.9,5,2,0,0.921,86.9,1,1
7.07,0,0,65.9,48.9,54.8,0.54,100.0,3,2,2,0.778,89.7,1,1
6.89,0,0,76.2,84.5,48.4,0.92,98.5,4,0,2,0.636,75.5,1,0
7.69,0,0,58.1,47.2,49.9,0.39,100.0,2,0,0,0.932,77.5,1,0
7.61,0,0,71.2,57.1,56.1,1.01,99.6,4,3,0,0.824,77.6,1,1
8.13,0,0,81.0,56.9,94.3,1.86,98.2,2,2,3,0.719,68.2,1,1
7.3,0,0,70.2,62.3,63.5,0.77,96.1,4,0,1,0.66,89.2,1,0
5.58,0,0,42.3,29.1,51.6,-0.37,98.1,4,12,0,0.758,48.8,1,1
7.12,0,0,47.9,37.4,34.0,-1.0,100.0,6,2,1,0.523,74.9,1,0
8.47,0,0,68.8,65.5,86.4,1.36,99.5,4,0,2,0.484,79.8,1,1
7.27,1,1,63.2,50.8,63.8,0.84,97.5,2,3,3,0.593,71.4,0,0
7.33,0,0,69.2,47.3,26.0,-1.25,96.5,1,6,0,0.371,65.2,0,0
8.69,0,1,75.9,63.0,78.9,1.9,98.5,4,2,0,0.537,87.6,1,1
6.82,0,0,48.6,66.6,37.6,-0.11,95.4,3,6,1,0.712,53.2,0,0
5.9,0,0,50.7,35.5,8.0,-0.58,98.5,4,0,2,0.612,82.1,0,0
7.42,0,0,69.6,40.8,56.4,-0.27,94.9,2,6,2,0.896,66.7,1,1
7.07,0,1,60.2,46.3,59.5,0.33,95.9,1,0,1,0.847,53.0,0,0
6.54,0,0,40.3,47.7,46.2,-0.32,93.9,1,2,0,0.934,74.9,0,0
7.41,0,0,56.9,37.8,51.9,-0.52,95.7,3,0,1,0.937,54.4,0,0
8.14,0,0,77.8,87.3,56.7,1.48,94.9,1,0,0,0.45,56.9,0,0
7.59,0,0,44.3,70.6,100.0,1.68,100.0,3,6,0,0.663,68.9,1,2
7.94,0,0,39.3,82.3,39.0,0.08,94.3,2,0,4,0.783,86.9,1,0
9.59,0,0,99.0,86.0,95.8,2.56,98.2,3,6,1,0.855,85.5,1,2
7.22,0,0,63.4,25.1,52.0,-0.19,94.2,4,0,2,0.783,76.6,1,0
7.91,0,0,71.3,83.5,44.5,0.0,97.1,2,3,1,0.325,80.5,0,0
7.04,0,0,42.5,40.3,48.6,-0.03,97.9,2,0,4,0.746,81.1,0,0
6.67,2,1,60.5,37.4,20.0,-1.23,91.4,3,2,0,0.846,56.2,0,0
6.96,0,1,57.9,53.7,37.8,-0.69,92.8,5,3,0,0.617,96.9,1,0
7.07,0,0,36.7,72.1,49.0,0.14,94.1,2,2,0,0.763,63.6,0,0
8.0,0,0,82.0,77.7,33.0,-0.76,65.2,3,0,2,0.559,50.8,0,0
10.0,1,2,86.9,97.7,94.1,3.0,97.3,5,0,1,0.825,48.0,1,1
6.81,0,0,48.4,45.6,29.4,-0.38,97.7,3,0,3,0.762,41.0,0,0
7.14,0,0,51.9,49.0,24.6,-1.39,93.8,4,3,2,0.516,59.2,0,0
7.53,0,1,36.1,62.7,35.9,0.13,97.4,5,2,1,0.916,66.9,1,0
8.04,0,0,72.5,61.6,100.0,1.69,95.7,5,2,1,0.675,65.0,1,2
7.89,0,0,67.0,74.2,24.1,0.04,96.7,4,0,1,0.568,66.6,1,0
9.01,1,2,72.8,85.8,81.0,1.63,95.1,3,2,0,0.76,59.3,1,0
5.0,0,0,50.3,38.3,11.5,-1.69,98.5,1,2,1,0.35,77.5,0,0
5.0,1,1,18.4,5.0,18.7,-2.16,100.0,2,0,0,0.385,81.1,0,0
7.05,0,1,48.4,54.4,60.5,0.19,99.3,2,0,3,0.635,78.1,0,0
8.81,0,3,62.9,70.4,80.7,2.03,100.0,1,0,2,0.376,40.4,0,0
5.88,0,0,40.4,42.0,23.3,-0.71,92.8,1,2,2,0.536,75.3,0,0
5.0,0,0,35.8,19.4,0.6,-2.28,95.0,2,2,1,0.766,67.4,0,0
8.23,0,0,72.4,47.0,74.9,1.17,98.7,1,0,1,0.461,64.2,0,0
7.87,0,0,59.5,68.0,69.4,0.4,100.0,2,0,1,0.618,90.0,1,0
6.4,0,0,38.5,40.4,36.7,-1.15,99.0,1,0,2,0.704,79.7,1,0
6.52,0,0,70.4,54.7,51.1,0.33,93.9,2,0,0,0.484,50.3,1,0
6.53,0,0,79.3,37.5,35.4,-0.47,95.7,4,2,1,0.876,88.6,0,0
7.72,0,0,63.9,79.8,42.8,0.53,98.0,4,0,2,0.537,57.6,0,0
6.91,0,0,45.0,65.0,48.0,-0.49,96.5,5,2,1,0.856,65.2,1,1
8.14,0,1,84.1,68.7,72.1,0.73,94.6,3,2,0,0.715,69.7,1,1
5.0,0,1,17.6,27.0,30.6,-0.99,96.1,2,6,0,0.658,49.1,0,0
6.66,0,2,47.6,60.2,54.1,1.33,97.0,3,0,2,0.765,67.0,0,0
6.36,0,0,40.3,50.5,27.6,-0.25,93.7,4,0,3,0.701,55.1,1,0
7.32,1,3,44.3,58.8,81.3,1.87,100.0,3,0,3,0.489,67.3,0,0
7.01,0,2,51.7,66.7,42.9,0.27,95.7,4,0,2,0.705,81.3,0,0
8.48,0,0,59.4,88.2,64.6,1.47,83.6,1,2,4,0.765,98.3,1,1
5.55,0,0,40.7,18.6,7.9,-2.51,100.0,3,3,1,0.726,95.8,0,0
7.65,0,0,61.8,44.4,53.3,0.37,96.6,3,0,0,0.795,58.1,0,0
8.21,0,0,59.7,54.4,73.2,0.84,99.9,4,0,1,0.877,100.0,1,1
9.64,0,0,77.0,60.0,94.4,1.98,93.9,1,2,1,0.647,59.9,1,1
7.07,0,0,52.9,51.9,78.0,0.99,77.6,2,0,1,0.711,53.4,1,0
7.96,0,1,74.3,70.9,69.8,1.24,79.7,3,3,0,0.565,69.1,1,0
5.62,0,0,39.4,36.5,37.4,-0.76,94.5,5,0,1,0.956,65.1,0,0
5.0,0,0,44.9,22.5,17.0,-1.62,96.5,1,3,0,0.785,61.4,0,0
8.53,1,2,77.3,84.6,55.4,1.35,96.5,3,0,2,0.727,61.7,0,0
7.59,0,0,67.8,60.5,73.6,0.51,97.6,2,3,0,0.881,86.6,0,0
8.9,0,3,90.6,77.7,88.9,1.31,67.3,1,2,4,0.79,70.5,0,0
6.09,0,0,32.5,58.1,18.7,-0.69,94.3,2,0,3,0.769,60.5,0,0
8.17,0,3,61.0,63.2,76.1,1.74,96.8,3,2,3,0.715,51.3,0,0
9.66,0,0,100.0,100.0,92.6,3.0,100.0,4,3,2,0.738,57.8,1,2
8.06,0,0,62.5,57.4,41.7,-0.6,100.0,3,0,2,0.804,65.6,0,0
7.9,0,0,30.3,89.9,69.6,1.38,99.4,3,6,0,0.958,71.3,1,1
7.61,0,1,58.7,45.1,37.4,-1.12,96.4,2,2,2,0.7,76.4,0,0
5.87,0,2,45.3,46.8,0.0,-1.96,100.0,2,3,2,0.765,72.3,0,0
9.09,0,0,44.5,66.0,71.2,1.51,100.0,4,2,0,0.628,79.3,1,1
6.93,1,2,70.3,66.9,52.8,0.46,97.1,1,2,2,0.896,69.4,0,0
8.15,0,0,58.0,58.0,60.8,0.39,78.3,1,2,1,0.788,75.3,0,0
5.88,0,0,47.7,43.8,87.2,1.32,95.6,3,0,1,0.628,58.3,1,0
6.3,1,1,45.3,35.2,47.5,-0.73,98.2,5,3,0,0.508,80.8,0,0
9.18,0,0,61.3,89.1,77.8,2.43,98.8,1,3,2,0.824,77.3,1,2
7.22,0,0,44.3,45.2,59.3,0.21,99.1,3,6,3,0.711,87.2,1,1
9.2,0,2,65.8,99.8,67.4,1.53,96.5,2,0,2,0.648,88.9,1,1
7.51,0,2,73.2,43.7,71.9,0.82,79.1,1,3,1,0.704,100.0,0,0
5.57,0,3,39.0,17.5,38.4,-0.73,97.7,4,0,4,0.583,94.2,0,0
8.58,0,2,64.6,82.7,73.6,2.15,99.1,3,0,1,0.773,77.1,1,1
6.95,0,0,43.3,43.2,37.2,-0.66,94.1,1,0,0,0.8,91.9,0,0
8.37,2,1,83.0,67.0,37.3,0.39,96.7,4,0,4,0.82,96.3,0,0
7.63,0,0,78.8,54.4,47.5,0.06,73.6,3,3,2,0.817,64.2,0,0
5.9,0,4,58.2,21.6,40.9,-1.18,93.4,3,3,2,0.791,57.7,0,0
7.78,0,0,68.7,59.5,50.4,-0.09,96.1,2,0,0,0.698,50.0,1,0
10.0,0,0,88.5,100.0,90.3,2.01,100.0,2,0,0,0.767,71.0,1,2
8.14,0,0,51.8,78.6,58.5,0.62,97.5,3,0,0,0.709,56.9,1,0
7.54,0,0,57.4,61.1,63.2,1.13,95.4,2,2,2,0.659,97.8,1,1
8.78,0,0,64.6,87.2,52.8,1.2,69.9,2,2,1,0.986,42.8,1,1
7.83,0,2,41.4,46.3,62.5,-0.16,99.5,3,3,0,0.758,64.5,0,0
7.83,0,1,76.0,56.6,47.4,-0.64,31.1,1,6,0,0.637,88.2,0,0
6.4,0,0,40.6,50.9,14.1,-1.62,98.8,2,2,2,0.84,73.9,0,0
7.86,1,1,77.9,59.6,56.3,0.11,97.7,3,3,1,0.742,83.4,0,0
8.74,0,0,83.0,67.7,97.5,1.86,98.0,3,6,3,0.877,57.4,1,2
6.68,0,0,58.5,31.7,18.9,-0.97,99.0,3,2,1,0.882,51.7,0,0
9.17,0,0,84.0,46.7,77.2,0.61,96.1,4,0,2,0.757,80.8,1,1
7.5,1,2,52.6,68.9,69.3,1.74,94.2,6,2,1,0.269,78.9,0,0
6.62,1,1,73.5,51.3,85.9,0.55,98.4,5,3,2,0.749,82.3,1,0
8.7,0,0,72.5,83.3,60.5,0.95,96.6,4,3,0,0.639,70.2,1,1
7.28,0,0,61.5,49.0,41.0,-0.01,95.7,3,3,2,0.836,96.2,1,0
8.44,0,0,61.6,57.8,45.2,0.35,98.6,1,3,0,0.941,74.5,1,1
7.28,0,0,46.6,55.2,72.9,0.74,100.0,3,6,2,0.463,82.7,1,1
7.53,0,0,66.1,69.8,39.8,0.5,96.5,3,3,1,0.742,78.3,1,0
8.14,0,0,69.0,61.3,56.0,0.78,97.0,2,6,0,0.83,43.8,1,1
7.92,0,0,54.7,73.3,26.8,-0.53,93.5,2,2,1,0.807,78.8,1,0
5.4,1,2,21.8,20.4,45.8,-0.67,99.4,3,2,3,0.589,81.5,0,0
6.37,0,0,33.4,42.8,62.2,0.53,78.2,5,6,0,0.289,85.6,1,1
8.62,0,0,85.6,68.9,83.7,1.3,96.9,2,6,0,0.791,62.3,1,2
7.45,0,0,52.2,74.2,25.6,0.4,82.7,2,3,1,0.676,85.8,0,0
7.02,0,2,51.2,55.2,60.2,0.12,99.2,3,3,2,0.653,54.3,0,0
6.11,0,1,63.5,66.6,8.2,-0.97,97.2,2,0,1,0.734,76.7,0,0
6.41,0,2,35.7,26.7,43.0,-1.25,100.0,4,2,1,0.81,63.8,0,0
5.38,0,0,30.0,36.0,33.2,-0.83,97.6,3,0,0,0.247,54.4,0,0
7.49,1,1,50.7,59.9,60.4,0.14,88.8,2,2,0,0.66,57.8,0,0
6.94,0,0,73.8,60.0,57.9,0.37,93.7,3,0,0,0.547,87.3,1,0
6.54,0,0,74.3,35.5,43.3,-1.18,98.6,2,3,3,0.798,86.8,0,0
7.53,0,0,69.3,81.4,20.0,0.02,95.1,4,6,0,0.527,63.5,1,1
8.0,0,0,74.4,63.2,70.6,1.12,95.3,1,0,1,0.701,69.5,1,0
9.9,1,2,77.1,68.7,85.6,2.04,93.3,2,0,4,0.694,53.3,0,0
5.94,0,2,67.7,40.1,20.0,-1.36,95.6,2,6,3,0.915,86.7,0,0
8.88,0,0,77.0,68.2,43.3,0.63,97.6,4,2,0,0.932,86.1,1,1
8.67,0,0,81.9,100.0,96.8,2.69,19.5,4,2,1,0.489,52.2,0,0
6.74,0,0,51.2,63.9,68.1,0.96,93.9,4,2,2,0.782,46.3,1,1
7.82,0,0,60.0,61.8,71.6,1.83,99.4,3,0,0,0.605,97.0,1,0
7.1,0,0,75.9,51.5,38.0,-0.56,93.4,4,0,2,0.725,82.9,0,0
7.8,1,2,69.5,74.2,13.3,-0.19,83.6,2,6,4,0.727,74.9,0,0
9.26,1,3,95.0,90.8,89.9,2.43,98.0,3,3,1,0.785,63.4,1,0
8.27,0,0,70.7,25.2,70.8,-0.09,94.2,1,0,1,0.944,64.1,0,0
8.16,1,1,56.4,73.8,56.2,0.21,77.9,4,0,2,0.458,72.2,0,0
7.13,0,0,49.3,53.8,70.8,0.36,98.1,3,2,2,0.261,89.6,1,0
5.97,0,0,45.9,22.3,51.9,-0.1,95.3,4,0,2,0.514,62.2,0,0
7.37,0,0,51.2,68.4,56.6,1.32,96.4,4,0,0,0.683,87.2,1,1
8.93,0,0,61.0,100.0,72.8,1.91,99.1,2,0,2,0.89,61.3,1,1
5.92,0,1,58.6,47.9,37.0,-0.42,98.4,2,0,3,0.79,51.4,1,0
6.44,0,0,42.9,61.2,54.5,0.71,100.0,4,2,0,0.78,71.8,1,0
7.74,0,0,64.0,85.4,42.4,0.56,96.8,2,6,0,0.668,82.2,0,0
6.52,0,0,53.7,35.1,50.9,0.14,94.2,1,0,1,0.617,84.8,0,0
6.73,1,3,45.2,23.0,29.2,-1.18,99.6,1,0,1,0.81,56.5,0,0
7.13,0,0,73.8,62.7,74.7,1.16,100.0,2,0,4,0.873,93.0,1,1
6.1,0,1,32.6,38.6,47.8,-0.61,94.5,1,6,1,0.78,57.7,0,0
6.53,1,1,53.4,27.6,31.0,-1.51,96.9,4,2,1,0.628,77.3,0,0
8.37,0,0,71.7,66.0,66.9,-0.34,99.8,3,2,1,0.649,55.1,1,1
6.16,0,0,46.0,53.0,23.6,-0.32,97.1,2,6,1,0.83,76.5,1,0
5.84,2,2,27.9,37.2,62.2,0.06,27.6,3,2,2,0.564,69.5,0,0
6.91,0,0,64.5,40.0,77.1,0.52,80.5,1,2,1,0.877,68.7,1,0
8.41,0,3,78.0,64.3,78.4,0.48,93.8,3,6,0,0.858,84.0,1,1
7.38,0,0,50.7,55.9,81.6,0.93,97.4,3,2,2,0.805,82.0,1,1
7.09,0,0,64.4,26.0,52.8,-0.75,100.0,1,0,0,0.611,81.3,0,0
7.65,1,2,66.0,57.1,70.5,0.53,97.9,2,2,0,0.92,42.4,0,0
5.68,1,1,26.4,18.7,55.2,-0.39,100.0,4,12,2,0.903,71.3,0,0
8.14,0,4,56.2,73.8,62.6,1.0,91.7,2,6,1,0.809,91.0,1,0
8.02,0,0,78.9,41.4,62.5,-0.32,98.1,5,3,1,0.572,64.8,1,1
7.15,0,3,60.2,67.8,67.6,0.46,95.1,4,2,1,0.795,94.2,0,0
8.71,0,1,65.3,65.0,81.1,0.85,94.4,4,6,1,0.902,85.4,1,1
6.36,2,1,38.3,37.4,27.7,-0.3,100.0,1,2,1,0.397,66.0,0,0
8.84,0,0,67.2,76.4,31.7,0.57,96.2,2,2,0,0.846,67.8,0,0
7.77,0,0,57.4,48.3,55.1,-0.21,95.9,2,0,4,0.923,43.2,1,0
7.23,1,3,47.1,58.4,14.0,-1.8,83.8,1,3,1,0.513,72.3,0,0
7.58,0,0,39.9,48.1,38.1,-0.39,90.5,6,0,1,0.876,58.2,1,0
7.48,0,0,73.5,49.5,39.0,-0.36,74.5,1,3,2,0.68,50.0,0,0
8.94,0,0,86.1,79.0,62.1,1.17,100.0,2,2,3,0.632,93.2,1,1
6.42,0,0,33.9,29.6,56.8,0.07,99.7,4,0,1,0.84,60.8,1,0
6.76,0,0,54.2,31.7,64.8,0.27,98.2,1,3,1,0.687,99.9,0,0
8.74,0,0,61.6,74.6,79.0,1.07,96.4,3,2,1,0.778,46.8,1,1
6.94,0,2,51.3,51.0,59.7,0.46,93.8,6,3,0,0.656,48.0,1,0
8.59,0,0,66.8,71.9,79.9,1.82,72.9,2,6,2,0.953,78.0,1,2
9.47,0,0,74.6,83.8,33.7,-0.08,99.7,3,0,1,0.653,81.5,1,1
7.16,0,0,80.6,54.5,51.1,0.26,98.4,1,2,0,0.97,100.0,0,0
8.35,0,0,63.2,75.4,32.9,-0.23,98.0,3,6,4,0.589,62.7,1,1
6.33,0,0,38.6,46.0,50.1,0.71,97.9,2,3,1,0.879,69.5,0,0
8.43,0,1,60.2,39.6,28.5,-1.48,27.5,3,12,3,0.672,90.1,0,0
7.82,0,0,75.7,36.5,55.6,0.35,100.0,2,6,1,0.884,67.4,1,1
8.12,0,2,46.4,91.3,72.3,0.99,96.1,2,0,1,0.557,76.9,1,0
6.89,0,0,44.7,50.8,27.6,-0.01,95.7,3,0,1,0.788,47.6,0,0
5.77,0,0,60.1,51.8,51.6,-0.36,100.0,1,0,1,0.633,88.2,0,0
8.15,0,0,69.5,59.8,72.0,1.03,96.9,4,0,0,0.813,100.0,1,1
5.33,0,0,40.6,32.8,35.8,-1.51,96.9,4,0,4,0.551,61.1,0,0
7.25,0,1,83.1,48.4,64.6,-0.09,100.0,3,6,0,0.812,100.0,1,1
8.64,0,2,74.3,100.0,62.2,1.88,99.0,2,2,1,0.75,88.4,1,1
7.81,0,0,54.6,64.5,61.5,1.12,99.2,5,0,0,0.86,86.2,1,1
9.74,0,0,79.0,74.7,82.1,1.71,84.9,3,3,4,0.451,75.3,1,2
8.73,0,0,58.7,47.9,69.5,0.9,98.2,2,0,1,0.79,74.0,1,1
6.88,0,0,68.9,78.3,35.5,0.56,80.6,4,0,2,0.789,79.5,1,0
7.63,0,3,68.2,56.6,34.2,-0.65,95.6,3,0,1,0.616,76.0,0,0
7.55,0,0,74.0,68.4,49.5,-0.17,97.5,1,3,2,0.574,39.3,1,0
5.86,0,1,58.2,51.4,28.3,-0.7,96.9,1,3,1,0.606,75.8,0,0
6.57,0,0,45.7,40.7,30.5,-1.09,55.7,5,0,1,0.842,98.2,0,0
6.98,0,0,43.5,61.2,64.1,0.88,99.3,2,2,1,0.624,81.2,0,0
5.36,0,0,38.0,25.5,8.2,-1.72,99.5,3,0,0,0.734,51.5,0,0
7.65,0,0,51.0,45.3,53.7,-0.25,93.0,1,0,1,0.707,66.7,0,0
7.33,0,1,60.2,71.9,73.9,1.56,100.0,3,0,4,0.573,90.2,1,1
5.76,0,0,56.2,36.1,50.5,-0.03,96.9,2,0,2,0.535,78.6,0,0
8.04,1,1,63.4,70.8,83.4,1.86,100.0,1,2,3,0.854,90.0,1,0
8.39,0,0,70.7,73.0,55.0,0.52,89.5,4,2,0,0.841,79.5,1,1
7.85,2,3,62.4,70.3,73.3,1.54,25.4,4,0,1,0.423,89.2,0,0
7.24,0,0,67.1,32.9,32.8,-0.75,92.6,3,0,0,0.594,81.2,0,0
8.25,1,2,59.5,57.6,59.0,0.73,94.4,1,6,2,0.655,75.9,0,0
8.35,1,1,42.1,62.3,61.9,1.34,97.2,2,0,2,0.803,82.3,0,0
7.94,0,3,70.0,50.7,49.9,0.14,96.0,2,3,2,0.875,37.7,0,0
6.69,0,0,63.8,54.6,38.8,-0.51,77.1,3,3,0,0.58,62.0,1,0
7.9,0,1,69.4,78.6,51.0,0.22,34.4,4,0,0,0.778,84.3,0,0
8.92,0,0,66.5,91.9,54.3,1.53,94.1,3,0,2,0.522,48.6,1,1
6.94,0,0,40.8,46.6,63.7,0.53,84.9,4,0,2,0.703,87.8,0,0
9.91,0,0,90.0,88.1,80.6,2.53,93.9,2,2,1,0.841,73.8,1,2
7.02,0,0,56.9,58.5,52.9,-0.53,100.0,3,0,1,0.858,58.1,0,0
7.64,0,4,59.8,67.7,59.6,1.08,97.5,1,2,1,0.601,73.6,0,0
6.86,0,0,75.5,38.2,48.3,-0.42,97.1,2,3,0,0.821,57.6,1,0
7.85,0,0,52.1,86.8,60.8,1.04,97.9,2,2,1,0.697,82.9,0,0
5.68,0,0,63.1,50.5,27.7,-1.04,96.1,3,12,2,0.783,91.2,1,1
7.0,0,0,55.4,65.3,74.5,1.52,94.4,2,3,1,0.84,71.2,1,1
6.4,0,0,27.0,62.2,55.5,0.7,97.2,2,0,2,0.523,95.3,1,0
7.75,0,0,60.3,67.7,58.3,0.21,96.2,2,2,0,0.873,83.6,1,0
8.69,0,0,83.5,56.3,61.3,0.58,98.0,1,3,2,0.418,81.4,0,0
8.31,0,0,63.7,64.5,62.6,1.02,92.1,3,0,1,0.448,80.6,0,0
5.0,1,3,17.3,6.9,32.5,-1.47,97.6,3,3,3,0.729,66.0,0,0
9.85,2,1,81.5,89.1,100.0,2.98,94.9,3,0,1,0.649,73.5,0,0
7.92,1,3,54.0,59.8,35.4,-0.39,40.6,3,6,0,0.842,74.8,0,0
6.75,0,0,58.4,48.6,57.8,-0.67,70.0,2,3,2,0.304,73.1,0,0
7.77,0,0,72.0,77.4,78.6,1.63,95.3,4,0,2,0.825,66.1,1,1
7.79,0,0,50.3,54.3,31.8,-0.44,100.0,5,6,0,0.722,67.4,0,0
6.87,0,0,45.2,47.0,44.1,-0.14,91.8,2,0,0,0.483,48.2,0,0
7.82,0,0,72.3,61.3,39.7,0.35,100.0,2,2,0,0.861,55.2,0,0
6.93,0,0,44.0,25.5,55.9,-1.13,100.0,2,3,2,0.785,65.9,0,0
7.16,0,0,43.6,50.0,44.4,-0.28,94.3,3,6,1,0.616,53.4,1,0
6.85,0,0,39.3,15.5,44.8,-1.31,94.4,3,0,1,0.616,77.4,0,0
6.02,1,2,49.5,33.1,29.9,-1.53,92.5,6,3,2,0.748,91.8,0,0
7.76,0,0,66.3,72.3,71.1,1.17,99.8,3,0,2,0.764,65.2,0,0
8.24,0,0,59.2,71.9,68.0,1.37,82.7,2,0,2,0.945,88.5,1,1
8.17,0,0,66.7,56.5,67.2,0.84,48.7,3,0,1,0.632,90.7,1,0
8.5,0,0,88.3,69.1,69.9,0.81,60.6,6,3,1,0.468,52.7,1,1
7.96,0,0,52.9,47.5,70.8,0.58,40.7,3,0,0,0.904,72.0,1,0
7.01,0,0,31.7,52.1,44.5,0.23,94.1,1,0,2,0.742,52.4,0,0
8.52,0,0,75.7,100.0,97.9,2.98,97.1,2,12,1,0.257,36.7,1,2
6.11,1,2,44.7,68.0,16.1,-0.95,97.6,2,0,1,0.839,78.2,0,0
6.61,0,1,42.6,48.4,13.2,-1.51,65.3,4,2,1,0.644,53.9,0,0
6.54,0,0,58.2,49.2,10.9,-2.01,95.2,3,2,2,0.478,43.3,0,0
8.79,0,0,83.0,58.0,33.0,-0.56,95.9,4,0,2,0.988,74.2,1,1
8.64,0,0,44.9,58.8,80.8,0.53,98.7,2,0,1,0.5,65.9,1,0
8.14,0,1,58.5,69.6,72.6,2.01,96.0,5,2,1,0.292,67.0,1,1
8.78,0,0,100.0,64.2,92.1,1.38,100.0,1,2,2,0.634,77.1,1,1
6.63,0,0,58.3,60.6,25.6,-0.13,46.4,2,3,2,0.933,89.2,0,0
7.98,0,0,72.9,84.8,74.2,2.31,90.9,1,2,1,0.482,71.5,1,1
7.46,0,0,73.7,61.7,55.6,0.53,91.7,2,6,0,0.89,79.8,1,1
8.53,0,1,70.5,70.3,70.4,1.09,94.7,5,3,0,0.573,70.2,0,0
7.47,0,0,69.3,33.7,65.9,-0.36,94.6,1,2,1,0.715,65.6,1,0
7.18,0,0,65.4,64.4,37.5,-0.3,8.0,1,0,3,0.364,79.7,0,0
8.19,0,0,73.4,49.1,100.0,2.29,90.1,5,2,2,0.531,59.0,1,2
8.56,0,0,66.8,63.3,91.7,1.83,96.7,3,2,3,0.766,68.1,1,2
6.86,0,2,55.7,63.9,37.8,-0.09,90.2,2,3,2,0.755,45.9,0,0
7.53,1,2,53.3,72.3,35.8,0.55,100.0,1,3,1,0.713,47.4,0,0
6.44,0,0,49.5,39.3,40.6,-0.27,97.5,4,2,1,0.621,75.8,0,0
5.0,0,0,21.0,24.3,28.3,-1.35,74.6,3,2,0,0.788,86.5,0,0
7.82,0,0,53.7,51.2,78.0,1.05,100.0,2,3,2,0.87,69.7,1,1
8.27,0,0,64.3,49.2,43.2,-0.55,100.0,2,0,1,0.553,73.8,0,0
7.89,0,0,52.6,52.9,64.8,0.33,96.1,3,0,0,0.648,90.7,1,0
5.46,0,0,33.5,12.4,2.9,-2.49,91.1,3,6,0,0.633,76.3,0,0
7.21,0,0,55.2,63.9,59.4,0.85,98.7,4,6,2,0.609,81.2,1,1
5.16,0,0,41.4,37.3,25.0,-1.62,94.1,4,2,1,0.923,68.2,0,0
9.11,0,0,87.5,83.0,100.0,2.43,67.1,4,12,0,0.831,68.8,1,2
6.41,0,1,43.5,32.1,14.0,-1.75,94.7,3,0,2,0.772,46.4,0,0
8.98,0,0,90.8,57.1,97.4,1.38,95.6,4,0,2,0.606,98.9,1,2
8.64,0,1,82.7,70.8,38.0,-0.09,93.0,3,2,0,0.705,82.4,1,0
6.61,0,0,57.1,48.6,20.4,-1.95,93.2,4,6,1,0.747,48.7,0,0
6.35,0,0,50.4,42.8,11.1,-1.76,96.7,3,2,2,0.612,71.4,0,0
7.99,0,1,68.7,58.8,65.3,0.27,96.4,3,0,0,0.701,95.8,0,0
6.67,0,0,66.0,72.3,23.9,-0.48,75.2,3,0,2,0.847,66.5,0,0
7.71,0,1,76.8,65.8,33.3,-1.12,92.9,2,3,1,0.83,91.3,1,0
7.07,0,0,71.7,80.3,53.5,0.87,98.8,4,3,2,0.804,100.0,1,1
5.64,0,0,41.9,54.8,40.8,0.16,97.0,5,0,3,0.635,70.9,1,0
5.15,0,0,43.1,55.5,27.5,-0.68,88.7,2,2,2,0.713,57.3,0,0
7.85,0,0,79.6,46.3,56.3,0.33,33.2,3,6,0,0.758,52.1,0,0
6.98,0,0,47.3,60.1,81.7,1.08,100.0,1,2,1,0.809,86.4,1,0
6.99,0,0,51.1,45.9,51.5,-0.66,96.4,4,0,1,0.806,72.4,1,0
8.37,0,0,68.8,43.7,79.9,0.86,94.6,3,6,1,0.866,58.5,1,1
8.89,0,0,84.7,93.7,74.3,2.05,97.5,3,2,4,0.348,73.7,1,1
7.3,0,0,69.0,51.2,32.8,-1.08,92.7,1,0,0,0.684,73.7,0,0
7.23,0,0,54.5,39.7,61.6,-0.03,98.4,4,0,3,0.904,96.5,1,1
8.15,0,0,48.4,58.8,51.0,0.13,100.0,2,2,4,0.206,94.7,0,0
6.11,0,0,49.0,31.0,36.7,0.27,95.0,3,3,4,0.713,60.1,1,0
7.85,0,1,52.4,51.6,64.6,0.61,95.1,3,3,2,0.941,78.6,0,0
8.21,0,1,49.2,62.2,28.5,-1.21,96.8,3,2,1,0.905,64.3,1,0
8.35,0,0,53.3,91.1,36.2,-0.41,50.9,1,3,0,0.789,60.0,1,0
5.47,0,3,43.6,25.8,47.0,-0.34,92.5,3,0,2,0.817,80.2,0,0
6.76,0,0,69.0,72.6,34.2,0.97,87.8,4,3,2,0.892,66.8,1,1
6.63,1,2,51.8,59.9,33.5,-0.44,95.2,3,0,1,0.644,77.8,0,0
7.71,0,1,64.6,65.4,60.5,0.56,100.0,2,0,2,0.95,56.9,1,0
8.13,1,1,80.5,74.9,55.6,0.91,100.0,2,6,0,0.857,92.3,1,0
9.25,0,0,58.9,76.9,83.5,1.39,100.0,5,0,2,0.802,69.3,1,2
7.06,0,0,61.8,70.6,48.7,-0.6,99.4,4,0,3,0.388,49.0,1,0
7.05,0,0,55.4,60.5,53.2,0.76,97.6,3,0,1,0.89,83.2,1,0
8.86,1,1,80.4,49.2,58.7,0.03,94.4,5,0,2,0.819,92.9,1,0
7.93,0,0,58.5,66.3,63.6,1.24,36.1,2,0,2,0.567,73.1,0,0
8.99,1,1,65.1,84.9,92.8,1.9,81.6,3,2,0,0.901,80.2,1,1
7.92,0,0,65.9,58.0,49.8,0.22,93.3,3,6,0,0.717,63.7,1,1
6.33,1,1,68.1,46.4,57.4,0.51,94.3,6,3,2,0.789,47.2,0,0
6.13,0,0,56.7,33.9,37.7,-0.34,79.5,2,0,0,0.568,78.2,0,0
5.89,0,0,37.8,20.5,48.9,-0.6,28.1,2,0,4,0.944,72.2,0,0
8.33,0,0,52.2,44.9,67.3,0.54,98.2,1,0,3,0.949,82.9,1,0
8.91,0,0,53.9,51.5,71.3,0.99,93.3,1,0,1,0.763,61.9,1,0
9.63,0,0,97.1,90.3,86.9,2.31,94.7,3,0,1,0.862,67.6,1,2
8.53,0,1,58.8,33.9,89.2,0.43,97.1,2,6,2,0.925,70.7,1,1
8.88,0,0,69.9,63.3,75.8,0.65,96.4,1,0,2,0.927,77.5,1,1
6.96,0,0,70.5,40.9,57.2,-0.81,94.9,5,0,0,0.312,56.7,0,0
6.33,0,1,28.9,40.7,34.3,-0.42,100.0,5,2,0,0.941,79.7,0,0
8.54,0,0,88.3,42.9,95.7,1.21,92.4,2,3,2,0.597,66.1,1,1
8.06,0,3,62.6,69.3,73.2,1.53,92.5,4,3,2,0.903,54.3,1,1
7.72,0,4,48.4,42.1,59.0,0.29,71.8,4,6,0,0.902,63.4,1,0
8.03,0,0,62.3,79.1,59.1,0.55,95.1,3,0,2,0.558,64.3,0,0
7.96,0,0,55.9,53.8,78.1,0.97,95.0,2,0,3,0.916,78.3,1,1
9.01,0,0,80.4,72.8,62.2,0.73,93.8,1,0,0,0.483,73.0,0,0
9.02,2,1,67.5,74.3,41.2,0.0,40.4,1,2,1,0.853,91.0,0,0
8.2,0,0,44.0,68.6,64.7,1.27,97.7,4,3,3,0.978,63.2,1,1
8.53,0,0,67.7,69.4,88.8,2.73,97.4,2,0,1,0.365,77.8,1,1
8.17,1,1,50.4,58.8,91.6,2.03,95.3,3,3,1,0.854,63.6,1,0
7.09,0,0,58.4,57.8,48.2,0.1,71.8,3,0,2,0.948,63.9,0,0
8.43,0,1,55.1,74.3,67.0,1.61,96.5,2,3,1,0.497,66.3,0,0
6.07,0,1,39.8,31.0,47.1,0.17,33.7,1,3,2,0.805,63.2,0,0
8.76,0,0,74.8,77.3,65.4,0.56,100.0,2,6,0,0.749,78.9,1,1
6.29,0,2,45.3,60.8,49.7,0.72,100.0,4,2,1,0.893,81.4,0,0
7.91,1,1,67.1,71.9,58.4,1.08,98.5,4,0,1,0.37,58.2,0,0
6.67,0,0,59.9,61.4,63.2,1.17,99.9,1,3,4,0.576,52.0,1,0
8.21,0,0,53.2,67.7,76.5,1.6,93.5,1,0,1,0.608,82.7,0,0
7.56,0,0,59.9,45.1,70.3,0.48,94.9,4,0,2,0.885,79.8,1,1
5.85,0,0,10.0,28.0,31.5,-0.29,98.6,2,3,0,0.591,94.1,0,0
8.06,1,3,68.6,68.2,96.4,2.09,96.6,3,2,4,0.857,65.0,1,0
6.96,0,0,51.0,64.8,57.3,0.4,98.0,3,2,0,0.486,74.2,1,0
8.57,0,0,58.9,100.0,72.3,2.06,99.9,3,6,0,0.641,72.3,1,1
7.6,0,0,64.8,72.4,42.5,0.64,99.5,1,0,0,0.677,87.4,0,0
8.03,0,0,79.4,47.0,59.7,0.29,52.3,5,2,3,0.805,84.3,1,1
6.55,1,2,44.8,36.3,45.6,-0.29,97.0,1,2,2,0.985,70.0,0,0
6.95,2,2,43.2,83.4,34.2,0.25,94.2,1,6,4,0.808,73.9,0,0
7.1,0,0,57.9,50.0,44.9,-0.43,94.7,2,0,0,0.859,69.9,0,0
8.54,0,0,54.4,69.6,64.5,0.59,91.9,6,2,2,0.985,39.8,1,1
9.45,0,0,71.5,65.5,79.3,0.76,97.4,1,2,1,0.656,66.4,1,1
6.71,0,0,66.8,70.8,13.8,-0.14,71.7,4,0,2,0.695,58.0,0,0
8.78,0,0,73.6,78.6,68.0,1.15,98.2,2,2,1,0.892,56.5,1,1
5.21,0,0,14.6,21.5,20.8,-2.98,100.0,1,2,2,0.889,83.5,0,0
6.29,0,3,26.3,30.2,40.1,-0.61,98.6,4,0,3,0.42,56.2,0,0
6.55,0,0,52.4,51.3,62.2,0.59,97.2,4,3,1,0.782,71.2,1,1
6.11,0,2,56.5,42.9,75.3,-0.06,49.6,4,2,3,0.529,67.9,0,0
5.86,0,0,24.2,51.1,47.5,-0.39,98.0,2,0,2,0.372,60.1,0,0
8.05,0,0,70.9,71.3,39.4,-0.23,94.4,4,0,3,0.617,74.8,1,1
7.36,0,2,74.6,52.3,47.2,-0.34,29.4,1,0,2,0.498,96.6,0,0
8.02,0,0,87.8,55.6,71.9,1.34,19.6,2,6,1,0.876,54.0,0,0
8.36,0,2,72.6,64.7,74.0,1.07,93.7,3,12,0,0.764,95.8,1,1
7.89,0,0,70.0,54.1,77.5,0.84,92.9,1,6,2,0.719,65.3,0,0
8.32,0,0,42.6,64.7,63.1,1.21,98.8,3,2,0,0.9,100.0,1,1
7.52,2,2,85.4,58.0,48.7,0.33,72.5,3,3,0,0.698,67.5,0,0
6.29,0,0,41.0,31.7,72.1,-0.37,95.4,6,3,1,0.738,71.0,0,0
8.76,0,2,61.4,80.2,71.2,1.13,75.2,3,0,2,0.509,36.6,1,0
6.95,1,3,51.5,46.3,30.1,-0.62,91.1,2,2,2,0.402,91.9,0,0
6.57,0,0,68.8,35.5,70.4,-0.02,92.6,4,6,2,0.479,66.1,1,0
7.4,0,0,85.5,51.5,26.9,0.08,100.0,2,0,2,0.859,62.4,0,0
6.6,0,0,52.5,50.9,0.0,-1.6,97.0,3,3,2,0.199,85.6,0,0
7.14,0,0,68.4,54.7,64.5,0.29,91.1,1,3,2,0.945,100.0,1,0
7.98,0,1,65.3,68.7,77.1,0.87,100.0,2,2,2,0.761,84.9,1,1
7.98,0,0,52.4,75.4,68.3,1.54,100.0,3,2,1,0.812,53.4,1,1
6.61,0,0,68.8,66.0,20.9,-0.87,100.0,3,2,0,0.525,65.3,0,0
7.06,0,1,48.2,56.7,48.7,0.26,95.7,1,2,2,0.798,44.5,1,0
8.78,0,0,91.2,56.6,65.4,0.2,96.2,4,0,0,0.611,82.6,1,1
8.15,0,1,82.0,60.8,53.1,0.37,97.4,5,3,3,0.744,68.9,1,1
9.88,0,0,91.2,69.6,100.0,1.85,75.7,2,3,2,0.558,69.4,1,2
8.9,0,3,95.9,96.6,52.9,1.01,95.3,4,12,2,0.779,80.9,1,1
8.86,0,0,100.0,100.0,77.0,1.69,94.7,2,0,1,0.522,83.6,1,1
6.07,0,0,43.6,50.9,59.4,0.74,99.1,3,0,2,0.693,59.6,1,0
8.44,0,0,59.7,79.9,73.1,1.24,100.0,4,0,1,0.69,69.1,1,1
7.54,0,0,38.0,61.5,77.8,1.13,96.8,2,2,1,0.683,44.3,0,0
6.99,1,3,81.9,57.1,59.1,0.42,89.5,1,0,2,0.3,76.2,0,0
7.78,0,0,57.6,38.3,66.1,0.92,97.3,3,2,1,0.626,72.4,1,0
8.64,0,1,85.0,69.0,75.3,1.62,96.2,4,2,0,0.504,53.1,1,1
8.15,0,0,57.6,52.3,73.9,1.16,94.5,1,0,1,0.584,47.5,1,0
6.63,0,0,69.8,51.9,37.7,-1.0,93.5,1,3,0,0.715,74.8,0,0
8.42,0,0,60.8,66.7,42.6,-0.14,95.2,4,6,1,0.379,64.6,1,1
6.9,0,0,39.7,78.1,65.0,1.6,94.1,2,0,0,0.688,78.2,0,0
7.84,0,0,60.9,74.1,80.0,1.07,97.9,2,3,1,0.705,55.0,1,1
7.27,0,0,51.3,58.9,56.7,0.46,75.7,1,2,2,0.749,81.9,0,0
7.36,1,2,65.7,52.2,43.4,-0.6,78.2,1,3,4,0.692,73.2,0,0
8.44,0,0,68.8,91.3,38.3,0.14,94.2,3,3,0,0.635,63.4,1,1
6.46,0,0,57.1,45.6,44.0,0.37,99.6,3,0,1,0.757,71.9,0,0
9.74,0,0,78.9,86.8,57.6,1.36,73.1,2,3,0,0.939,64.2,1,1
5.6,0,0,33.0,37.2,5.4,-1.38,98.5,3,0,0,0.68,56.2,0,0
6.94,1,3,47.4,45.7,47.9,0.15,25.1,2,12,1,0.445,54.8,0,0
8.01,0,0,89.6,63.6,47.3,0.16,100.0,3,0,1,0.632,100.0,1,0
8.24,0,0,70.1,38.2,70.1,0.13,100.0,4,0,1,0.363,100.0,1,1
7.49,0,0,36.1,35.7,52.0,-0.41,96.4,4,0,0,0.823,62.2,0,0
7.54,0,0,54.1,62.8,44.5,0.03,99.2,1,3,1,0.829,69.4,1,0
8.05,0,0,66.7,85.5,30.9,0.86,100.0,1,2,1,0.748,97.1,0,0
7.35,0,0,80.6,60.7,37.8,-0.7,95.6,2,6,1,0.759,73.6,1,0
9.13,0,0,88.7,65.4,59.9,0.45,96.8,4,2,3,0.67,92.0,1,1
8.52,0,0,59.2,48.6,45.2,-0.56,97.2,2,0,1,0.719,100.0,1,0
8.56,0,1,99.6,80.1,61.8,1.49,93.7,4,3,1,0.473,75.1,1,1
6.54,0,0,50.0,39.0,22.8,-0.41,98.3,1,0,1,0.765,78.1,0,0
7.51,1,2,75.1,66.6,52.2,0.57,100.0,1,0,1,0.958,90.4,0,0
7.27,0,0,43.8,60.4,56.6,0.61,96.6,5,0,3,0.814,69.0,1,1
6.49,0,1,21.2,53.1,28.1,-0.63,98.0,2,0,4,0.935,93.6,0,0
8.0,0,0,48.1,63.4,68.6,1.09,100.0,3,0,1,0.885,74.0,1,1
7.01,0,0,16.1,57.5,24.6,-0.37,95.8,2,0,0,0.873,100.0,0,0
8.32,0,0,93.6,64.9,44.8,0.33,80.0,1,0,3,0.641,72.5,0,0
6.42,0,0,51.8,36.8,40.0,-0.43,95.3,3,2,0,0.703,84.0,0,0
9.49,0,0,68.8,65.9,91.3,2.04,95.2,5,0,1,0.679,69.8,1,2
6.61,0,0,56.6,14.4,60.0,-1.17,98.0,3,2,0,0.558,54.2,0,0
7.84,0,0,65.7,58.7,88.1,1.47,97.7,2,0,1,0.927,88.7,1,1
8.47,0,0,77.2,89.5,59.9,1.33,98.7,3,6,1,0.475,90.5,1,1
6.97,0,0,69.2,61.9,46.4,0.31,97.2,1,0,1,0.933,44.0,0,0
8.54,1,1,66.9,72.1,48.9,0.38,98.4,3,6,2,0.499,54.9,0,0
6.25,0,0,36.9,33.5,17.4,-1.39,100.0,3,2,2,0.631,77.7,0,0
9.2,0,0,86.9,90.1,79.5,1.59,100.0,2,3,4,0.901,68.9,1,2
7.62,0,0,70.8,57.1,42.4,-0.8,98.0,3,0,1,0.919,84.1,1,0
6.94,0,0,55.6,73.4,70.5,1.6,98.5,1,0,2,0.836,43.0,0,0
7.27,0,0,83.8,41.2,25.9,-1.45,96.1,3,6,1,0.806,100.0,1,0
8.49,1,1,64.6,57.9,75.6,0.97,96.5,4,2,0,0.5,64.5,0,0
6.96,0,0,43.8,39.7,30.4,-1.18,98.5,2,2,0,0.875,72.7,1,0
6.78,0,0,57.8,28.8,31.5,-0.45,97.3,2,12,1,0.831,76.2,1,1
7.36,0,0,50.5,42.8,63.0,0.24,99.4,3,0,2,0.898,95.7,0,0
6.31,0,0,54.0,45.8,28.5,-0.93,100.0,4,0,0,0.832,51.3,0,0
9.6,2,2,71.0,70.7,70.9,1.46,96.7,2,2,2,0.901,74.1,0,0
6.98,0,2,50.0,5.0,34.1,-0.67,91.0,2,2,2,0.526,54.4,0,0
8.51,0,0,92.8,83.7,99.3,2.55,100.0,3,3,0,0.64,86.5,1,2
7.83,0,0,58.4,37.6,47.9,-0.5,95.0,2,6,0,0.639,67.0,1,0
6.52,0,0,40.6,54.9,44.1,0.19,97.6,3,0,0,0.954,78.5,0,0
7.59,0,0,75.0,59.0,52.5,-0.35,66.3,2,3,2,0.791,66.5,0,0
8.46,0,0,57.0,97.7,70.5,1.76,63.6,2,2,1,0.266,100.0,1,1
7.39,0,1,50.6,70.3,42.6,1.0,100.0,3,3,1,0.878,61.7,1,0
8.91,0,0,81.0,66.0,68.3,1.03,95.9,3,0,0,0.904,80.3,1,1
8.72,0,0,83.5,61.1,76.8,1.18,100.0,1,2,1,0.628,40.9,1,1
8.61,0,0,85.8,90.8,52.8,1.01,58.7,2,0,2,0.834,80.4,1,1
7.09,0,1,47.0,32.4,69.7,0.11,100.0,2,2,0,0.46,50.2,0,0
6.41,0,0,56.3,48.2,63.3,0.53,100.0,1,0,3,0.668,97.6,0,0
6.93,0,1,48.7,49.3,59.0,0.6,96.5,1,6,0,0.596,62.5,1,0
7.82,0,0,55.9,56.2,60.0,0.34,94.6,1,2,2,0.451,58.1,0,0
8.2,0,0,81.4,70.2,9.6,-1.9,89.1,5,2,0,0.558,76.1,0,0
5.21,1,2,30.5,35.0,35.2,-0.64,99.0,3,12,0,0.354,53.2,0,0
7.59,2,2,64.2,64.9,49.0,1.15,100.0,5,2,1,0.667,60.3,0,0
7.77,0,0,64.6,62.5,53.9,0.25,99.2,1,3,2,0.964,75.4,0,0
7.29,0,0,45.1,61.1,18.4,-1.4,76.5,3,0,0,0.657,64.0,0,0
9.02,0,1,86.8,75.5,82.1,1.91,63.7,1,3,1,0.671,85.2,1,1
8.06,0,0,72.4,54.5,35.7,0.32,98.4,1,0,1,0.849,89.6,1,0
9.04,0,0,51.6,74.5,75.6,1.61,100.0,3,3,1,0.76,80.8,1,2
7.36,0,2,62.0,46.0,69.6,1.26,96.8,3,6,3,0.886,53.7,1,1
8.63,0,0,62.0,59.0,60.1,0.86,100.0,1,0,1,0.763,61.1,0,0
9.4,0,0,92.2,73.7,99.7,2.46,93.9,2,6,4,0.87,57.1,1,2
9.04,0,0,58.1,72.8,60.1,0.64,97.6,1,2,1,0.47,68.2,1,0
6.4,0,0,44.7,45.9,52.6,0.11,73.0,2,2,2,0.865,78.2,0,0
7.32,0,0,62.6,68.4,29.4,-0.29,100.0,3,2,1,0.728,77.6,1,0
7.22,0,0,57.9,47.4,70.2,0.59,95.4,2,2,0,0.934,98.0,0,0
8.14,0,0,75.5,67.3,78.4,1.23,100.0,3,6,0,0.846,98.1,1,2
8.35,0,0,50.3,68.6,73.7,1.29,96.1,3,6,1,0.879,79.5,1,1
6.68,0,0,71.6,39.9,38.0,-1.14,93.8,2,2,3,0.745,81.4,0,0
7.67,0,0,68.0,60.5,31.9,-0.05,93.9,2,2,0,0.874,54.6,1,0
5.38,0,2,55.1,48.2,22.5,-1.31,95.1,2,0,2,0.749,85.9,0,0
9.19,0,0,87.4,78.7,95.2,2.04,98.1,2,0,1,0.335,79.4,1,1
7.04,0,4,55.2,55.6,51.8,0.32,95.2,4,2,2,0.764,78.4,0,0
7.66,0,0,46.2,49.4,29.0,-1.08,94.5,1,0,0,0.733,74.9,0,0
7.26,0,1,50.8,82.4,31.9,-0.67,99.7,4,2,0,0.648,94.2,0,0
8.86,0,0,92.7,63.4,93.9,1.61,87.4,2,3,0,0.373,98.8,1,1
5.0,0,0,51.6,6.7,33.8,-2.08,95.7,3,2,0,0.896,74.0,0,0
7.58,0,2,53.4,70.4,33.8,0.2,93.0,4,2,0,0.506,80.4,0,0
7.48,1,2,26.0,55.7,23.0,-1.23,94.4,4,3,0,0.565,63.8,0,0
7.1,0,0,53.5,48.9,39.0,0.2,97.7,3,0,1,0.476,76.1,0,0
9.5,0,1,76.5,71.8,45.7,0.34,96.4,2,2,1,0.459,81.7,0,0
6.62,0,0,48.2,74.1,41.7,0.28,96.1,3,0,3,0.641,48.5,0,0
8.45,0,2,75.8,72.9,100.0,1.38,100.0,2,2,3,0.571,58.5,0,0
7.99,0,0,75.4,70.6,32.2,-0.08,97.0,4,2,1,0.629,80.9,0,0
8.99,0,0,86.8,76.1,69.5,1.2,100.0,3,0,0,0.504,75.6,1,1
6.87,0,0,59.0,54.3,71.0,0.28,23.2,4,0,4,0.89,75.0,0,0
6.79,0,0,31.3,69.3,60.0,0.8,94.1,2,0,1,0.788,73.7,1,0
8.81,1,2,69.0,68.4,68.0,0.85,90.6,3,6,4,0.929,88.4,1,0
8.07,0,0,93.3,43.3,59.2,0.07,97.8,1,2,1,0.944,85.4,1,0
5.9,0,0,48.5,52.1,15.0,-1.11,100.0,3,3,3,0.751,65.7,0,0
7.01,0,0,59.5,59.0,44.3,-0.18,39.5,3,6,1,0.746,90.5,0,0
8.03,0,0,69.6,64.8,65.7,0.95,68.4,3,0,2,0.327,72.1,1,0
8.52,0,0,75.2,75.3,87.2,1.77,98.3,4,6,1,0.657,49.1,1,2
6.85,0,0,24.9,45.2,36.1,-0.38,96.5,4,2,0,0.831,78.8,1,0
5.0,0,3,32.1,30.3,21.6,-1.6,100.0,3,6,2,0.816,52.0,0,0
8.18,0,0,66.3,63.1,46.0,-0.27,100.0,2,0,0,0.86,81.0,1,0
6.26,0,0,63.0,35.6,44.1,-0.8,90.1,2,0,1,0.627,62.7,0,0
5.38,1,1,39.4,50.8,43.7,0.39,99.4,2,0,3,0.573,40.4,0,0
5.0,0,0,15.2,10.2,36.3,-0.96,94.3,2,3,1,0.853,75.6,0,0
8.5,1,3,75.1,100.0,45.9,1.46,89.2,3,0,0,0.348,94.2,0,0
7.74,1,1,52.8,72.4,60.5,1.36,98.6,3,3,0,0.217,64.7,0,0
7.35,0,0,43.9,31.0,41.0,-0.91,98.6,6,0,0,0.781,77.8,1,0
9.13,0,0,66.3,72.3,92.7,2.04,99.0,3,0,1,0.67,75.6,1,1
8.3,0,0,74.5,64.0,61.7,0.73,98.1,6,0,0,0.677,41.5,1,1
9.38,0,0,93.9,83.6,50.2,1.02,99.6,2,3,2,0.935,75.2,1,1
6.07,0,2,51.5,27.9,33.9,-1.14,95.2,3,6,2,0.883,80.2,0,0
7.56,0,0,68.2,58.6,64.0,0.7,97.8,6,6,0,0.776,65.8,1,1
5.82,0,0,48.9,37.3,39.3,-0.61,99.1,3,0,1,0.803,67.1,0,0
7.35,0,0,59.7,45.5,44.0,-0.09,100.0,3,0,1,0.833,67.3,1,0
7.33,0,0,66.6,43.3,42.4,-0.14,45.6,3,3,1,0.886,80.6,0,0
8.29,0,0,38.9,79.0,46.7,0.57,96.4,4,2,1,0.789,52.8,1,1
7.65,0,2,62.8,35.4,49.7,-0.29,96.8,5,0,3,0.909,49.3,1,0
8.29,0,0,55.3,72.8,49.0,0.57,93.4,3,6,3,0.607,81.7,1,1
8.37,0,0,82.7,78.3,82.9,2.39,99.3,4,0,1,0.891,59.6,1,2
9.97,0,0,82.9,81.6,68.4,0.62,92.6,5,2,1,0.449,85.3,1,1
7.25,1,1,57.9,55.5,54.2,-0.12,79.8,2,0,1,0.812,74.6,0,0
6.56,0,0,32.6,63.5,44.8,0.39,97.3,3,2,1,0.724,62.8,1,0
7.87,1,2,75.9,51.7,76.5,1.03,92.3,6,0,0,0.716,55.9,0,0
6.72,0,0,59.7,40.5,65.2,0.4,92.5,2,12,1,0.42,25.4,1,1
9.23,0,2,84.0,69.6,88.3,1.98,94.4,3,2,1,0.77,63.1,1,1
7.29,0,0,48.1,71.5,58.8,0.86,96.0,3,12,1,0.501,72.7,1,1
6.98,0,0,45.5,69.8,29.9,-0.45,100.0,2,0,1,0.526,75.7,0,0
7.08,0,0,58.5,33.4,30.7,-0.76,96.7,4,3,3,0.62,49.4,0,0
8.39,0,0,60.6,81.4,50.5,0.72,98.6,2,3,2,0.931,62.6,1,1
7.43,0,0,64.5,68.2,67.7,0.81,69.0,3,3,2,0.811,90.9,1,1
6.89,0,0,28.0,72.6,49.0,0.75,100.0,3,3,4,0.471,100.0,0,0
9.43,0,0,73.5,84.1,93.8,2.48,97.0,2,3,2,0.582,81.7,1,2
6.66,0,0,73.1,47.6,62.9,0.46,69.6,2,3,3,0.668,72.2,0,0
7.64,0,3,66.7,75.1,43.6,1.03,98.5,3,12,2,0.908,50.2,1,1
8.32,0,0,70.2,76.3,65.4,1.63,94.9,2,0,0,0.538,72.3,0,0
5.81,0,2,66.9,70.3,34.4,0.33,46.0,2,0,0,0.442,64.1,0,0
8.13,0,0,38.3,77.8,56.6,1.87,30.4,1,3,0,0.862,94.6,0,0
6.44,0,0,39.6,48.0,32.6,-0.68,97.6,4,0,1,0.844,66.6,0,0
8.51,0,0,65.2,52.1,88.4,1.14,98.5,2,3,1,0.73,84.7,1,1
6.54,0,0,60.7,38.8,44.4,-0.09,97.5,1,0,2,0.671,67.8,0,0
8.36,0,3,79.1,46.9,65.6,0.35,95.9,4,0,1,0.439,89.2,0,0
8.82,0,0,62.8,69.0,56.3,0.64,98.5,1,3,2,0.744,70.9,0,0
8.55,0,2,82.5,82.0,79.7,1.31,96.3,3,0,3,0.705,78.3,0,0
7.88,0,2,58.9,61.6,41.4,0.21,100.0,3,0,0,0.512,71.4,0,0
7.35,0,0,73.0,70.1,61.3,0.24,94.9,2,0,0,0.61,81.4,0,0
6.97,0,3,42.3,56.4,57.3,0.34,98.5,1,0,3,0.692,58.5,0,0
9.22,0,0,75.7,70.8,68.2,1.06,94.7,1,6,0,0.774,86.5,1,1
6.83,1,3,47.4,51.4,52.7,-0.05,94.6,6,2,0,0.78,44.8,0,0
6.46,0,1,62.3,52.7,45.9,-0.78,76.1,4,6,1,0.548,79.6,0,0
8.33,0,0,62.0,68.6,64.3,0.18,98.2,2,3,0,0.522,56.6,1,1
6.72,1,2,51.7,51.1,45.9,-0.41,95.4,2,12,2,0.754,82.0,0,0
6.55,0,0,56.6,36.3,44.8,-0.26,100.0,3,2,2,0.695,90.6,0,0
6.01,0,0,51.7,35.1,39.5,-0.57,98.2,3,0,0,0.512,52.2,0,0
7.07,0,0,66.3,84.4,50.9,0.79,97.4,2,0,1,0.627,56.8,0,0
7.51,0,0,62.6,74.8,35.2,-0.29,92.8,1,2,0,0.872,58.5,0,0
7.87,0,0,58.7,40.9,56.7,0.16,98.8,4,0,0,0.895,92.7,0,0
8.65,1,1,67.3,37.0,73.5,-0.22,73.7,4,0,1,0.53,51.6,0,0
8.18,0,0,67.1,66.0,64.9,-0.11,92.7,2,0,2,0.872,61.6,1,1
7.39,0,0,61.9,68.8,70.8,1.02,98.3,1,2,1,0.734,45.6,0,0
7.38,0,0,57.1,48.9,64.7,0.25,93.2,1,2,2,0.735,78.4,1,0
8.16,0,0,66.8,79.1,47.3,0.96,90.7,2,6,2,0.824,78.1,1,1
9.0,0,1,56.8,74.8,70.0,1.28,100.0,2,0,3,0.902,41.4,1,1
7.74,1,1,70.4,57.8,52.3,0.91,69.6,1,0,2,0.429,92.2,0,0
7.08,1,3,58.0,63.5,49.9,0.08,91.8,3,2,0,0.97,79.4,0,0
6.51,0,0,62.1,39.1,43.0,-0.28,94.1,2,0,2,0.731,57.1,0,0
6.01,0,0,45.1,37.1,48.1,-0.45,94.8,1,3,0,0.69,48.3,0,0
8.33,0,2,47.5,76.0,68.2,1.74,100.0,3,2,0,0.846,97.9,1,0
8.24,0,1,63.1,65.2,86.0,1.45,92.0,3,2,2,0.97,78.9,1,1
8.24,0,0,65.0,92.3,68.2,1.89,93.0,4,3,3,0.397,73.7,1,1
7.46,0,0,68.5,66.8,39.6,-0.41,99.9,2,0,0,0.691,89.1,1,0
9.15,0,2,51.6,84.4,66.4,1.14,95.7,1,0,1,0.535,75.6,1,0
7.07,2,1,56.2,52.0,60.7,0.37,97.7,2,0,2,0.407,58.7,0,0
8.65,0,0,77.7,82.4,39.8,0.88,95.5,4,2,3,0.576,40.1,1,1
7.56,1,1,52.6,53.6,31.5,-1.42,100.0,2,0,1,0.468,94.8,0,0
6.93,0,0,55.2,55.2,48.4,-0.07,93.1,2,0,2,0.755,89.5,0,0
8.25,0,0,60.0,52.9,81.1,0.96,97.8,1,0,3,0.639,69.7,1,0
8.05,0,0,56.8,78.1,85.1,0.96,100.0,6,0,1,0.71,74.0,1,1
7.99,0,0,60.0,67.0,57.0,0.43,95.9,5,0,2,0.802,85.7,1,1
7.69,0,0,53.4,87.3,76.4,1.09,94.7,3,0,2,0.711,66.3,1,1
7.56,0,0,68.8,91.6,57.0,0.23,99.3,2,2,2,0.799,62.2,1,1
10.0,0,0,76.2,95.7,57.4,1.16,100.0,4,0,1,0.763,65.1,1,1
8.9,0,1,63.2,73.9,71.7,1.14,64.8,3,3,2,0.764,74.7,1,1
8.4,1,4,90.2,54.1,54.6,0.15,100.0,3,2,1,0.707,87.8,0,0
7.72,0,0,73.8,72.6,74.2,1.41,97.2,4,2,2,0.633,56.3,1,1
8.71,0,0,49.7,73.7,69.0,0.81,98.5,2,0,1,0.561,66.5,1,1
8.17,0,3,57.5,72.4,40.0,0.88,65.4,5,2,0,0.623,39.1,0,0
7.63,0,0,64.2,83.1,29.6,0.04,99.3,4,2,2,0.852,100.0,1,1
7.27,0,1,61.5,43.4,51.8,0.43,97.0,3,0,1,0.69,70.6,0,0
7.51,1,1,42.2,44.7,11.6,-2.07,95.0,3,0,0,0.674,91.7,0,0
5.0,0,0,48.9,26.7,15.7,-2.0,100.0,2,3,3,0.64,55.1,0,0
7.83,0,2,73.2,72.6,63.1,1.22,94.6,3,3,0,0.818,91.0,1,0
7.06,1,1,61.4,60.5,30.7,-0.5,98.0,3,2,1,0.587,88.1,0,0
9.35,0,0,94.8,65.3,95.1,1.42,98.5,2,6,2,0.892,54.8,1,2
7.62,0,0,66.6,69.4,77.9,0.63,98.7,2,3,2,0.65,70.2,1,1
6.29,0,0,53.3,27.4,22.2,-1.14,100.0,3,0,0,0.882,55.4,0,0
7.55,0,0,79.1,46.3,50.2,0.18,97.1,5,2,0,0.537,76.9,1,0
6.45,0,0,62.7,44.3,60.3,0.31,96.7,2,3,0,0.886,94.7,1,0
8.12,0,0,56.1,56.6,62.4,0.36,100.0,2,2,0,0.538,79.9,1,0
7.92,0,0,71.8,74.6,34.9,-0.4,96.6,4,3,1,0.619,73.9,1,1
8.65,1,2,63.6,74.2,66.3,1.06,99.6,1,0,1,0.845,90.7,0,0
6.73,0,0,58.4,73.7,30.4,-0.65,97.6,6,0,0,0.767,69.5,1,0
7.64,0,0,67.1,55.6,76.6,0.71,99.8,3,2,4,0.706,88.5,1,1
6.1,0,0,29.4,40.4,49.1,0.26,99.2,5,3,2,0.761,50.6,1,0
8.37,0,0,67.3,84.0,59.8,0.34,95.8,4,3,1,0.633,80.8,1,1
8.17,0,0,69.9,63.6,65.6,1.09,91.5,4,0,2,0.938,79.3,1,1
8.15,0,0,61.2,85.5,39.2,1.03,92.0,1,3,1,0.641,61.9,1,0
7.6,0,0,64.8,66.2,42.7,0.44,91.5,2,0,1,0.885,60.5,1,0
8.06,1,1,75.2,30.7,89.6,1.05,96.7,2,3,3,0.656,52.8,1,0
9.36,0,4,78.3,94.5,78.3,1.75,38.4,4,3,2,0.711,62.5,0,0
7.29,0,0,60.6,67.9,69.2,0.78,96.5,3,2,1,0.858,91.2,1,1
7.75,0,0,79.1,73.6,62.2,0.03,97.4,1,2,4,0.781,74.5,1,1
6.41,0,0,54.7,18.7,65.5,-0.16,99.6,2,3,2,0.967,67.8,1,0
6.64,1,1,53.9,38.8,8.8,-1.78,98.5,1,0,1,0.668,56.4,0,0
7.71,0,0,50.6,51.5,54.1,-0.11,9.4,3,3,0,0.813,85.2,0,0
8.81,2,2,81.2,60.2,100.0,1.88,98.2,2,0,1,0.664,86.7,0,0
7.32,0,0,62.1,79.9,70.0,1.36,96.0,2,2,3,0.851,82.2,1,1
7.34,0,0,73.8,55.6,76.9,0.77,96.7,3,2,0,0.803,55.3,1,1
7.15,0,0,57.1,53.2,50.7,0.74,94.4,1,3,0,0.719,73.3,0,0
7.01,0,3,33.3,59.9,39.5,0.16,97.7,2,0,2,0.469,77.0,0,0
7.92,0,1,43.8,70.1,41.6,0.53,92.2,2,0,1,0.938,74.5,0,0
5.95,0,0,53.4,5.0,16.7,-2.15,79.2,5,3,0,0.52,43.3,1,0
9.01,0,0,68.2,65.1,87.6,1.79,94.1,2,2,2,0.719,77.7,1,2
6.87,0,0,58.9,30.8,56.7,-0.56,97.5,3,0,1,0.611,43.1,0,0
8.39,0,0,70.3,72.9,64.5,1.26,98.0,3,2,1,0.526,97.1,1,1
6.2,0,1,45.0,39.2,48.6,-0.37,100.0,3,0,1,0.526,55.7,1,0
8.34,1,1,67.2,66.9,67.6,0.55,61.0,2,3,2,0.582,92.9,0,0
8.34,1,1,58.0,37.6,82.4,0.8,96.0,1,2,3,0.27,69.4,0,0
8.02,0,4,65.0,58.9,78.4,1.03,98.6,1,0,2,0.942,71.6,1,0
6.51,0,0,43.0,62.2,23.9,0.33,100.0,2,2,2,0.856,73.5,0,0
7.87,1,2,59.3,81.4,64.4,1.35,96.9,3,0,1,0.913,70.4,0,0
6.3,0,1,44.1,54.3,10.5,-0.59,95.2,2,2,3,0.424,41.3,0,0
7.32,0,0,55.5,36.8,55.3,0.34,100.0,2,3,1,0.599,67.2,0,0
8.73,1,1,83.4,88.7,80.7,1.9,99.4,1,2,3,0.901,65.1,0,0
8.48,0,0,68.2,78.4,43.1,0.22,100.0,3,0,1,0.674,47.3,0,0
7.62,0,1,73.5,57.1,48.9,-0.57,83.6,4,3,2,0.822,61.1,0,0
6.53,0,0,68.7,18.5,43.5,-1.27,98.6,1,2,3,0.549,71.3,0,0
8.31,0,0,78.4,79.8,68.9,1.56,93.8,2,3,1,0.596,55.7,1,1
7.62,0,0,67.6,50.5,51.4,-0.06,93.1,2,0,4,0.517,70.0,0,0
5.05,0,0,39.4,35.4,4.5,-1.69,98.7,2,3,1,0.717,70.1,0,0
8.46,0,0,80.0,69.0,65.6,0.13,99.0,1,2,1,0.822,68.2,1,1
7.57,0,0,61.8,79.8,26.1,0.05,95.6,1,0,2,0.275,61.8,0,0
8.92,0,0,86.0,71.4,67.9,1.51,100.0,5,6,1,0.951,69.6,1,1
6.4,0,0,56.3,45.1,33.8,-1.36,95.9,3,0,2,0.715,69.7,0,0
5.0,0,2,30.7,52.1,22.6,-0.72,96.2,5,0,1,0.924,51.9,0,0
7.91,0,2,74.8,52.8,49.8,0.59,96.9,2,0,1,0.76,73.7,0,0
7.92,0,0,65.3,73.5,32.9,0.63,96.3,4,0,2,0.702,88.6,1,1
5.74,0,1,41.1,35.4,27.3,-1.28,100.0,4,2,0,0.864,60.0,0,0
6.52,0,0,44.5,32.7,60.0,0.26,93.9,4,2,0,0.855,79.4,1,0
10.0,1,1,87.0,85.0,100.0,3.0,94.7,1,3,3,0.487,58.2,1,1
7.26,0,0,69.6,64.6,96.1,2.02,63.6,3,3,2,0.933,71.0,1,2
8.4,0,0,79.7,86.4,96.3,2.87,100.0,3,3,3,0.839,60.9,1,2
6.88,0,0,58.1,71.4,26.1,-0.34,96.0,3,0,1,0.9,52.9,1,0
5.3,0,0,45.2,29.2,21.3,-1.26,94.7,3,2,2,0.777,67.3,0,0
7.41,0,1,74.4,42.7,53.5,-0.29,96.1,4,3,4,0.367,74.0,0,0
7.31,0,1,56.3,50.9,51.2,-0.01,99.5,5,0,1,0.649,73.3,0,0
7.16,0,0,43.2,37.2,52.2,-0.04,99.0,4,6,2,0.616,59.9,1,0
7.47,0,0,75.4,54.2,98.0,1.41,95.3,4,2,0,0.661,60.3,1,2
7.89,0,2,57.5,57.0,40.2,-0.26,95.8,3,3,1,0.493,80.5,0,0
7.43,0,1,51.1,67.0,41.4,0.39,92.6,3,3,1,0.715,58.2,0,0
6.21,0,0,25.5,12.4,69.1,0.62,97.4,2,0,1,0.865,74.5,0,0
8.13,0,0,73.2,54.2,51.5,-0.68,100.0,2,0,0,0.523,54.1,0,0
5.46,0,0,20.1,24.9,37.6,-0.18,95.3,4,6,1,0.655,62.5,0,0
5.34,0,0,29.4,50.4,47.8,-0.17,98.9,5,0,0,0.623,38.8,0,0
8.41,0,0,76.2,52.0,74.7,1.25,95.3,3,0,1,0.546,74.4,1,1
8.16,0,0,75.2,67.9,66.3,1.41,93.7,4,6,1,0.661,67.0,1,1
7.54,1,2,52.5,56.1,72.3,1.51,99.0,2,6,1,0.791,63.1,0,0
6.07,0,0,44.0,56.3,21.7,-1.09,100.0,2,0,3,0.473,87.5,0,0
6.82,1,4,42.7,58.4,37.9,-0.31,98.6,4,0,0,0.69,59.3,0,0
7.31,0,1,51.5,57.1,62.4,0.55,95.8,2,0,2,0.887,82.5,0,0
5.84,0,3,46.6,31.5,0.0,-2.22,96.0,1,2,1,0.599,74.8,0,0
6.79,0,0,46.9,23.7,71.9,0.68,100.0,2,2,0,0.717,91.7,0,0
8.32,0,1,65.2,70.0,70.3,1.09,97.9,2,0,1,0.832,93.6,1,1
9.17,0,0,59.1,83.3,77.8,1.02,94.7,2,0,3,0.887,61.9,1,1
7.14,0,0,70.0,31.5,21.3,-1.62,96.8,2,0,2,0.641,81.1,0,0
8.43,0,0,75.4,50.5,43.0,-0.85,97.6,5,0,0,0.894,100.0,1,1
5.49,0,0,49.5,39.0,23.8,-1.21,98.4,4,6,0,0.73,78.7,0,0
8.33,2,2,83.7,71.3,79.4,1.72,100.0,2,2,2,0.897,66.4,0,0
6.72,2,2,42.3,35.0,8.2,-1.99,100.0,3,3,1,0.594,48.9,0,0
7.94,0,0,60.1,54.3,74.4,0.75,97.6,2,6,3,0.576,43.1,0,0
7.33,0,0,35.5,29.9,46.4,-0.68,96.9,4,2,2,0.575,49.6,0,0
9.05,0,0,100.0,93.9,69.6,1.68,98.2,3,2,3,0.806,100.0,1,1
6.64,0,0,49.6,29.8,49.2,-0.27,95.2,3,12,0,0.727,71.3,1,1
8.29,1,1,80.4,73.8,69.3,1.5,62.0,3,3,0,0.862,74.5,1,0
7.29,0,0,43.1,54.7,39.7,0.66,48.7,2,3,3,0.746,62.7,0,0
7.43,2,3,71.2,74.7,65.4,1.11,98.5,4,2,1,0.756,78.7,0,0
7.4,0,0,81.3,45.3,12.0,-1.08,32.7,3,2,1,0.709,69.8,0,0
6.67,0,0,51.0,49.2,36.9,-1.09,98.7,4,6,2,0.947,55.2,1,0
7.58,0,0,48.7,34.7,58.8,-0.2,97.7,1,3,1,0.873,45.8,1,0
7.53,0,0,58.6,30.7,49.2,-0.56,95.4,3,2,3,0.813,41.2,0,0
7.87,0,0,36.9,69.9,26.5,-0.75,96.8,2,0,4,0.815,64.0,1,0
7.69,1,1,61.5,34.6,71.0,0.14,93.6,4,0,1,0.816,65.2,0,0
8.48,1,1,79.6,65.1,44.3,0.1,98.6,5,2,0,0.862,79.5,1,0
8.62,0,0,70.7,83.9,67.2,1.12,17.7,1,0,0,0.744,91.4,0,0
6.44,0,0,46.0,56.3,45.1,1.02,99.9,3,0,0,0.739,57.7,0,0
8.56,0,0,76.9,59.8,68.0,1.02,99.2,1,0,0,0.539,63.6,0,0
6.3,0,0,55.2,22.0,61.6,0.56,97.3,4,0,0,0.9,97.2,0,0
8.25,0,0,47.5,72.8,63.0,1.54,95.4,1,3,0,0.582,91.2,1,0
8.28,0,0,68.9,84.9,72.1,1.26,97.0,2,0,1,0.966,45.4,1,1
5.5,0,1,69.2,26.2,30.0,-1.18,91.7,2,6,2,0.872,94.3,0,0
7.7,0,1,46.0,48.5,68.5,0.41,90.2,3,0,4,0.745,60.0,1,0
7.08,0,3,54.8,45.6,75.1,0.67,54.0,2,3,0,0.746,65.7,0,0
6.77,0,0,76.0,57.4,48.7,-0.27,100.0,3,3,2,0.95,79.8,1,1
9.09,0,3,89.1,92.1,88.1,2.03,98.2,3,3,1,0.705,63.2,1,1
6.88,0,0,47.6,33.3,73.8,0.57,97.7,2,6,1,0.418,61.1,0,0
6.71,0,0,54.6,27.9,70.0,0.31,98.2,3,0,2,0.49,62.1,0,0
7.68,1,3,61.8,92.3,50.3,1.05,94.1,1,12,0,0.835,87.6,0,0
8.35,0,0,59.6,64.4,83.9,1.43,95.6,4,0,1,0.843,61.0,1,2
7.44,0,0,58.6,60.4,58.8,0.87,97.4,2,6,1,0.774,66.2,1,1
8.88,0,1,70.5,63.0,91.7,1.58,96.1,4,2,0,0.808,71.0,1,1
8.18,0,2,68.2,71.9,73.4,1.82,95.3,3,0,1,0.696,46.8,1,0
5.2,0,1,28.1,45.7,32.4,-1.42,96.2,3,3,0,0.901,73.5,0,0
7.02,0,0,39.9,56.4,57.0,0.64,97.1,2,3,1,0.758,86.2,0,0
6.98,0,0,54.3,76.2,53.4,0.89,100.0,2,0,0,0.739,70.5,0,0
8.13,0,4,86.9,59.8,67.8,0.54,96.0,3,3,0,0.318,63.9,0,0
5.0,0,0,36.0,26.3,22.1,-1.6,95.0,2,0,1,0.672,56.9,0,0
10.0,0,0,81.0,88.2,80.5,2.05,96.5,2,0,2,0.602,64.4,1,2
8.18,0,0,75.9,71.5,94.9,2.34,100.0,2,3,0,0.239,67.7,1,1
7.76,0,0,60.7,63.6,66.8,0.16,100.0,2,0,4,0.679,52.0,0,0
8.9,0,0,96.4,54.9,61.5,0.74,100.0,2,0,1,0.788,55.9,1,0
10.0,0,0,85.0,89.4,80.0,1.69,97.2,6,6,0,0.952,60.1,1,2
8.56,0,0,79.0,63.9,86.7,1.98,98.9,3,2,0,0.694,52.3,1,1
8.64,0,0,62.4,61.9,55.5,-0.29,93.8,4,2,2,0.732,72.5,1,1
7.74,0,0,68.5,60.6,31.2,0.59,95.9,1,2,2,0.53,78.9,0,0
7.44,0,0,62.7,43.4,29.0,-1.2,93.7,1,3,3,0.557,63.2,0,0
7.08,0,1,55.1,36.9,18.8,-0.76,98.4,3,6,0,0.937,65.2,0,0
6.69,0,0,45.9,12.0,21.9,-1.81,97.1,4,3,1,0.769,81.9,0,0
6.84,0,0,45.8,74.7,25.9,-0.58,76.6,3,3,3,0.879,69.0,1,0
6.11,2,3,49.5,50.0,63.3,0.55,94.5,3,0,2,0.553,82.5,0,0
7.52,0,0,67.7,56.0,54.4,0.69,99.6,1,0,0,0.581,49.4,0,0
5.75,0,0,40.9,28.9,27.4,-1.84,89.8,6,2,3,0.922,72.1,0,0
7.81,0,0,66.5,20.6,32.7,-0.95,85.5,3,2,2,0.531,84.0,0,0
7.56,1,1,60.1,48.0,53.1,0.05,96.7,1,0,1,0.379,100.0,0,0
7.76,1,2,63.8,70.4,26.9,-0.09,90.9,2,12,0,0.648,91.1,0,0
7.03,0,2,52.9,65.5,42.7,0.1,98.2,1,0,1,0.726,63.5,0,0
10.0,0,1,85.2,94.0,100.0,2.42,96.5,2,0,2,0.802,49.2,1,2
9.1,0,0,100.0,77.3,86.1,1.36,98.7,3,0,1,0.532,67.6,1,1
6.23,0,0,51.0,61.8,36.0,0.06,100.0,2,3,0,0.74,87.3,1,0
7.86,0,0,71.3,56.8,71.8,1.15,98.0,2,0,0,0.487,58.5,0,0
6.93,0,0,59.6,66.4,38.8,0.26,99.9,3,12,2,0.904,69.2,1,1
6.48,0,1,46.7,40.9,28.4,-0.75,100.0,3,12,0,0.907,60.2,1,1
6.13,0,0,61.8,30.0,69.2,0.57,98.5,3,0,2,0.753,71.0,0,0
8.08,0,0,62.3,49.7,41.3,0.27,94.4,3,2,2,0.701,75.3,1,1
6.85,1,1,66.2,35.5,40.8,-1.38,92.1,1,0,2,0.664,83.0,0,0
8.66,0,0,67.6,79.5,74.5,0.54,83.0,3,2,2,0.632,58.4,1,1
8.69,0,0,60.4,60.2,52.5,1.0,95.8,6,2,2,0.503,83.0,1,1
9.11,0,0,80.5,60.8,86.0,0.9,36.2,4,3,1,0.812,74.3,0,0
6.66,0,0,38.4,58.3,39.4,-0.6,95.6,2,0,1,0.852,56.1,0,0
8.12,0,0,72.7,68.9,74.4,1.12,97.0,3,12,0,0.652,75.3,1,1
8.3,0,0,53.6,79.7,75.1,0.84,93.5,2,6,1,0.577,72.6,1,1
7.08,0,0,52.0,60.0,45.6,-0.08,96.0,2,2,0,0.936,83.3,1,0
6.75,0,1,35.3,38.7,76.8,0.26,94.2,4,2,1,0.746,61.3,1,0
9.37,0,2,100.0,79.1,65.5,1.07,94.4,2,2,2,0.948,61.1,1,1
7.85,0,0,43.7,63.1,83.5,1.52,96.8,4,0,1,0.701,53.0,1,1
8.3,0,0,68.1,53.4,85.7,1.13,95.2,2,3,1,0.691,43.9,1,1
6.7,1,1,65.7,33.2,77.2,0.38,100.0,4,2,2,0.417,68.3,0,0
6.26,0,3,60.0,34.3,43.2,-0.47,36.2,2,0,2,0.659,68.7,0,0
6.97,0,0,65.0,80.2,34.5,0.57,57.9,3,2,0,0.651,47.3,0,0
7.46,0,0,55.8,51.3,91.9,2.07,96.7,2,0,1,0.622,79.7,0,0
6.43,0,1,65.5,63.0,36.1,-0.26,97.3,1,3,1,0.646,80.9,1,0
7.59,0,0,71.9,51.9,41.4,0.49,95.7,4,2,0,0.597,46.0,1,0
5.74,0,0,45.0,50.6,30.5,-0.29,100.0,4,0,2,0.607,64.3,0,0
6.37,0,0,51.6,57.7,23.7,-1.2,96.7,4,0,1,0.722,79.0,0,0
8.34,0,0,64.7,80.1,74.5,0.98,95.2,1,6,2,0.834,76.5,1,1
8.26,0,0,56.7,71.3,53.3,0.35,94.7,4,3,1,0.563,60.2,1,1
7.17,0,0,71.5,73.1,45.9,0.95,98.0,4,3,0,0.684,89.3,1,1
6.48,0,2,65.6,51.6,60.2,0.17,100.0,2,2,1,0.812,47.5,0,0
6.47,0,0,39.1,70.2,53.9,-0.18,100.0,3,0,1,0.353,63.3,1,0
7.19,0,0,55.0,31.4,51.6,-0.45,94.7,2,0,0,0.753,85.7,1,0
8.31,0,0,66.4,71.3,67.8,0.27,94.7,2,2,2,0.476,73.5,1,1
8.62,0,2,70.8,73.8,68.7,0.73,100.0,4,6,1,0.887,65.2,1,1
7.05,0,0,56.3,39.5,41.9,-0.74,100.0,2,2,2,0.853,99.8,0,0
6.33,0,0,59.7,52.8,40.9,-0.18,74.4,2,6,3,0.697,65.3,0,0
7.89,0,0,55.0,41.0,68.6,0.83,100.0,1,0,1,0.561,48.6,0,0
6.69,0,1,41.8,39.5,43.1,-0.19,92.6,3,3,1,0.728,53.8,0,0
7.03,0,0,70.1,24.3,56.9,-0.81,94.5,1,0,2,0.971,93.4,0,0
9.06,0,0,70.0,96.5,58.6,1.17,94.0,1,2,1,0.689,49.7,1,1
8.51,0,0,54.9,65.4,56.2,0.58,98.2,3,0,1,0.538,88.7,1,0
7.77,0,2,56.9,90.8,45.1,0.64,96.5,3,3,3,0.405,66.6,1,0
6.2,0,0,43.0,54.5,29.2,-0.7,70.7,2,2,1,0.684,99.3,0,0
7.83,1,1,82.0,67.4,82.2,0.77,100.0,5,2,1,0.626,80.4,0,0
8.77,1,2,83.8,63.3,83.3,0.94,95.0,4,0,2,0.884,72.7,1,0
7.19,0,2,70.6,39.4,31.9,-1.0,97.3,3,0,0,0.894,46.4,0,0
9.09,0,0,85.7,82.3,81.9,0.54,93.0,4,0,3,0.686,63.3,1,1
9.02,1,3,86.6,73.2,66.2,1.31,100.0,2,2,3,0.559,85.9,1,0
9.43,0,0,71.0,60.0,65.9,0.2,75.0,3,0,1,0.796,99.3,1,1
7.94,0,0,62.0,41.1,33.5,-0.47,98.1,4,0,0,0.77,49.6,0,0
8.25,0,2,55.6,52.3,81.4,1.34,97.4,1,2,1,0.53,60.4,0,0
9.16,0,0,74.0,100.0,50.3,0.9,86.1,4,0,1,0.56,54.5,1,1
8.09,0,0,74.1,95.0,61.2,1.77,92.8,2,2,1,0.779,73.3,1,1
7.05,0,0,57.1,55.4,32.6,-0.16,97.9,3,0,0,0.531,81.7,0,0
7.11,0,0,71.8,55.3,64.2,0.47,99.3,2,12,1,0.69,65.6,1,1
7.86,0,0,49.9,56.8,53.3,0.09,100.0,3,3,1,0.9,69.1,1,0
6.18,0,1,52.8,29.9,36.7,-0.45,95.8,3,2,2,0.618,83.1,0,0
7.44,0,2,44.4,76.1,52.5,0.76,97.8,2,6,4,0.823,78.5,1,1
8.81,0,0,74.2,98.1,76.1,2.36,100.0,3,6,0,0.911,53.0,1,2
5.19,0,0,45.8,19.6,27.5,-2.38,100.0,3,0,0,0.856,56.0,0,0
9.29,1,3,75.3,76.0,75.7,1.47,95.1,4,0,0,0.561,83.5,0,0
8.83,0,0,80.0,65.9,61.7,0.11,79.0,3,0,3,0.65,74.3,1,1
7.09,0,0,44.4,47.2,21.8,-1.01,95.4,2,0,1,0.703,80.1,0,0
8.2,0,0,47.0,81.8,43.2,0.77,94.3,3,3,3,0.403,46.9,1,1
7.6,0,0,67.7,40.3,69.2,1.12,100.0,3,2,3,0.971,85.2,1,1
8.95,0,0,95.5,80.0,66.9,0.86,97.2,5,6,0,0.7,63.4,1,1
8.68,0,0,59.9,80.7,57.2,0.71,96.8,2,2,1,0.918,78.8,1,1
6.06,0,0,60.3,39.7,12.4,-1.52,97.7,1,3,1,0.339,70.7,0,0
8.25,0,0,68.0,78.2,33.0,-0.33,97.2,3,0,1,0.515,85.8,0,0
7.37,0,0,42.7,58.2,40.8,0.27,96.3,3,2,1,0.793,77.9,0,0
7.69,0,1,48.3,76.6,73.3,1.34,94.7,5,2,1,0.712,65.9,1,1
6.8,1,1,53.2,28.5,36.6,-0.88,100.0,1,3,2,0.685,61.9,0,0
9.52,0,0,75.4,74.9,86.5,2.02,95.3,3,3,1,0.645,72.1,1,2
8.74,0,0,56.7,70.2,59.1,0.72,94.2,2,0,1,0.696,64.6,1,0
6.79,1,3,32.5,12.2,57.9,-0.9,96.8,3,0,1,0.795,96.0,0,0
6.13,0,0,36.2,27.2,32.3,-1.12,100.0,4,0,0,0.718,56.3,0,0
7.18,0,2,59.1,42.5,28.9,-1.21,94.5,4,3,1,0.655,73.1,0,0
8.08,0,0,65.7,77.1,57.1,0.88,99.1,4,0,1,0.753,59.9,1,1
7.86,1,3,57.6,51.6,92.4,1.85,96.3,3,0,0,0.859,91.1,0,0
8.98,0,0,77.2,62.3,100.0,1.47,97.7,3,3,2,0.921,84.4,1,2
8.47,0,0,82.2,79.6,75.4,0.89,71.4,3,0,2,0.525,46.9,1,1
8.67,2,1,76.4,47.7,66.5,0.52,91.8,3,0,0,0.907,73.8,0,0
7.96,0,0,63.1,33.6,66.0,-0.14,94.3,4,3,1,0.65,73.7,1,1
6.07,0,0,56.9,36.7,43.6,-0.5,99.7,2,12,0,0.849,65.9,1,1
7.38,0,0,47.3,36.0,52.9,-0.09,97.3,2,0,0,0.646,73.9,0,0
8.77,0,1,70.0,51.7,78.1,0.12,97.6,3,3,1,0.724,79.9,0,0
7.54,0,0,58.0,66.0,59.3,0.94,99.1,4,0,1,0.544,77.4,0,0
8.15,0,0,51.7,77.0,57.2,0.37,94.3,4,0,0,0.621,47.1,1,0
7.25,0,0,52.5,65.8,30.5,-0.31,77.9,1,2,0,0.783,40.9,0,0
6.47,0,0,24.8,61.7,34.3,-0.53,99.5,2,3,2,0.854,24.2,0,0
7.46,0,0,82.6,74.5,69.0,0.96,90.7,5,6,1,0.627,66.7,1,1
7.94,0,0,53.2,32.5,59.7,0.61,98.4,2,0,3,0.917,60.2,1,0
6.88,0,0,72.8,57.0,53.0,0.38,100.0,1,3,0,0.309,72.4,0,0
7.34,0,0,58.9,48.3,48.0,0.26,95.2,2,0,0,0.624,62.1,0,0
6.57,0,0,57.4,36.8,24.7,-1.08,99.0,5,6,3,0.945,66.7,1,1
8.83,0,0,67.4,80.0,66.7,1.47,100.0,2,0,1,0.808,70.3,1,1
7.28,0,0,60.3,30.8,33.9,-0.8,98.9,3,3,0,0.885,40.7,0,0
9.2,0,0,84.8,51.7,55.8,0.33,96.3,3,0,1,0.801,82.7,1,1
9.28,0,3,85.8,86.0,98.1,2.84,84.6,3,6,1,0.565,68.7,1,2
7.51,0,0,69.4,64.4,47.6,0.3,97.7,2,0,2,0.707,52.1,1,0
6.49,1,1,45.5,48.3,29.5,0.19,100.0,2,0,0,0.615,67.1,0,0
5.31,0,0,32.3,21.0,57.8,0.0,95.7,4,3,3,0.757,53.5,1,0
5.98,0,0,25.7,51.2,51.4,-0.38,87.1,3,6,1,0.613,78.5,0,0
6.09,0,0,52.2,51.5,31.4,-0.66,76.8,1,12,2,0.842,77.5,0,0
9.12,0,0,89.2,76.5,82.1,1.82,98.0,2,0,2,0.838,69.8,1,2
7.73,1,3,81.7,43.5,53.5,-0.01,95.2,2,0,0,0.686,69.5,0,0
8.03,0,3,68.9,57.4,48.9,0.4,100.0,2,6,3,0.756,86.7,1,0
5.16,0,1,27.4,43.5,35.4,-0.31,66.1,3,0,0,0.525,82.9,0,0
6.28,0,0,27.5,62.7,34.5,-0.78,93.7,2,3,0,0.818,47.2,0,0
8.58,0,0,83.3,64.8,69.3,1.48,97.3,4,2,1,0.518,62.2,1,1
7.92,0,0,42.6,58.6,78.4,0.94,98.6,3,3,4,0.713,80.5,1,1
7.44,0,3,55.3,54.6,70.7,0.55,96.9,3,2,1,0.552,85.8,0,0
8.22,0,0,64.5,69.3,53.8,0.31,94.6,2,2,4,0.861,100.0,1,1
9.4,0,0,78.2,70.3,86.5,1.99,100.0,2,3,1,0.693,81.5,1,2
7.36,0,0,59.0,15.4,33.0,-1.44,45.8,3,2,2,0.595,45.5,0,0
7.68,0,0,63.4,76.1,65.2,0.82,92.1,2,3,1,0.76,67.1,1,1
7.81,0,3,34.1,86.1,61.4,1.01,94.4,3,2,0,0.834,83.0,1,0
10.0,0,0,85.2,76.4,91.8,1.26,96.5,3,3,3,0.385,46.2,1,2
5.29,0,0,11.2,18.3,23.1,-1.94,95.4,1,3,0,0.897,76.2,0,0
8.35,0,0,77.3,64.9,100.0,1.5,98.6,1,3,2,0.972,62.4,1,1
7.47,0,1,53.1,54.6,38.5,-0.39,12.4,2,6,2,0.1,78.7,0,0
8.22,0,0,41.4,79.4,81.2,1.96,95.9,4,0,2,0.9,83.0,1,2
6.88,2,1,44.0,51.4,29.0,-0.45,27.3,2,3,2,0.749,56.6,0,0
7.55,0,0,53.6,46.9,64.6,0.92,92.6,4,6,1,0.785,95.5,1,1
8.38,1,2,83.1,48.8,76.0,1.25,98.4,3,0,1,0.256,44.4,0,0
10.0,0,1,87.4,97.1,86.0,2.04,95.2,1,3,2,0.839,79.7,1,2
8.49,0,0,74.0,76.8,58.0,0.87,98.4,4,0,3,0.723,89.1,1,1
6.67,0,0,65.8,63.2,47.5,0.2,91.7,5,0,0,0.74,75.0,0,0
